Ticker,Alpha,Beta_MKT,Beta_SMB,Beta_HML,Beta_RMW,Beta_CMA,R_squared,Adj_R_squared,ResidVar,N_obs,Weight
DOW,-0.015577561249182059,1.0419025636617363,0.40430870348879955,0.6545976909521615,0.5366346691907387,0.1690882313085678,0.5984020149014713,0.5708953035933528,0.00353918186744056,79,0.08134598824779114
EMR,-0.0034917325748701007,1.2482335391220154,0.086748927742982,0.12776370002885098,0.5508986299661441,0.3204054023421685,0.5636476454720452,0.5584898162223058,0.002058186613711854,429,0.08134598824779114
ITW,-8.548286484920872e-07,1.0998646660149074,0.10994683717849839,0.19135894244963508,0.5010479944516144,0.09283678057551888,0.4826245672872812,0.476509018437249,0.002312340930961551,429,0.08134598824779114
PPG,-0.0044047347684181394,1.1835890358597219,0.2400552947868542,0.15625294407649132,0.6167118619806693,0.34151204709163835,0.514445188931127,0.508705770360573,0.002359058041054178,429,0.08134598824779114
PH,-0.0004700038927287265,1.4016826226681105,0.3900148633626268,0.30629677624477575,0.760409893753801,0.11071762428106895,0.5012255533910399,0.49532987435310893,0.003740263651497143,429,0.07812042104749155
PSX,0.0017256030003293039,1.2892400215482631,0.054345596444516385,0.9608922848394813,-0.20894206890736447,0.44926331204203357,0.5144121268595134,0.4988484129768056,0.0043694659610920075,162,0.07204831178388017
MET,0.0003666695376973503,1.1625025629101173,0.18174340675234285,1.155332292126573,-0.04519940774165735,-0.05452206227844067,0.6207147558170291,0.6143933350806462,0.0027660362120293007,306,0.07198405388774244
EMN,-0.006333658594397261,1.4027191309310039,0.31139353266787995,0.6432910810460737,0.5779747984655091,0.08343940881544584,0.4805649825492888,0.4736576019980825,0.004554023487737911,382,0.06569378461335801
DOV,-0.0009930361486741208,1.2236802246865754,0.1032101482543611,0.16514476872060266,0.2931585561863642,0.1978209582341498,0.48673205726973046,0.48066506031074385,0.002821419487494703,429,0.06530576723433938
BEN,-0.0037251083999598885,1.509037456485314,0.23042786512273872,0.4529421069275763,0.38917347566035115,0.2275277497812041,0.49618040066341385,0.4902250862504518,0.004388383191153404,429,0.06324554694272155
MAS,-0.006226642621398222,1.4727615367861013,0.3811393855913004,0.6360092181258351,0.7014116411460808,-0.04835993629043888,0.4914763634756516,0.4854654457862385,0.00462739861039149,429,0.06023433211510139
ALLE,0.0023176106463949886,0.9366946968547882,0.5298145882970748,0.19257727103490327,0.4149395541132314,-0.054930194217648075,0.5029071948961474,0.4847651217171748,0.0024805568968899665,143,0.05767992912665838
GL,-0.0009879195997907566,1.0324144741486996,-0.22408076950491485,0.9660806327757788,0.34631616645549196,-0.24741452293548352,0.47968741742748544,0.47353715049400413,0.002835957527192385,429,0.051012290802195596
HLT,0.0023587169085330017,1.1621766459782246,0.17895270168138525,0.26219664081039534,0.33254567055030404,-0.054116721169770524,0.526677761841907,0.5092762089684476,0.0027479020246630147,142,0.04320953429551044
TROW,0.000489264577240852,1.5284356971885737,0.07873338871636777,0.14476340079840777,0.2289269820853344,0.15262739987232893,0.537233448697491,0.531763394899589,0.0036620847061913796,429,0.04172529269227417
MAR,0.0011810287575873696,1.3113552140700229,0.22569012139228364,0.6843388272398216,0.3514222074876611,-0.20225314199412653,0.5262352496156576,0.5189465611482063,0.0037247244849742396,331,0.03919796067699284
VICI,0.000709395414535612,0.802951676438908,0.24652542642415015,0.46752760217019546,0.3467759313011057,-0.23941275308029378,0.5019405411325115,0.47331643430104664,0.002542943528973644,93,0.03465014124683392
HPE,-0.0006542658362745944,1.3479195516536722,-0.11556151656087456,0.48463263697637665,0.01593733710393571,0.09809232930834623,0.4788557642315575,0.4559985609083802,0.004506442485654373,120,0.029739685982575703
NWS,-0.006444131280405798,1.3109399079107182,0.15004372685932468,0.27486319659180414,0.2825863090308183,-0.0471896168058938,0.48830819919257384,0.47029088226273486,0.0038686776823986537,148,0.029321724981456347
AXP,0.000982301794358899,1.3523256282271123,-0.11901932776556282,0.711717475472385,-0.055072870948400875,-0.08055804997104579,0.48366110700358445,0.4775578103960618,0.003979506895739771,429,0.023136403282767996
MPC,0.006127447175239701,1.522456442206835,0.017887023724683968,1.3087224699722033,-0.2720371166716115,-0.1660247816281201,0.5198564466760799,0.5053942914554799,0.006041185415271273,172,0.021843132020823792
PFG,-0.0007042402942007639,1.50835969757633,0.28868629640870214,1.2414662071771077,0.21709041176145255,-0.3916157398415491,0.49101399861580464,0.481989424123177,0.0070484296278655965,288,0.021578740448218135
AMP,0.00367156842076011,1.5202730905899833,0.13712368202753888,0.7486524604180244,-0.09302420199551195,-0.2352713931812447,0.7006257460725083,0.6942560810953275,0.0026076950177690837,241,0.019670898850274572
TFC,0.0006903363373560915,0.8664359662873102,0.036289392466853344,1.4623310220935777,-0.013082300887312073,-0.5646048384934182,0.48691517614895363,0.4808503437157261,0.0031757547028694365,429,0.017227090899715584
APTV,-0.003319744547837173,1.5217443737307248,0.8685346055109053,0.218732152357049,0.8083295280553425,-0.5264640964743592,0.5522839722341951,0.5383797477694185,0.004926244985022491,167,0.016117233835615533
PNC,0.0004404131264766549,1.0468046776343687,-0.0021023592518768955,1.3153088063346803,-0.06460124688577461,-0.5055799862042777,0.5157419991468977,0.5100179093022983,0.003143985242899828,429,0.01280502690686787
IR,0.0007802008654121278,1.2676675092409115,0.3415823742176604,0.3837851767611131,0.5463016094936011,-0.4607481054039277,0.6048791718599695,0.584083338799968,0.0033919812276598407,101,0.012507835059171664
STT,-9.744457385464727e-05,1.4319508081393586,-0.2679796574235839,0.7970059382043495,-0.07014364599582212,-0.22845372142826365,0.4941947998398386,0.48821601496796907,0.004286706201195011,429,0.009225284195390678
IVZ,-0.0007678914880177314,1.6480038696830535,-0.06994517462244891,0.6823028957586744,-0.6744014009891175,0.13462257217369394,0.5201598046474176,0.5134204760610049,0.006209082126093959,362,0.007882051474121339
WFC,0.002430274983625088,1.0817385994091757,-0.20482811827881503,1.463642407231825,0.12311483824564448,-0.6933787412090169,0.5269612144677549,0.5213697394614636,0.0032776620518812248,429,0.00638805881033183
CFG,0.004647929176409969,1.2247639227118472,0.7149793660845492,1.5824775013302912,-0.4585586938774407,-0.6366843563898981,0.7866649517797277,0.7782659341332603,0.0022582679072289703,133,0.0030655137964044517
MTB,0.004122611187116537,0.7083474947928362,0.09649191460057112,1.4075428408593835,-0.08868750640646185,-0.6727917172538883,0.4832676987173705,0.47715975189369875,0.0026078680244494335,429,-0.0017085429637110298
SYF,0.003173832466312421,1.3496838914553486,0.6835443982296316,0.856450341646417,-0.12605686385699166,-0.5707208985832186,0.6030546803410497,0.5876692028348889,0.004236121202006803,135,-0.00341780324009467
GM,-0.0038052205398472613,1.3076726010733362,0.33999110423417656,0.6837059563513325,-0.3418298926148961,-0.32799007905476246,0.5048143470304409,0.4905026229561762,0.0044437790284015954,179,-0.003907242961855034
ACN,0.003525322082448685,1.1047748987742319,0.18221043742094903,-0.4624282067079201,0.07562198309221302,-0.0003119616119952303,0.4884975604463271,0.47952383343661353,0.0027489942497602882,291,-0.007437357712657984
CBRE,0.005634920090672519,1.5481218001601302,0.8204210404967573,0.9118427806402063,0.040314765754621666,-0.9206212737671234,0.5549243867371483,0.5460228744718914,0.0064566189956126365,256,-0.008194815303568385
COF,0.006134645141975061,1.3502015338319735,-0.16961261734821692,1.821539194335188,-0.5723268960359684,-0.9847009359243704,0.5224724951828925,0.5159310225141651,0.005949078486713095,371,-0.01356054689088984
TEL,0.0011837087070266652,1.374197951584857,0.3483108347264569,0.38295075527497996,0.22897782492235239,-0.635820510221982,0.6480478511389822,0.6398246700908277,0.0028608171671795704,220,-0.015051615185466353
XYZ,0.006895006941552015,2.5159944411008093,0.6195618462049581,-0.3350650063832855,-1.4711716930528806,-0.3904004173099166,0.5714630799908228,0.5525012693709477,0.013612578536744063,119,-0.01594614796806537
FTV,-0.006356830422014496,1.023175313197879,0.16932941981062188,0.26418036563661945,0.24981891250979296,-0.48639637037153716,0.6098500673250462,0.5912714991024294,0.001887549277410612,111,-0.016521248739036962
JPM,0.005764777475857849,1.2128487251245945,-0.14537842983923993,1.2227887010886773,-0.7647809892760268,-0.5840021396217375,0.5310207642028024,0.5254772744179655,0.0038875695578334986,429,-0.019911545520000972
BX,0.0045043442883556046,1.6584404563901334,-0.010945837827566118,0.5517040662965254,-0.3981272827041437,-0.628586276129372,0.5947579598488724,0.5852896878827245,0.005003199487212212,220,-0.020100221273709293
MS,0.004026385869139544,1.5361782092329017,-0.36340275600983046,0.6502056188910612,-0.79840068884134,-0.3944164189732249,0.5395096510070153,0.5335447501133238,0.004970597106677733,392,-0.020260315203088335
C,-0.0008293990337367873,1.6487241107352717,-0.47416055012095787,1.7533097975550107,-0.7170008760174993,-0.9828049190062111,0.6036157529786789,0.598930359987883,0.00498385022369782,429,-0.021894705889647526
KKR,0.0030573265399196615,1.6059814397506407,-0.06727088083049895,0.33161802233041465,-0.24976628383690092,-0.541490567908039,0.561240730630619,0.5488464009874161,0.004100878288507279,183,-0.022091023544391367
GS,0.004977552654210187,1.3188983382881985,0.024854632397440037,0.5891977214920714,-0.5287524352444841,-0.4811812329602653,0.5739534765299206,0.5671038539660929,0.003641718935833339,317,-0.02295498472233921
BAC,0.0010306440258862576,1.3215289444986074,-0.24584981073419096,1.9851787230672535,-0.5661778106069528,-1.2711418866926718,0.5510737746424292,0.545767318077919,0.005075666729834859,429,-0.02407051435611577
COIN,0.026379683626783414,3.1860672150354294,1.1072371451883047,0.262336589333741,-3.1669356850161465,-2.03945464255045,0.6678193396545591,0.6332171875352424,0.02562818958092275,54,-0.0244821706220464
CRWD,0.026673229432553805,1.3723179891245407,-1.1392749545571617,-0.5912230404967053,-2.437620265208531,-0.8392339756107158,0.4873518835642241,0.45073416096166874,0.01278789629948685,76,-0.03804734672985875
