Date,RF,Mkt-RF,SMB,HML,RMW,CMA,Mkt
1963-07-01,0.002700,-0.003900,   -0.48,   -0.81,    0.64,   -1.15,-0.001200
1963-08-01,0.002500,0.050800,   -0.80,    1.70,    0.40,   -0.38,0.053300
1963-09-01,0.002700,-0.015700,   -0.43,    0.00,   -0.78,    0.15,-0.013000
1963-10-01,0.002900,0.025400,   -1.34,   -0.04,    2.79,   -2.25,0.028300
1963-11-01,0.002700,-0.008600,   -0.85,    1.73,   -0.43,    2.27,-0.005900
1963-12-01,0.002900,0.018300,   -1.89,   -0.21,    0.12,   -0.25,0.021200
1964-01-01,0.003000,0.022700,    0.10,    1.63,    0.21,    1.48,0.025700
1964-02-01,0.002600,0.015500,    0.33,    2.81,    0.11,    0.81,0.018100
1964-03-01,0.003100,0.014100,    1.41,    3.29,   -2.03,    2.98,0.017200
1964-04-01,0.002900,0.001100,   -1.48,   -0.54,   -1.32,   -1.13,0.004000
1964-05-01,0.002600,0.014100,   -0.62,    1.81,   -0.15,    0.13,0.016700
1964-06-01,0.003000,0.012700,    0.13,    0.68,   -0.33,    0.10,0.015700
1964-07-01,0.003000,0.017400,    0.50,    0.79,    0.15,    1.85,0.020400
1964-08-01,0.002800,-0.014400,    0.29,    0.07,    0.15,    0.31,-0.011600
1964-09-01,0.002800,0.026900,   -0.34,    1.72,   -0.50,    0.56,0.029700
1964-10-01,0.002900,0.006000,    0.90,    1.08,   -0.20,    0.52,0.008900
1964-11-01,0.002900,-0.000100,   -0.24,   -2.04,    0.71,   -0.16,0.002800
1964-12-01,0.003100,0.000400,   -0.65,   -2.43,    0.95,   -1.55,0.003500
1965-01-01,0.002800,0.035400,    2.50,    0.36,    0.94,   -0.02,0.038200
1965-02-01,0.003000,0.004400,    3.24,    0.22,    0.26,   -0.62,0.007400
1965-03-01,0.003600,-0.013400,    2.08,    1.15,   -0.29,    0.65,-0.009800
1965-04-01,0.003100,0.031100,    1.14,    0.73,    0.29,   -2.27,0.034200
1965-05-01,0.003100,-0.007800,    0.05,   -1.55,   -0.42,    0.59,-0.004700
1965-06-01,0.003500,-0.055100,   -4.20,    0.23,    0.24,    0.43,-0.051600
1965-07-01,0.003100,0.014400,    1.10,    2.19,   -1.41,   -0.08,0.017500
1965-08-01,0.003300,0.027300,    2.77,   -0.98,    2.03,   -0.81,0.030600
1965-09-01,0.003100,0.028600,    0.70,   -0.14,   -0.85,    0.73,0.031700
1965-10-01,0.003100,0.026000,    3.45,    1.55,    1.19,   -0.76,0.029100
1965-11-01,0.003500,-0.000200,    5.22,    0.16,   -1.08,   -0.87,0.003300
1965-12-01,0.003300,0.010100,    2.62,    2.15,   -1.30,   -0.55,0.013400
1966-01-01,0.003800,0.007200,    4.85,    3.27,   -2.65,   -0.26,0.011000
1966-02-01,0.003500,-0.012100,    4.79,    0.38,   -0.16,   -1.45,-0.008600
1966-03-01,0.003800,-0.025100,    0.21,   -2.13,    1.29,   -0.05,-0.021300
1966-04-01,0.003400,0.021300,    3.33,   -0.36,    0.42,   -0.92,0.024700
1966-05-01,0.004100,-0.056700,   -5.11,   -1.60,    1.64,   -1.48,-0.052600
1966-06-01,0.003800,-0.014400,    1.32,    0.49,    0.08,    0.79,-0.010600
1966-07-01,0.003500,-0.016300,   -0.38,    0.91,   -0.38,    1.74,-0.012800
1966-08-01,0.004100,-0.079400,   -3.15,    0.50,   -0.64,    0.77,-0.075300
1966-09-01,0.004000,-0.010600,   -1.02,    0.48,   -1.19,    2.35,-0.006600
1966-10-01,0.004500,0.038600,   -6.48,    2.74,   -3.91,    4.23,0.043100
1966-11-01,0.004000,0.013800,    3.34,   -4.63,    4.66,   -6.51,0.017800
1966-12-01,0.004000,0.001300,    1.88,   -0.95,    0.17,   -0.16,0.005300
1967-01-01,0.004300,0.081500,    8.98,    2.36,    1.29,   -3.06,0.085800
1967-02-01,0.003600,0.007700,    3.01,   -2.26,    1.66,   -0.93,0.011300
1967-03-01,0.003900,0.040000,    1.77,    0.47,    0.82,   -1.50,0.043900
1967-04-01,0.003200,0.038900,    0.43,   -2.29,    3.09,   -3.72,0.042100
1967-05-01,0.003300,-0.043200,    2.45,    0.80,   -1.19,    1.62,-0.039900
1967-06-01,0.002700,0.024200,    6.42,    0.80,   -0.84,   -2.49,0.026900
1967-07-01,0.003200,0.045800,    3.58,    2.75,    0.45,    2.66,0.049000
1967-08-01,0.003100,-0.009000,    0.77,    1.43,    0.30,    1.35,-0.005900
1967-09-01,0.003200,0.031100,    2.43,   -2.47,    0.22,   -0.93,0.034300
1967-10-01,0.003900,-0.030800,    0.57,   -3.29,    0.97,   -2.74,-0.026900
1967-11-01,0.003600,0.003700,   -0.06,   -1.71,    1.31,   -2.28,0.007300
1967-12-01,0.003300,0.030500,    5.59,   -0.54,   -0.74,   -0.03,0.033800
1968-01-01,0.004000,-0.040300,    4.68,    4.85,   -4.89,    6.46,-0.036300
1968-02-01,0.003900,-0.037400,   -2.92,    1.23,   -0.08,    2.46,-0.033500
1968-03-01,0.003800,0.002100,   -1.55,   -0.63,    1.07,   -1.15,0.005900
1968-04-01,0.004300,0.090100,    6.17,   -1.10,    2.79,   -3.73,0.094400
1968-05-01,0.004500,0.022800,    6.97,    0.82,    0.49,   -1.92,0.027300
1968-06-01,0.004300,0.007000,   -0.33,    0.66,   -1.56,    2.80,0.011300
1968-07-01,0.004800,-0.026900,   -1.39,    5.31,   -3.18,    3.79,-0.022100
1968-08-01,0.004200,0.013500,    2.33,    0.99,   -0.66,    0.47,0.017700
1968-09-01,0.004300,0.040500,    2.81,    0.30,   -1.94,    0.87,0.044800
1968-10-01,0.004400,0.004400,   -0.43,    2.82,   -1.36,    2.84,0.008800
1968-11-01,0.004200,0.054200,    2.39,   -0.96,    0.44,   -2.51,0.058400
1968-12-01,0.004300,-0.039300,    3.55,    0.04,   -1.91,    1.93,-0.035000
1969-01-01,0.005300,-0.012500,   -0.42,    1.66,   -1.52,    1.29,-0.007200
1969-02-01,0.004600,-0.058600,   -4.16,    0.89,    1.99,    0.75,-0.054000
1969-03-01,0.004600,0.026700,   -0.51,   -0.42,   -1.34,   -0.44,0.031300
1969-04-01,0.005300,0.014700,   -0.78,    0.02,    0.28,   -0.16,0.020000
1969-05-01,0.004800,-0.001000,   -0.18,    0.62,   -0.87,    1.05,0.003800
1969-06-01,0.005100,-0.071800,   -5.47,   -1.10,    4.27,   -1.63,-0.066700
1969-07-01,0.005300,-0.070000,   -3.39,    1.18,    1.51,    1.84,-0.064700
1969-08-01,0.005000,0.046900,    0.58,   -3.75,    1.06,   -3.98,0.051900
1969-09-01,0.006200,-0.029700,    1.29,   -3.22,    3.36,   -0.62,-0.023500
1969-10-01,0.006000,0.050500,    3.91,   -3.12,    0.08,   -2.08,0.056500
1969-11-01,0.005200,-0.038000,   -2.42,   -1.25,    1.40,    0.21,-0.032800
1969-12-01,0.006400,-0.026300,   -3.72,   -2.88,    2.55,   -1.92,-0.019900
1970-01-01,0.006000,-0.081100,    3.08,    3.17,   -1.75,    3.96,-0.075100
1970-02-01,0.006200,0.051400,   -2.57,    3.69,   -2.41,    2.87,0.057600
1970-03-01,0.005700,-0.010600,   -2.42,    4.08,   -1.06,    4.42,-0.004900
1970-04-01,0.005000,-0.109900,   -6.34,    6.14,   -0.63,    5.90,-0.104900
1970-05-01,0.005300,-0.069100,   -4.46,    3.32,   -1.29,    3.79,-0.063800
1970-06-01,0.005800,-0.058000,   -2.10,    0.44,    0.14,    2.71,-0.052200
1970-07-01,0.005200,0.069200,   -0.66,    0.93,   -0.30,    1.72,0.074400
1970-08-01,0.005300,0.045000,    1.44,    1.41,    0.57,   -0.14,0.050300
1970-09-01,0.005400,0.041800,    8.50,   -5.41,    0.25,   -5.98,0.047200
1970-10-01,0.004600,-0.022800,   -4.36,    0.21,    1.81,    2.25,-0.018200
1970-11-01,0.004600,0.046200,   -3.88,    1.58,    1.53,    1.39,0.050800
1970-12-01,0.004200,0.057400,    2.89,    1.04,    0.28,    0.30,0.061600
1971-01-01,0.003800,0.048300,    7.44,    1.55,   -2.02,   -0.06,0.052100
1971-02-01,0.003300,0.014100,    2.01,   -1.24,    0.64,   -0.80,0.017400
1971-03-01,0.003000,0.041200,    2.22,   -3.95,    1.78,   -2.65,0.044200
1971-04-01,0.002800,0.031500,   -0.36,    0.86,   -1.46,    0.85,0.034300
1971-05-01,0.002900,-0.040000,   -1.12,   -1.33,    1.49,    0.20,-0.037100
1971-06-01,0.003700,-0.000900,   -1.51,   -1.97,    1.58,   -1.67,0.002800
1971-07-01,0.004000,-0.044900,   -1.43,   -0.02,    0.58,    1.39,-0.040900
1971-08-01,0.004700,0.037900,   -0.23,    2.64,   -0.43,    2.59,0.042600
1971-09-01,0.003700,-0.008600,    0.26,   -2.90,    2.54,   -1.58,-0.004900
1971-10-01,0.003700,-0.044200,   -1.59,   -0.51,    1.56,   -1.39,-0.040500
1971-11-01,0.003700,-0.004600,   -2.86,   -1.67,    2.41,   -0.44,-0.000900
1971-12-01,0.003700,0.087100,    3.24,   -0.38,   -0.43,   -1.68,0.090800
1972-01-01,0.002900,0.024700,    6.09,    2.12,   -1.69,    0.54,0.027600
1972-02-01,0.002500,0.028700,    0.87,   -2.83,    1.69,   -0.50,0.031200
1972-03-01,0.002700,0.006200,   -0.47,   -1.61,    1.58,   -0.20,0.008900
1972-04-01,0.002900,0.002900,    0.27,    0.03,   -0.41,   -1.06,0.005800
1972-05-01,0.003000,0.012900,   -3.12,   -2.72,    2.40,   -1.97,0.015900
1972-06-01,0.002900,-0.024600,   -0.43,   -2.46,    1.78,   -0.35,-0.021700
1972-07-01,0.003100,-0.008000,   -2.79,    0.60,    1.20,   -0.71,-0.004900
1972-08-01,0.002900,0.032700,   -3.46,    4.56,   -2.04,    2.90,0.035600
1972-09-01,0.003400,-0.011400,   -2.24,    0.49,    1.65,   -1.97,-0.008000
1972-10-01,0.004000,0.005200,   -2.55,    1.22,   -0.11,    0.03,0.009200
1972-11-01,0.003700,0.045900,   -0.59,    4.88,   -1.98,    3.34,0.049600
1972-12-01,0.003700,0.006200,   -1.89,   -2.18,    2.58,   -2.14,0.009900
1973-01-01,0.004400,-0.032800,   -2.82,    2.70,    0.40,    0.90,-0.028400
1973-02-01,0.004200,-0.048500,   -3.94,    1.64,   -0.29,    0.05,-0.044300
1973-03-01,0.004600,-0.013000,   -2.29,    2.57,   -0.96,    0.50,-0.008400
1973-04-01,0.005200,-0.056800,   -2.92,    5.39,   -1.55,    2.52,-0.051600
1973-05-01,0.005100,-0.029700,   -6.12,    0.38,    1.97,   -1.70,-0.024600
1973-06-01,0.005100,-0.015700,   -2.48,    1.14,   -0.20,    0.09,-0.010600
1973-07-01,0.006400,0.050400,    7.19,   -5.26,   -0.09,   -3.23,0.056800
1973-08-01,0.007000,-0.038200,   -1.78,    1.03,   -1.32,    1.24,-0.031200
1973-09-01,0.006800,0.047400,    3.58,    2.22,   -2.22,    1.73,0.054200
1973-10-01,0.006500,-0.008300,   -0.27,    1.66,   -1.99,    2.73,-0.001800
1973-11-01,0.005600,-0.127900,   -7.27,    4.09,   -2.77,    1.66,-0.122300
1973-12-01,0.006400,0.005900,   -4.72,    4.01,   -2.89,    2.44,0.012300
1974-01-01,0.006300,-0.001600,   10.39,    5.95,   -2.92,    4.49,0.004700
1974-02-01,0.005800,-0.004600,    0.12,    2.47,   -1.85,    2.67,0.001200
1974-03-01,0.005600,-0.028200,    2.62,   -0.14,    2.90,    0.44,-0.022600
1974-04-01,0.007500,-0.052800,   -0.66,    0.92,    2.71,    2.14,-0.045300
1974-05-01,0.007500,-0.047000,   -3.06,   -2.08,    5.01,   -0.33,-0.039500
1974-06-01,0.006000,-0.028400,   -0.05,    0.83,    0.50,    2.98,-0.022400
1974-07-01,0.007000,-0.080600,    1.84,    5.16,   -3.20,    4.50,-0.073600
1974-08-01,0.006000,-0.093900,    0.28,    2.61,   -0.29,    2.59,-0.087900
1974-09-01,0.008100,-0.117800,    1.47,    5.43,   -4.33,    5.82,-0.109700
1974-10-01,0.005100,0.161000,   -6.78,   -9.91,   -0.29,   -2.91,0.166100
1974-11-01,0.005400,-0.045300,   -1.41,   -0.25,   -3.42,    2.90,-0.039900
1974-12-01,0.007000,-0.034500,   -4.27,    0.12,   -0.76,    3.38,-0.027500
1975-01-01,0.005800,0.136700,   12.88,    8.26,   -0.54,   -1.05,0.142500
1975-02-01,0.004300,0.055600,   -0.69,   -4.47,    1.17,   -2.11,0.059900
1975-03-01,0.004100,0.026600,    3.97,    2.42,    1.25,   -1.34,0.030700
1975-04-01,0.004400,0.042200,   -0.69,   -1.13,    1.39,   -1.37,0.046600
1975-05-01,0.004400,0.052000,    2.98,   -4.05,   -1.13,   -0.56,0.056400
1975-06-01,0.004100,0.048700,    1.33,    1.35,   -2.70,    1.07,0.052800
1975-07-01,0.004800,-0.066000,    3.40,    1.76,    0.45,    1.24,-0.061200
1975-08-01,0.004800,-0.028400,   -2.77,   -0.91,    1.09,   -0.99,-0.023600
1975-09-01,0.005300,-0.042600,   -0.02,    0.33,    0.58,    0.57,-0.037300
1975-10-01,0.005600,0.053200,   -4.25,    0.35,   -0.52,    2.28,0.058800
1975-11-01,0.004100,0.026500,   -1.10,    2.03,   -0.66,    1.74,0.030600
1975-12-01,0.004800,-0.016000,   -0.16,    1.70,   -0.11,    0.77,-0.011200
1976-01-01,0.004700,0.121600,    6.39,    8.63,   -1.75,    2.33,0.126300
1976-02-01,0.003400,0.003200,    7.91,    5.71,   -2.55,    3.70,0.006600
1976-03-01,0.004000,0.023200,   -1.38,   -0.11,   -0.38,    0.99,0.027200
1976-04-01,0.004200,-0.014800,    0.10,   -0.16,    0.45,   -1.05,-0.010600
1976-05-01,0.003700,-0.013500,   -1.09,   -1.29,    2.43,   -1.39,-0.009800
1976-06-01,0.004300,0.040500,   -1.07,    0.73,   -0.67,    1.02,0.044800
1976-07-01,0.004700,-0.010600,    0.61,    1.74,   -1.03,    0.30,-0.005900
1976-08-01,0.004200,-0.005700,   -2.02,    0.79,   -0.40,   -0.57,-0.001500
1976-09-01,0.004400,0.020400,    0.20,   -0.31,    0.98,   -1.14,0.024800
1976-10-01,0.004100,-0.024200,    0.05,   -0.17,   -0.19,   -0.37,-0.020100
1976-11-01,0.004000,0.003700,    2.70,    1.53,   -1.31,    0.07,0.007700
1976-12-01,0.004000,0.056500,    3.60,    2.23,   -0.72,    2.41,0.060500
1977-01-01,0.003600,-0.040400,    5.91,    4.32,   -0.54,    1.93,-0.036800
1977-02-01,0.003500,-0.019400,    1.05,    0.45,   -0.21,   -0.19,-0.015900
1977-03-01,0.003800,-0.013500,    1.29,    1.09,   -0.32,   -0.11,-0.009700
1977-04-01,0.003800,0.001500,    0.60,    3.38,   -1.98,    1.04,0.005300
1977-05-01,0.003700,-0.014700,    1.37,    0.81,    0.43,    0.22,-0.011000
1977-06-01,0.004000,0.047200,    2.10,   -0.62,    0.91,   -1.27,0.051200
1977-07-01,0.004200,-0.016900,    1.81,   -0.60,    0.75,    0.12,-0.012700
1977-08-01,0.004400,-0.017600,    0.93,   -2.77,    1.04,   -0.67,-0.013200
1977-09-01,0.004300,-0.002700,    1.62,   -0.26,    0.92,   -0.65,0.001600
1977-10-01,0.004900,-0.043900,    1.41,    1.62,   -0.09,   -0.46,-0.039000
1977-11-01,0.005000,0.040200,    3.60,    0.23,   -0.06,    0.68,0.045200
1977-12-01,0.004900,0.002700,    1.61,   -0.29,    0.93,   -0.66,0.007600
1978-01-01,0.004900,-0.059900,    2.76,    3.38,   -1.80,    1.56,-0.055000
1978-02-01,0.004600,-0.013900,    3.70,    0.81,    0.30,    1.05,-0.009300
1978-03-01,0.005300,0.028500,    3.65,    1.15,   -0.57,    2.00,0.033800
1978-04-01,0.005400,0.078700,   -0.32,   -3.54,    2.87,   -1.27,0.084100
1978-05-01,0.005100,0.017600,    4.54,   -0.55,    0.20,    0.29,0.022700
1978-06-01,0.005400,-0.016900,    1.64,    0.60,   -1.41,   -0.12,-0.011500
1978-07-01,0.005600,0.051200,    0.17,   -1.00,    1.47,   -0.73,0.056800
1978-08-01,0.005600,0.037900,    4.93,   -0.66,    1.57,    0.50,0.043500
1978-09-01,0.006200,-0.014500,   -0.38,    1.88,   -0.69,    1.57,-0.008300
1978-10-01,0.006800,-0.119100,  -10.04,    1.26,    0.17,    1.14,-0.112300
1978-11-01,0.007000,0.027200,    2.90,   -2.08,    1.09,   -1.19,0.034200
1978-12-01,0.007800,0.008800,    1.01,   -2.14,    2.01,   -1.47,0.016600
1979-01-01,0.007700,0.042200,    3.74,    2.19,   -2.40,    1.58,0.049900
1979-02-01,0.007300,-0.035600,    0.53,    1.17,   -1.11,    0.96,-0.028300
1979-03-01,0.008100,0.056700,    3.17,   -0.68,    0.54,    0.29,0.064800
1979-04-01,0.008000,-0.000700,    2.40,    1.12,    1.14,    0.24,0.007300
1979-05-01,0.008200,-0.022100,    0.18,    1.32,   -1.56,   -0.31,-0.013900
1979-06-01,0.008100,0.038400,    0.94,    1.42,   -1.58,   -0.56,0.046500
1979-07-01,0.007700,0.008300,    1.27,    1.79,   -0.44,    0.52,0.016000
1979-08-01,0.007700,0.055400,    1.85,   -1.58,    1.50,   -1.46,0.063100
1979-09-01,0.008300,-0.008300,   -0.28,   -0.94,    0.84,    0.50,0.000000
1979-10-01,0.008700,-0.081000,   -3.49,   -1.83,    0.96,    0.14,-0.072300
1979-11-01,0.009900,0.052300,    2.51,   -3.21,   -0.03,   -1.83,0.062200
1979-12-01,0.009500,0.017800,    4.27,   -2.13,   -0.67,   -1.01,0.027300
1980-01-01,0.008000,0.055000,    1.88,    1.85,   -1.84,    1.89,0.063000
1980-02-01,0.008900,-0.012300,   -1.62,    0.59,   -0.95,    2.92,-0.003400
1980-03-01,0.012100,-0.128900,   -6.97,   -0.96,    1.82,   -1.05,-0.116800
1980-04-01,0.012600,0.039600,    1.05,    1.03,   -2.18,    0.34,0.052200
1980-05-01,0.008100,0.052600,    2.00,    0.38,    0.43,   -0.63,0.060700
1980-06-01,0.006100,0.029700,    1.46,   -0.80,   -0.20,   -0.81,0.035800
1980-07-01,0.005300,0.065100,    3.74,   -6.29,    4.06,   -2.44,0.070400
1980-08-01,0.006400,0.017500,    4.23,   -2.46,    2.05,   -0.73,0.023900
1980-09-01,0.007500,0.021900,    0.63,   -4.61,    1.90,   -2.86,0.029400
1980-10-01,0.009500,0.010400,    2.21,   -2.93,    1.77,   -1.43,0.019900
1980-11-01,0.009600,0.096000,   -3.27,   -8.11,    4.26,   -5.52,0.105600
1980-12-01,0.013100,-0.044600,   -0.28,    2.80,   -1.27,    1.27,-0.031500
1981-01-01,0.010400,-0.050600,    3.30,    6.74,   -3.38,    4.27,-0.040200
1981-02-01,0.010700,0.006100,   -0.65,    0.97,    0.26,    2.06,0.016800
1981-03-01,0.012100,0.036600,    2.85,    0.61,   -2.27,   -0.56,0.048700
1981-04-01,0.010800,-0.021600,    4.72,    2.28,    0.81,    1.54,-0.010800
1981-05-01,0.011500,0.001300,    2.36,   -0.43,    0.47,   -1.78,0.012800
1981-06-01,0.013500,-0.023400,   -0.93,    5.14,   -1.29,    2.69,-0.009900
1981-07-01,0.012400,-0.015500,   -1.95,   -0.61,    1.08,   -2.66,-0.003100
1981-08-01,0.012800,-0.070200,   -1.82,    4.71,   -0.31,    1.38,-0.057400
1981-09-01,0.012400,-0.072000,   -2.46,    5.11,    0.08,    2.53,-0.059600
1981-10-01,0.012100,0.049200,    2.28,   -4.09,    3.12,   -2.79,0.061300
1981-11-01,0.010700,0.034000,   -1.58,    1.91,    0.14,    1.00,0.044700
1981-12-01,0.008700,-0.036300,    1.18,    0.79,    0.21,    2.45,-0.027600
1982-01-01,0.008000,-0.032300,   -1.10,    3.19,   -1.43,    1.95,-0.024300
1982-02-01,0.009200,-0.058600,    0.40,    6.09,   -3.55,    4.57,-0.049400
1982-03-01,0.009800,-0.018200,    0.02,    3.76,   -1.28,    2.37,-0.008400
1982-04-01,0.011300,0.032400,    1.21,   -3.08,    1.50,   -0.05,0.043700
1982-05-01,0.010600,-0.039300,    0.41,    1.78,    0.96,   -0.12,-0.028700
1982-06-01,0.009600,-0.030800,   -0.51,    1.56,    0.09,    2.53,-0.021200
1982-07-01,0.010500,-0.032000,    1.01,    0.07,    1.00,    1.44,-0.021500
1982-08-01,0.007600,0.111500,   -4.46,    1.09,   -1.85,    0.17,0.119100
1982-09-01,0.005100,0.013200,    2.55,    0.23,    2.16,   -0.02,0.018300
1982-10-01,0.005900,0.112400,    1.96,   -3.62,    0.20,   -0.30,0.118300
1982-11-01,0.006300,0.046800,    4.39,   -1.80,   -1.02,    0.29,0.053100
1982-12-01,0.006700,0.005600,   -0.14,   -0.06,    0.00,    1.00,0.012300
1983-01-01,0.006900,0.035900,    3.41,   -0.72,   -1.52,   -0.56,0.042800
1983-02-01,0.006200,0.025900,    2.88,    0.66,   -0.36,    1.01,0.032100
1983-03-01,0.006300,0.028100,    1.37,    2.06,   -0.19,    2.80,0.034400
1983-04-01,0.007100,0.066500,    0.43,    0.43,   -0.07,    1.51,0.073600
1983-05-01,0.006900,0.005100,    6.26,   -1.40,   -1.81,   -1.43,0.012000
1983-06-01,0.006700,0.030700,    1.16,   -3.89,    2.55,   -0.78,0.037400
1983-07-01,0.007400,-0.040600,    1.05,    5.54,   -0.07,    2.88,-0.033200
1983-08-01,0.007600,-0.005000,   -4.32,    5.59,    0.52,    1.85,0.002600
1983-09-01,0.007600,0.009100,    0.30,    0.99,    1.21,    0.50,0.016700
1983-10-01,0.007600,-0.034300,   -3.75,    4.96,   -0.82,    3.00,-0.026700
1983-11-01,0.007000,0.021600,    1.87,   -0.73,   -0.68,    0.64,0.028600
1983-12-01,0.007300,-0.017700,   -0.42,    1.75,    1.55,    1.33,-0.010400
1984-01-01,0.007600,-0.019200,    0.00,    7.48,   -0.88,    2.88,-0.011600
1984-02-01,0.007100,-0.047600,   -1.58,    3.41,    1.04,    1.51,-0.040500
1984-03-01,0.007300,0.006500,   -0.25,    0.53,   -0.97,    1.15,0.013800
1984-04-01,0.008100,-0.005100,   -0.94,    1.19,    3.30,    0.77,0.003000
1984-05-01,0.007800,-0.059800,    0.14,    0.26,    2.41,   -0.51,-0.052000
1984-06-01,0.007500,0.018100,    0.16,   -2.75,    3.08,   -1.57,0.025600
1984-07-01,0.008200,-0.027200,   -2.21,    0.39,    3.52,   -2.16,-0.019000
1984-08-01,0.008300,0.102700,   -0.28,   -1.74,   -0.73,   -0.91,0.111000
1984-09-01,0.008600,-0.008000,   -0.04,    5.25,    1.37,    2.39,0.000600
1984-10-01,0.010000,-0.008400,   -1.34,    0.59,    1.14,   -1.04,0.001600
1984-11-01,0.007300,-0.017700,   -1.06,    3.87,    0.80,    1.95,-0.010400
1984-12-01,0.006400,0.018400,   -0.60,   -0.03,    1.08,   -1.41,0.024800
1985-01-01,0.006500,0.079700,    3.45,   -5.20,   -0.99,   -3.46,0.086200
1985-02-01,0.005800,0.012200,    0.91,   -0.36,    1.52,    1.16,0.018000
1985-03-01,0.006200,-0.008400,   -1.38,    4.01,    1.23,    2.86,-0.002200
1985-04-01,0.007200,-0.009600,   -0.14,    3.60,    1.62,    0.71,-0.002400
1985-05-01,0.006600,0.050700,   -2.36,   -0.98,    1.27,   -1.43,0.057300
1985-06-01,0.005500,0.012700,    0.21,    0.38,    1.69,   -1.02,0.018200
1985-07-01,0.006200,-0.007200,    2.85,   -1.62,   -0.36,   -0.37,-0.001000
1985-08-01,0.005500,-0.010100,   -0.30,    2.34,   -0.16,    1.93,-0.004600
1985-09-01,0.006000,-0.045000,   -1.84,    1.21,    1.11,    1.58,-0.039000
1985-10-01,0.006500,0.040000,   -1.47,    0.77,    0.88,   -1.06,0.046500
1985-11-01,0.006100,0.064600,   -0.05,   -2.91,    0.32,   -2.35,0.070700
1985-12-01,0.006500,0.038800,   -0.41,   -1.46,    0.96,   -1.77,0.045300
1986-01-01,0.005600,0.006500,    0.95,    0.46,   -1.99,   -1.99,0.012100
1986-02-01,0.005300,0.071400,   -0.72,   -0.63,    1.16,   -1.23,0.076700
1986-03-01,0.006000,0.049100,   -0.63,   -0.39,    1.00,    0.81,0.055100
1986-04-01,0.005200,-0.012800,    2.81,   -2.81,    2.90,   -0.10,-0.007600
1986-05-01,0.004900,0.046300,   -1.29,   -0.14,    2.07,    1.10,0.051200
1986-06-01,0.005200,0.010600,   -0.87,    1.20,    1.85,    0.83,0.015800
1986-07-01,0.005200,-0.064300,   -3.53,    4.66,   -0.55,    0.81,-0.059100
1986-08-01,0.004600,0.060700,   -4.34,    3.54,   -1.71,    3.32,0.065300
1986-09-01,0.004500,-0.085900,    2.10,    3.23,   -0.17,    3.71,-0.081400
1986-10-01,0.004600,0.046400,   -2.37,   -1.42,   -0.01,    1.01,0.051000
1986-11-01,0.003900,0.011600,   -1.86,   -0.02,    0.98,    0.70,0.015500
1986-12-01,0.004900,-0.032600,    0.19,    0.36,    0.87,    0.09,-0.027700
1987-01-01,0.004200,0.124400,   -1.61,   -3.18,    0.17,   -1.03,0.128600
1987-02-01,0.004300,0.043700,    3.36,   -5.86,   -0.79,   -2.55,0.048000
1987-03-01,0.004700,0.016300,    0.32,    1.66,    1.30,    4.17,0.021000
1987-04-01,0.004400,-0.020900,   -1.58,   -0.36,   -0.52,    1.16,-0.016500
1987-05-01,0.003800,0.001100,   -0.58,    0.22,    0.49,    1.13,0.004900
1987-06-01,0.004800,0.039100,   -2.11,    1.13,    1.56,    1.07,0.043900
1987-07-01,0.004600,0.038400,   -1.07,    0.94,   -0.65,    1.58,0.043000
1987-08-01,0.004700,0.035200,   -1.01,   -0.98,    2.11,   -1.55,0.039900
1987-09-01,0.004500,-0.025800,    0.45,    0.26,   -0.88,    1.82,-0.021300
1987-10-01,0.006000,-0.231900,   -7.91,    4.18,    2.29,    2.24,-0.225900
1987-11-01,0.003500,-0.077600,    2.78,    3.14,   -1.93,    0.60,-0.074100
1987-12-01,0.003900,0.068200,   -0.01,   -4.42,    3.13,   -2.46,0.072100
1988-01-01,0.002900,0.042100,   -0.56,    4.93,   -1.19,    2.10,0.045000
1988-02-01,0.004600,0.047700,    3.30,   -1.53,    1.51,    0.06,0.052300
1988-03-01,0.004400,-0.022600,    6.11,    0.86,   -0.23,    1.78,-0.018200
1988-04-01,0.004600,0.005600,    1.09,    1.51,   -0.09,    1.90,0.010200
1988-05-01,0.005100,-0.002700,   -2.52,    2.44,   -0.77,    0.30,0.002400
1988-06-01,0.004900,0.047800,    2.07,   -1.35,    1.52,   -3.52,0.052700
1988-07-01,0.005100,-0.012500,   -0.18,    2.18,   -0.49,    1.53,-0.007400
1988-08-01,0.005900,-0.033100,   -0.02,    2.14,   -0.85,    1.65,-0.027200
1988-09-01,0.006200,0.033100,   -1.38,   -0.75,    1.76,   -0.55,0.039300
1988-10-01,0.006100,0.011600,   -2.97,    2.03,    1.39,    0.99,0.017700
1988-11-01,0.005700,-0.022700,   -1.58,    1.47,   -0.36,    1.64,-0.017000
1988-12-01,0.006300,0.014800,    1.94,   -1.83,    0.69,   -0.38,0.021100
1989-01-01,0.005500,0.060600,   -2.26,    0.61,   -0.97,    0.11,0.066100
1989-02-01,0.006100,-0.022300,    2.70,    0.99,   -0.84,    1.88,-0.016200
1989-03-01,0.006700,0.015700,    0.68,    0.47,   -0.01,    0.65,0.022400
1989-04-01,0.006700,0.043500,   -0.75,   -1.48,    0.73,   -0.48,0.050200
1989-05-01,0.007900,0.032800,   -0.06,   -0.90,    0.45,   -0.26,0.040700
1989-06-01,0.007100,-0.013300,   -1.04,    2.21,    0.13,    1.52,-0.006200
1989-07-01,0.007000,0.071800,   -4.11,   -2.80,    2.05,   -0.56,0.078800
1989-08-01,0.007400,0.014300,    0.48,    0.62,    0.36,   -0.61,0.021700
1989-09-01,0.006500,-0.007600,    0.47,   -1.27,    1.39,    0.58,-0.001100
1989-10-01,0.006800,-0.036500,   -3.30,   -1.16,    0.08,   -0.11,-0.029700
1989-11-01,0.006900,0.010400,   -1.26,   -1.13,   -0.74,    1.38,0.017300
1989-12-01,0.006100,0.011800,   -2.28,    0.15,   -0.07,    1.31,0.017900
1990-01-01,0.005700,-0.078000,   -1.21,    0.83,   -1.12,    1.40,-0.072300
1990-02-01,0.005700,0.011100,    1.15,    0.65,   -0.04,   -0.61,0.016800
1990-03-01,0.006400,0.018300,    1.59,   -2.90,    1.99,   -0.94,0.024700
1990-04-01,0.006900,-0.033600,   -0.35,   -2.57,    1.78,   -1.00,-0.026700
1990-05-01,0.006800,0.084400,   -2.41,   -3.89,    1.68,   -1.63,0.091200
1990-06-01,0.006300,-0.010900,    1.31,   -2.00,   -0.99,   -0.39,-0.004600
1990-07-01,0.006800,-0.019000,   -3.15,   -0.06,   -0.10,    3.21,-0.012200
1990-08-01,0.006600,-0.101300,   -3.79,    1.56,   -0.48,    2.99,-0.094700
1990-09-01,0.006000,-0.061100,   -3.72,    0.59,    0.03,    3.62,-0.055100
1990-10-01,0.006800,-0.019100,   -5.06,    0.08,    3.17,   -0.25,-0.012300
1990-11-01,0.005700,0.063500,    0.02,   -2.97,    0.58,   -4.71,0.069200
1990-12-01,0.006000,0.024800,    0.60,   -1.57,    2.66,   -1.98,0.030800
1991-01-01,0.005200,0.046900,    3.87,   -1.48,    1.34,   -4.07,0.052100
1991-02-01,0.004800,0.072100,    4.02,   -0.62,   -0.06,   -0.34,0.076900
1991-03-01,0.004400,0.026700,    3.81,   -1.30,   -0.52,   -0.99,0.031100
1991-04-01,0.005300,-0.002900,    0.35,    1.49,    0.67,    0.81,0.002400
1991-05-01,0.004700,0.036600,    0.14,   -0.52,    2.07,   -2.36,0.041300
1991-06-01,0.004200,-0.049400,    0.30,    1.08,    1.75,    0.68,-0.045200
1991-07-01,0.004900,0.042400,   -1.00,   -1.30,    1.60,   -1.44,0.047300
1991-08-01,0.004600,0.023200,    1.42,   -0.79,    0.85,   -0.32,0.027800
1991-09-01,0.004600,-0.015900,    1.58,   -1.23,   -1.77,   -0.04,-0.011300
1991-10-01,0.004200,0.012900,    0.85,   -0.43,   -1.65,   -0.30,0.017100
1991-11-01,0.003900,-0.042000,   -0.88,   -1.77,    1.10,   -0.12,-0.038100
1991-12-01,0.003800,0.108600,   -2.41,   -4.23,    3.67,   -3.14,0.112400
1992-01-01,0.003400,-0.005900,    9.19,    4.67,   -1.17,    3.25,-0.002500
1992-02-01,0.002800,0.010900,    1.30,    6.51,    0.07,    2.25,0.013700
1992-03-01,0.003400,-0.026600,   -0.89,    3.49,   -0.06,    1.82,-0.023200
1992-04-01,0.003200,0.010900,   -5.75,    4.36,    1.65,    2.40,0.014100
1992-05-01,0.002800,0.003000,    0.20,    1.11,   -0.91,    0.49,0.005800
1992-06-01,0.003200,-0.023300,   -2.76,    3.24,   -0.06,    0.95,-0.020100
1992-07-01,0.003100,0.037800,   -0.65,   -0.51,    1.24,   -0.97,0.040900
1992-08-01,0.002600,-0.023800,   -0.39,   -1.09,    3.66,   -1.64,-0.021200
1992-09-01,0.002600,0.011900,    0.47,   -0.19,    1.61,   -0.68,0.014500
1992-10-01,0.002300,0.010200,    2.09,   -1.98,    1.19,   -0.91,0.012500
1992-11-01,0.002300,0.041400,    3.88,   -1.52,   -0.54,   -1.58,0.043700
1992-12-01,0.002800,0.015300,    1.65,    2.64,   -0.52,    0.83,0.018100
1993-01-01,0.002300,0.009300,    1.94,    5.90,   -1.90,    2.94,0.011600
1993-02-01,0.002200,0.001200,   -3.37,    6.48,   -0.47,    4.15,0.003400
1993-03-01,0.002500,0.023200,    0.09,    1.26,   -0.22,    0.82,0.025700
1993-04-01,0.002400,-0.030500,   -0.81,    2.55,   -3.69,    1.38,-0.028100
1993-05-01,0.002200,0.028900,    1.94,   -3.46,   -0.14,   -1.03,0.031100
1993-06-01,0.002500,0.003000,    0.12,    2.64,   -0.91,    1.16,0.005500
1993-07-01,0.002400,-0.003400,    0.96,    2.87,   -1.84,    2.05,-0.001000
1993-08-01,0.002500,0.037200,    0.08,    0.18,   -1.52,    0.04,0.039700
1993-09-01,0.002600,-0.001200,    3.02,   -0.24,    0.25,   -0.19,0.001400
1993-10-01,0.002200,0.014100,    1.86,   -2.78,    0.61,    0.56,0.016300
1993-11-01,0.002500,-0.018600,   -1.31,   -0.78,    2.19,   -1.03,-0.016100
1993-12-01,0.002300,0.016500,    1.35,    0.25,    1.14,   -0.35,0.018800
1994-01-01,0.002500,0.028700,   -0.05,    1.10,   -1.54,    1.39,0.031200
1994-02-01,0.002100,-0.025500,    2.62,   -1.52,    2.08,   -0.94,-0.023400
1994-03-01,0.002700,-0.047900,   -1.03,    1.67,    0.65,    1.39,-0.045200
1994-04-01,0.002700,0.006800,   -1.00,    1.66,    1.05,    1.14,0.009500
1994-05-01,0.003200,0.005800,   -2.49,    0.60,    0.64,    0.60,0.009000
1994-06-01,0.003100,-0.030400,   -0.52,    1.77,    1.05,    1.50,-0.027300
1994-07-01,0.002800,0.028200,   -1.87,    0.61,   -0.66,    0.10,0.031000
1994-08-01,0.003700,0.040200,    1.44,   -2.55,    0.98,   -1.52,0.043900
1994-09-01,0.003700,-0.022800,    2.71,   -1.81,    0.56,    1.06,-0.019100
1994-10-01,0.003800,0.013500,   -2.22,   -1.66,    0.18,   -0.73,0.017300
1994-11-01,0.003700,-0.040300,    0.09,   -0.73,    0.48,   -0.53,-0.036600
1994-12-01,0.004400,0.008600,   -0.05,   -0.09,    0.40,    0.36,0.013000
1995-01-01,0.004200,0.018000,   -3.07,    2.59,    0.15,   -0.65,0.022200
1995-02-01,0.004000,0.036300,   -0.49,    0.99,    0.61,   -0.40,0.040300
1995-03-01,0.004600,0.021900,   -0.53,   -2.13,   -0.13,    0.23,0.026500
1995-04-01,0.004400,0.021100,   -0.26,    1.67,    0.43,    0.82,0.025500
1995-05-01,0.005400,0.029000,   -2.17,    2.28,    0.41,    0.01,0.034400
1995-06-01,0.004700,0.027200,    3.05,   -2.54,   -0.23,   -2.39,0.031900
1995-07-01,0.004500,0.037100,    2.12,   -1.58,    0.22,   -1.58,0.041600
1995-08-01,0.004700,0.005500,    1.70,    2.68,   -1.17,    1.49,0.010200
1995-09-01,0.004300,0.033600,   -1.86,   -0.11,    0.99,    0.40,0.037900
1995-10-01,0.004700,-0.015100,   -4.07,   -0.49,    1.93,   -0.10,-0.010400
1995-11-01,0.004200,0.039600,   -1.06,    0.52,   -0.57,    1.00,0.043800
1995-12-01,0.004900,0.010400,    0.65,    0.24,   -1.44,    3.02,0.015300
1996-01-01,0.004300,0.022600,   -2.64,    0.46,    0.26,    2.30,0.026900
1996-02-01,0.003900,0.013300,    1.77,   -1.05,    0.16,   -1.89,0.017200
1996-03-01,0.003900,0.007400,    1.56,    0.42,    1.44,   -0.95,0.011300
1996-04-01,0.004600,0.020500,    4.70,   -3.97,   -0.20,   -2.03,0.025100
1996-05-01,0.004200,0.023600,    3.23,   -0.90,    0.03,   -0.33,0.027800
1996-06-01,0.004000,-0.011300,   -3.67,    2.33,    3.50,    1.20,-0.007300
1996-07-01,0.004500,-0.059600,   -3.78,    5.19,    2.90,    2.68,-0.055100
1996-08-01,0.004100,0.027700,    2.58,   -0.82,   -0.38,   -2.47,0.031800
1996-09-01,0.004400,0.050100,   -1.41,   -2.74,    1.30,   -2.13,0.054500
1996-10-01,0.004200,0.008700,   -3.79,    4.88,    1.38,    2.97,0.012900
1996-11-01,0.004100,0.062500,   -3.82,    1.40,    2.06,   -0.69,0.066600
1996-12-01,0.004600,-0.017000,    3.19,    1.28,    0.23,    1.49,-0.012400
1997-01-01,0.004500,0.049700,   -1.82,   -1.44,    1.22,   -0.07,0.054200
1997-02-01,0.003900,-0.004800,   -2.54,    5.61,    0.72,    3.47,-0.000900
1997-03-01,0.004300,-0.050200,   -0.41,    3.39,    0.39,    1.53,-0.045900
1997-04-01,0.004300,0.040400,   -5.70,    0.00,    3.36,   -1.02,0.044700
1997-05-01,0.004900,0.067300,    4.68,   -4.11,   -1.04,   -2.76,0.072200
1997-06-01,0.003700,0.041000,    1.17,    1.44,    0.56,    0.45,0.044700
1997-07-01,0.004300,0.073100,   -2.74,    0.13,    0.18,   -2.56,0.077400
1997-08-01,0.004100,-0.040900,    7.50,    1.13,   -1.02,   -0.17,-0.036800
1997-09-01,0.004400,0.053400,    2.48,    0.24,   -1.58,   -0.93,0.057800
1997-10-01,0.004200,-0.038100,   -0.56,    2.33,    0.75,    2.01,-0.033900
1997-11-01,0.003900,0.029900,   -5.01,    1.22,    3.08,    1.73,0.033800
1997-12-01,0.004800,0.013600,   -2.09,    3.74,    0.64,    1.95,0.018400
1998-01-01,0.004300,0.001400,   -1.28,   -1.68,    0.91,   -0.62,0.005700
1998-02-01,0.003900,0.070400,    0.05,   -0.93,   -0.37,   -2.58,0.074300
1998-03-01,0.003900,0.047600,   -0.73,    1.38,   -0.55,   -0.23,0.051500
1998-04-01,0.004300,0.007400,    0.01,    1.03,   -1.68,   -0.36,0.011700
1998-05-01,0.004000,-0.030500,   -3.00,    3.41,    1.03,    2.47,-0.026500
1998-06-01,0.004100,0.032100,   -3.61,   -2.03,   -0.26,   -3.03,0.036200
1998-07-01,0.004000,-0.024200,   -5.20,   -1.83,    1.64,    0.76,-0.020200
1998-08-01,0.004300,-0.160500,   -4.97,    3.57,    3.35,    5.78,-0.156200
1998-09-01,0.004600,0.061900,   -0.89,   -3.51,   -1.84,   -2.84,0.066500
1998-10-01,0.003200,0.069800,   -3.36,   -2.33,    0.88,    0.18,0.073000
1998-11-01,0.003100,0.060700,    0.76,   -3.24,   -0.92,   -0.92,0.063800
1998-12-01,0.003800,0.061500,   -1.50,   -4.25,   -0.69,   -3.26,0.065300
1999-01-01,0.003500,0.034700,   -0.82,   -4.46,   -2.80,   -6.41,0.038200
1999-02-01,0.003500,-0.040800,   -5.15,    1.95,   -1.23,    4.08,-0.037300
1999-03-01,0.004300,0.034800,   -4.37,   -2.61,   -4.05,   -1.07,0.039100
1999-04-01,0.003700,0.043400,    4.52,    2.40,   -2.47,    0.84,0.047100
1999-05-01,0.003400,-0.024600,    3.75,    2.49,    0.95,    3.18,-0.021200
1999-06-01,0.004000,0.047700,    2.34,   -3.22,    0.93,   -2.91,0.051700
1999-07-01,0.003800,-0.034900,    2.54,   -0.18,    0.29,    3.27,-0.031100
1999-08-01,0.003900,-0.013700,   -1.67,   -1.93,   -0.24,    0.72,-0.009800
1999-09-01,0.003900,-0.027700,    2.48,   -2.90,   -0.96,   -0.99,-0.023800
1999-10-01,0.003900,0.060900,   -7.13,   -2.88,   -1.75,   -0.87,0.064800
1999-11-01,0.003600,0.034100,    5.69,   -5.65,   -4.18,   -1.84,0.037700
1999-12-01,0.004400,0.076600,    5.10,   -7.66,   -8.00,   -5.87,0.081000
2000-01-01,0.004100,-0.047400,    4.21,   -1.12,   -6.15,    4.56,-0.043300
2000-02-01,0.004300,0.024500,   18.46,   -9.77,  -18.95,   -1.13,0.028800
2000-03-01,0.004700,0.052100,  -15.54,    8.50,   11.65,   -1.20,0.056800
2000-04-01,0.004600,-0.063500,   -4.75,    6.45,    8.07,    5.63,-0.058900
2000-05-01,0.005000,-0.043900,   -3.86,    4.59,    4.05,    1.47,-0.038900
2000-06-01,0.004000,0.046800,    9.95,   -8.04,   -8.31,   -3.17,0.050800
2000-07-01,0.004800,-0.024800,   -0.94,    8.06,    5.72,    2.98,-0.020000
2000-08-01,0.005000,0.070300,   -0.95,   -1.37,   -3.06,    1.21,0.075300
2000-09-01,0.005100,-0.054400,    0.27,    7.24,    2.70,    5.54,-0.049300
2000-10-01,0.005600,-0.027800,   -2.58,    5.58,    9.54,    3.71,-0.022200
2000-11-01,0.005100,-0.107000,   -0.35,   12.24,   13.05,    8.35,-0.101900
2000-12-01,0.005000,0.011800,    3.26,    7.55,    1.92,    4.82,0.016800
2001-01-01,0.005400,0.032500,    5.23,   -5.05,   -5.20,   -5.21,0.037900
2001-02-01,0.003800,-0.100300,    2.87,   12.23,    9.12,    9.01,-0.096500
2001-03-01,0.004200,-0.072500,    2.33,    6.47,    3.34,    3.72,-0.068300
2001-04-01,0.003900,0.079400,   -0.88,   -4.64,   -3.18,   -3.19,0.083300
2001-05-01,0.003200,0.006800,    3.55,    3.38,    0.29,    1.95,0.010000
2001-06-01,0.002800,-0.019400,    6.69,   -1.26,    1.57,   -1.67,-0.016600
2001-07-01,0.003000,-0.021300,   -2.86,    4.95,    7.29,    2.90,-0.018300
2001-08-01,0.003100,-0.064000,    2.54,    2.86,    3.81,    6.53,-0.060900
2001-09-01,0.002800,-0.092400,   -5.74,    1.52,    5.03,    3.35,-0.089600
2001-10-01,0.002200,0.024800,    5.34,   -7.31,   -2.98,   -4.36,0.027000
2001-11-01,0.001700,0.075300,   -0.36,    2.17,   -3.49,   -1.68,0.077000
2001-12-01,0.001500,0.016100,    5.11,    0.83,    0.26,   -0.28,0.017600
2002-01-01,0.001400,-0.014400,    1.28,    3.42,    4.73,    2.83,-0.013000
2002-02-01,0.001300,-0.022800,   -0.38,    2.34,    8.03,    5.10,-0.021500
2002-03-01,0.001300,0.042400,    4.15,    1.08,   -1.83,    0.66,0.043700
2002-04-01,0.001500,-0.052100,    6.63,    4.01,    4.59,    5.35,-0.050600
2002-05-01,0.001400,-0.013600,   -3.07,    1.52,    2.31,    2.53,-0.012200
2002-06-01,0.001300,-0.072300,    3.76,    0.37,    3.92,    2.66,-0.071000
2002-07-01,0.001500,-0.081900,   -6.33,   -3.51,    3.84,   -1.10,-0.080400
2002-08-01,0.001400,0.005000,   -1.28,    3.01,    1.37,   -1.40,0.006400
2002-09-01,0.001400,-0.103400,    3.05,    1.26,    3.29,   -2.29,-0.102000
2002-10-01,0.001400,0.078400,   -4.29,   -3.76,   -3.16,    0.73,0.079800
2002-11-01,0.001200,0.059600,    2.94,   -1.16,   -9.25,    5.16,0.060800
2002-12-01,0.001100,-0.057600,    0.55,    2.11,    6.32,   -1.79,-0.056500
2003-01-01,0.001000,-0.025700,    0.71,   -0.79,   -0.93,    0.69,-0.024700
2003-02-01,0.000900,-0.018800,   -0.87,   -1.36,    0.79,   -0.68,-0.017900
2003-03-01,0.001000,0.010900,    0.77,   -2.11,    1.68,   -0.81,0.011900
2003-04-01,0.001000,0.081800,    1.14,    1.22,   -4.68,    0.98,0.082800
2003-05-01,0.000900,0.060500,    4.78,    0.70,   -6.94,    3.07,0.061400
2003-06-01,0.001000,0.014200,    1.65,    0.14,    0.44,   -0.40,0.015200
2003-07-01,0.000700,0.023300,    4.40,   -1.53,   -3.89,    1.52,0.024000
2003-08-01,0.000700,0.023300,    2.37,    1.64,   -2.29,    2.15,0.024000
2003-09-01,0.000800,-0.012400,    0.57,    0.14,    0.90,    0.41,-0.011600
2003-10-01,0.000700,0.060800,    2.63,    2.21,   -1.38,    1.65,0.061500
2003-11-01,0.000700,0.013500,    2.31,    1.72,    0.21,    1.68,0.014200
2003-12-01,0.000800,0.042900,   -2.51,    1.51,    0.57,    0.85,0.043700
2004-01-01,0.000700,0.021500,    2.46,    2.42,   -3.60,    3.33,0.022200
2004-02-01,0.000600,0.014000,   -0.92,    0.95,    2.13,   -1.17,0.014600
2004-03-01,0.000900,-0.013200,    2.11,    0.23,    1.65,   -0.98,-0.012300
2004-04-01,0.000800,-0.018200,   -2.06,   -3.23,    3.46,   -2.83,-0.017400
2004-05-01,0.000600,0.011800,   -0.40,   -0.18,   -1.17,    0.01,0.012400
2004-06-01,0.000800,0.018600,    2.52,    1.21,    1.12,   -0.31,0.019400
2004-07-01,0.001000,-0.040400,   -2.92,    3.22,    5.21,   -1.68,-0.039400
2004-08-01,0.001100,0.000800,   -1.18,    1.08,    1.21,   -1.35,0.001900
2004-09-01,0.001100,0.016000,    3.22,   -0.05,   -1.49,   -1.72,0.017100
2004-10-01,0.001100,0.014200,    0.15,   -0.26,   -0.53,    0.41,0.015300
2004-11-01,0.001500,0.045300,    4.12,    1.57,   -0.52,   -0.18,0.046800
2004-12-01,0.001600,0.034100,   -0.04,   -0.23,   -1.07,    0.39,0.035700
2005-01-01,0.001600,-0.027500,   -1.11,    2.06,    2.80,   -1.41,-0.025900
2005-02-01,0.001600,0.018800,   -0.30,    1.41,    1.32,   -0.21,0.020400
2005-03-01,0.002100,-0.019300,   -1.41,    2.07,    0.44,    1.34,-0.017200
2005-04-01,0.002100,-0.026000,   -3.97,    0.05,    0.97,   -0.85,-0.023900
2005-05-01,0.002400,0.036500,    2.76,   -0.58,   -1.02,    0.28,0.038900
2005-06-01,0.002300,0.005800,    3.26,    2.80,    0.87,   -0.52,0.008100
2005-07-01,0.002400,0.039200,    2.76,   -0.78,   -1.19,   -0.78,0.041600
2005-08-01,0.003000,-0.012000,   -0.94,    1.34,   -1.96,    0.38,-0.009000
2005-09-01,0.002900,0.004800,   -0.31,    0.78,    0.26,   -0.61,0.007700
2005-10-01,0.002700,-0.020400,   -1.50,    0.43,   -0.70,   -1.26,-0.017700
2005-11-01,0.003100,0.036100,    0.90,   -1.19,   -0.79,   -1.09,0.039200
2005-12-01,0.003200,-0.002400,   -0.25,    0.15,    0.18,    0.20,0.000800
2006-01-01,0.003500,0.030300,    5.83,    0.99,   -0.66,   -0.35,0.033800
2006-02-01,0.003400,-0.003000,   -0.46,   -0.31,   -0.54,    1.98,0.000400
2006-03-01,0.003700,0.014700,    3.34,    0.61,    0.03,   -0.44,0.018400
2006-04-01,0.003600,0.007300,   -0.79,    2.26,    1.74,   -0.13,0.010900
2006-05-01,0.004300,-0.035600,   -2.90,    2.38,    0.87,    1.53,-0.031300
2006-06-01,0.004000,-0.003400,   -0.24,    0.85,    1.32,   -0.13,0.000600
2006-07-01,0.004000,-0.007700,   -3.60,    2.62,    1.63,    0.84,-0.003700
2006-08-01,0.004200,0.020300,    0.45,   -1.95,   -1.81,    2.14,0.024500
2006-09-01,0.004100,0.018400,   -1.39,    0.06,    0.78,    0.46,0.022500
2006-10-01,0.004100,0.032200,    1.98,   -0.33,   -0.11,    0.32,0.036300
2006-11-01,0.004200,0.017000,    0.63,    0.04,    0.20,   -0.80,0.021200
2006-12-01,0.004000,0.008500,   -0.81,    2.74,   -0.65,    1.88,0.012500
2007-01-01,0.004400,0.013800,    0.02,   -0.68,    0.19,    0.40,0.018200
2007-02-01,0.003800,-0.019600,    1.33,   -0.08,   -0.52,   -0.66,-0.015800
2007-03-01,0.004300,0.007100,    0.14,   -0.88,    0.55,   -0.67,0.011400
2007-04-01,0.004400,0.034900,   -2.08,   -1.44,    1.18,    1.01,0.039300
2007-05-01,0.004100,0.032400,    0.33,   -0.59,    1.47,   -1.26,0.036500
2007-06-01,0.004000,-0.019600,    0.70,   -1.05,    0.49,    0.06,-0.015600
2007-07-01,0.004000,-0.037200,   -3.05,   -3.68,    0.26,   -1.16,-0.033200
2007-08-01,0.004200,0.009400,   -0.33,   -1.87,   -1.27,   -0.57,0.013600
2007-09-01,0.003200,0.032200,   -2.44,   -2.17,   -0.49,   -2.94,0.035400
2007-10-01,0.003200,0.017900,   -0.03,   -2.87,   -0.33,    0.06,0.021100
2007-11-01,0.003400,-0.048000,   -2.91,   -1.09,    1.75,   -0.36,-0.044600
2007-12-01,0.002700,-0.008700,    0.18,   -0.51,    0.90,   -1.07,-0.006000
2008-01-01,0.002100,-0.063200,   -0.63,    4.00,    2.12,    2.06,-0.061100
2008-02-01,0.001300,-0.030900,   -0.64,   -0.72,    1.07,   -0.97,-0.029600
2008-03-01,0.001700,-0.009400,    0.59,    0.31,    0.89,    0.47,-0.007700
2008-04-01,0.001800,0.046100,   -1.16,   -0.96,    1.81,   -2.56,0.047900
2008-05-01,0.001800,0.018700,    3.04,   -1.50,    0.92,    0.14,0.020500
2008-06-01,0.001700,-0.084300,    1.16,   -2.51,    4.98,   -0.69,-0.082600
2008-07-01,0.001500,-0.007500,    3.71,    5.20,   -1.36,    0.99,-0.006000
2008-08-01,0.001300,0.015300,    3.28,    1.52,    1.83,    0.66,0.016600
2008-09-01,0.001500,-0.093500,    0.38,    5.66,    2.40,    1.70,-0.092000
2008-10-01,0.000800,-0.172000,   -3.06,   -1.89,    2.73,    1.38,-0.171200
2008-11-01,0.000300,-0.077400,   -4.00,   -6.21,    4.67,    2.39,-0.077100
2008-12-01,0.000000,0.017700,    3.33,    0.05,    0.03,   -1.52,0.017700
2009-01-01,0.000000,-0.080900,   -2.09,  -11.02,    0.00,   -1.16,-0.080900
2009-02-01,0.000100,-0.101400,   -1.17,   -6.60,    1.01,   -0.62,-0.101300
2009-03-01,0.000200,0.090100,    0.59,    3.48,   -2.58,   -2.00,0.090300
2009-04-01,0.000100,0.101700,    7.14,    5.38,    1.34,    0.50,0.101800
2009-05-01,0.000000,0.052000,   -2.24,    0.41,   -0.81,   -1.99,0.052000
2009-06-01,0.000100,0.004200,    2.27,   -2.76,   -1.41,   -0.37,0.004300
2009-07-01,0.000100,0.077400,    2.31,    4.89,   -0.26,    3.08,0.077500
2009-08-01,0.000100,0.033300,   -0.10,    7.60,   -2.85,    3.30,0.033400
2009-09-01,0.000100,0.040800,    2.72,    1.15,    1.15,    0.34,0.040900
2009-10-01,0.000000,-0.025500,   -4.85,   -4.17,    4.22,   -1.48,-0.025500
2009-11-01,0.000000,0.055800,   -2.76,   -0.33,    0.90,    0.00,0.055800
2009-12-01,0.000100,0.027400,    6.14,   -0.11,    0.71,   -0.09,0.027500
2010-01-01,0.000000,-0.033500,    0.40,    0.33,   -1.08,    0.51,-0.033500
2010-02-01,0.000000,0.033900,    1.49,    3.18,   -0.29,    1.42,0.033900
2010-03-01,0.000100,0.063000,    1.83,    2.19,   -0.61,    1.74,0.063100
2010-04-01,0.000100,0.020000,    4.96,    2.96,    0.61,    1.75,0.020100
2010-05-01,0.000100,-0.079000,    0.08,   -2.48,    1.30,   -0.24,-0.078900
2010-06-01,0.000100,-0.055700,   -2.42,   -4.73,   -0.10,   -1.58,-0.055600
2010-07-01,0.000100,0.069200,    0.04,   -0.50,    0.17,    2.02,0.069300
2010-08-01,0.000100,-0.047700,   -3.06,   -1.73,    0.60,   -1.60,-0.047600
2010-09-01,0.000100,0.095500,    3.65,   -3.02,   -0.19,    0.38,0.095600
2010-10-01,0.000100,0.038700,    0.73,   -2.46,    1.28,   -0.38,0.038800
2010-11-01,0.000100,0.005900,    3.54,   -0.90,    0.32,    1.79,0.006000
2010-12-01,0.000100,0.068200,    0.97,    3.56,   -3.42,    3.17,0.068300
2011-01-01,0.000100,0.019800,   -2.31,    0.61,   -0.64,    0.81,0.019900
2011-02-01,0.000100,0.034800,    1.65,    1.18,   -1.83,    0.84,0.034900
2011-03-01,0.000100,0.004600,    2.56,   -1.84,    1.73,   -0.07,0.004700
2011-04-01,0.000000,0.029000,   -0.53,   -2.44,    1.12,   -0.86,0.029000
2011-05-01,0.000000,-0.012700,   -0.72,   -1.85,    1.92,   -1.43,-0.012700
2011-06-01,0.000000,-0.017400,    0.06,   -0.20,    2.27,   -1.42,-0.017400
2011-07-01,0.000000,-0.023500,   -1.11,   -0.91,    2.68,   -1.73,-0.023500
2011-08-01,0.000100,-0.059600,   -3.09,   -2.43,    3.41,   -0.26,-0.059500
2011-09-01,0.000000,-0.075700,   -3.49,   -1.53,    1.99,    0.15,-0.075700
2011-10-01,0.000000,0.113400,    3.25,    0.06,   -2.25,   -0.73,0.113400
2011-11-01,0.000000,-0.002700,   -0.30,   -0.52,    1.94,    1.44,-0.002700
2011-12-01,0.000000,0.007500,   -0.29,    1.54,    1.06,    2.47,0.007500
2012-01-01,0.000000,0.050500,    2.02,   -0.93,   -2.06,   -1.48,0.050500
2012-02-01,0.000000,0.044000,   -1.67,    0.42,   -0.36,   -0.08,0.044000
2012-03-01,0.000000,0.031100,   -0.48,    1.19,   -0.61,    0.70,0.031100
2012-04-01,0.000000,-0.008400,   -0.50,   -0.77,    1.30,    0.66,-0.008400
2012-05-01,0.000100,-0.061700,   -0.08,   -0.95,    2.03,    2.36,-0.061600
2012-06-01,0.000000,0.039000,    0.89,    0.55,   -1.06,    0.45,0.039000
2012-07-01,0.000000,0.007900,   -2.81,   -0.06,    1.04,    0.01,0.007900
2012-08-01,0.000100,0.025400,    0.44,    1.23,   -1.50,   -0.86,0.025500
2012-09-01,0.000100,0.027300,    0.57,    1.62,   -1.30,    1.56,0.027400
2012-10-01,0.000100,-0.017600,   -0.83,    3.52,   -1.40,    2.52,-0.017500
2012-11-01,0.000100,0.007800,    0.40,   -0.86,    0.38,    0.81,0.007900
2012-12-01,0.000100,0.011800,    1.92,    3.48,   -1.72,    0.80,0.011900
2013-01-01,0.000000,0.055700,    0.42,    1.01,   -2.01,    1.52,0.055700
2013-02-01,0.000000,0.012900,   -0.25,    0.21,   -0.59,    0.61,0.012900
2013-03-01,0.000000,0.040300,    0.88,   -0.22,    0.27,    1.41,0.040300
2013-04-01,0.000000,0.015600,   -2.24,    0.44,    0.39,    0.43,0.015600
2013-05-01,0.000000,0.028100,    2.04,    2.67,   -2.00,   -0.95,0.028100
2013-06-01,0.000000,-0.012000,    1.54,   -0.05,   -0.28,   -0.06,-0.012000
2013-07-01,0.000000,0.056500,    1.75,    0.58,   -1.35,    0.57,0.056500
2013-08-01,0.000000,-0.027100,   -0.03,   -2.73,    0.71,   -2.17,-0.027100
2013-09-01,0.000000,0.037700,    2.65,   -1.18,   -0.54,   -1.32,0.037700
2013-10-01,0.000000,0.041700,   -1.50,    1.22,    2.75,    0.89,0.041700
2013-11-01,0.000000,0.031200,    1.44,    0.19,    0.26,    0.06,0.031200
2013-12-01,0.000000,0.028000,   -0.44,    0.00,   -0.58,    0.08,0.028000
2014-01-01,0.000000,-0.033000,    0.60,   -1.99,   -3.91,   -1.54,-0.033000
2014-02-01,0.000000,0.046800,    0.13,   -0.35,   -0.25,   -0.54,0.046800
2014-03-01,0.000000,0.004100,   -1.13,    4.90,    2.02,    1.92,0.004100
2014-04-01,0.000000,-0.001900,   -4.07,    1.22,    3.40,    0.93,-0.001900
2014-05-01,0.000000,0.020400,   -1.86,   -0.10,   -0.09,   -0.96,0.020400
2014-06-01,0.000000,0.026100,    3.06,   -0.71,   -1.83,   -1.91,0.026100
2014-07-01,0.000000,-0.020300,   -4.20,   -0.08,    0.93,    0.51,-0.020300
2014-08-01,0.000000,0.042400,    0.29,   -0.57,   -0.64,   -0.69,0.042400
2014-09-01,0.000000,-0.019600,   -3.66,   -1.47,    1.20,   -0.59,-0.019600
2014-10-01,0.000000,0.025100,    3.66,   -1.63,   -0.39,    0.21,0.025100
2014-11-01,0.000000,0.025600,   -2.30,   -3.13,    1.57,    0.14,0.025600
2014-12-01,0.000000,-0.000500,    2.83,    2.12,   -1.21,    0.90,-0.000500
2015-01-01,0.000000,-0.030900,   -0.93,   -3.45,    1.58,   -1.64,-0.030900
2015-02-01,0.000000,0.061400,    0.36,   -1.79,   -1.10,   -1.75,0.061400
2015-03-01,0.000000,-0.010900,    3.08,   -0.38,    0.07,   -0.62,-0.010900
2015-04-01,0.000000,0.006000,   -3.01,    1.80,    0.05,   -0.62,0.006000
2015-05-01,0.000000,0.013800,    0.82,   -1.11,   -1.76,   -0.83,0.013800
2015-06-01,0.000000,-0.015400,    2.90,   -0.82,    0.35,   -1.54,-0.015400
2015-07-01,0.000000,0.015700,   -4.58,   -4.16,    0.31,   -2.44,0.015700
2015-08-01,0.000000,-0.060200,    0.29,    2.75,    0.66,    1.29,-0.060200
2015-09-01,0.000000,-0.030600,   -2.80,    0.55,    1.80,   -0.59,-0.030600
2015-10-01,0.000000,0.077500,   -2.06,   -0.47,    0.95,    0.61,0.077500
2015-11-01,0.000000,0.005700,    3.30,   -0.43,   -2.65,   -1.06,0.005700
2015-12-01,0.000100,-0.021500,   -2.95,   -2.57,    0.34,    0.12,-0.021400
2016-01-01,0.000100,-0.057400,   -3.44,    2.08,    2.78,    3.05,-0.057300
2016-02-01,0.000200,-0.000700,    0.87,   -0.61,    3.31,    1.94,-0.000500
2016-03-01,0.000200,0.069500,    1.00,    1.22,    0.68,    0.01,0.069700
2016-04-01,0.000100,0.009100,    1.23,    3.22,   -2.85,    1.77,0.009200
2016-05-01,0.000100,0.017800,   -0.62,   -1.62,   -1.10,   -2.54,0.017900
2016-06-01,0.000200,-0.000300,    0.42,   -1.49,    1.45,    1.90,-0.000100
2016-07-01,0.000200,0.039400,    2.47,   -1.24,    1.31,   -1.16,0.039600
2016-08-01,0.000200,0.004900,    1.66,    3.17,   -1.85,   -0.36,0.005100
2016-09-01,0.000200,0.002700,    1.81,   -1.19,   -2.18,    0.03,0.002900
2016-10-01,0.000200,-0.020100,   -4.02,    4.11,    0.99,    0.25,-0.019900
2016-11-01,0.000100,0.048500,    6.96,    8.29,   -0.24,    3.71,0.048600
2016-12-01,0.000300,0.018100,    0.44,    3.47,    1.24,   -0.32,0.018400
2017-01-01,0.000400,0.019400,   -1.44,   -2.76,   -0.51,   -1.06,0.019800
2017-02-01,0.000400,0.035500,   -2.30,   -1.50,    0.45,   -1.80,0.035900
2017-03-01,0.000300,0.001700,    0.75,   -3.33,    0.63,   -0.95,0.002000
2017-04-01,0.000500,0.010800,    0.41,   -2.05,    1.79,   -1.60,0.011300
2017-05-01,0.000600,0.010700,   -2.99,   -3.82,    0.99,   -1.66,0.011300
2017-06-01,0.000600,0.007800,    2.52,    1.50,   -2.26,    0.04,0.008400
2017-07-01,0.000700,0.018800,   -1.64,   -0.23,   -0.75,   -0.15,0.019500
2017-08-01,0.000900,0.001800,   -1.83,   -2.13,    0.20,   -2.38,0.002700
2017-09-01,0.000900,0.024900,    4.76,    3.15,   -1.54,    1.63,0.025800
2017-10-01,0.000900,0.022500,   -1.91,    0.13,    0.92,   -3.14,0.023400
2017-11-01,0.000800,0.031200,   -0.38,   -0.09,    3.19,   -0.10,0.032000
2017-12-01,0.000900,0.010600,   -1.05,    0.05,    0.73,    1.79,0.011500
2018-01-01,0.001100,0.055800,   -3.21,   -1.32,   -0.75,   -1.05,0.056900
2018-02-01,0.001100,-0.036400,    0.34,   -1.10,    0.53,   -2.36,-0.035300
2018-03-01,0.001200,-0.023500,    3.61,   -0.21,   -0.41,    0.08,-0.022300
2018-04-01,0.001400,0.002900,    0.89,    0.53,   -2.42,    1.24,0.004300
2018-05-01,0.001400,0.026300,    4.71,   -3.14,   -1.98,   -1.49,0.027700
2018-06-01,0.001400,0.004900,    0.77,   -2.33,    0.83,    0.20,0.006300
2018-07-01,0.001600,0.032000,   -1.93,    0.49,    1.53,    0.31,0.033600
2018-08-01,0.001600,0.034600,    0.65,   -3.91,   -0.29,   -2.57,0.036200
2018-09-01,0.001500,0.000600,   -2.49,   -1.62,    0.65,    1.36,0.002100
2018-10-01,0.001900,-0.076400,   -4.38,    3.38,    1.03,    3.60,-0.074500
2018-11-01,0.001800,0.017100,   -0.81,    0.36,   -0.61,    0.40,0.018900
2018-12-01,0.001900,-0.095500,   -2.81,   -1.92,   -0.03,    0.24,-0.093600
2019-01-01,0.002100,0.083600,    2.91,   -0.39,   -0.73,   -1.65,0.085700
2019-02-01,0.001800,0.034200,    1.72,   -2.66,    0.16,   -1.54,0.036000
2019-03-01,0.001900,0.011000,   -3.52,   -4.14,    0.88,   -0.90,0.012900
2019-04-01,0.002100,0.039700,   -1.15,    2.13,    1.61,   -2.18,0.041800
2019-05-01,0.002100,-0.069200,   -1.56,   -2.45,   -0.48,    1.76,-0.067100
2019-06-01,0.001800,0.069200,    0.37,   -0.64,    0.89,   -0.42,0.071000
2019-07-01,0.001900,0.012200,   -1.82,    0.50,   -0.13,    0.37,0.014100
2019-08-01,0.001600,-0.025500,   -3.25,   -4.77,    0.53,   -0.62,-0.023900
2019-09-01,0.001800,0.014200,    0.29,    6.76,    1.82,    3.38,0.016000
2019-10-01,0.001500,0.020700,    0.25,   -1.92,    0.43,   -1.03,0.022200
2019-11-01,0.001200,0.038700,    0.39,   -2.00,   -1.64,   -1.14,0.039900
2019-12-01,0.001400,0.027600,    0.99,    1.73,    0.05,    1.19,0.029000
2020-01-01,0.001300,-0.000900,   -4.37,   -6.22,   -1.19,   -2.19,0.000400
2020-02-01,0.001200,-0.081500,    0.08,   -3.82,   -1.43,   -2.53,-0.080300
2020-03-01,0.001200,-0.133500,   -8.18,  -13.83,   -1.61,    1.19,-0.132300
2020-04-01,0.000000,0.135800,    2.57,   -1.34,    2.76,   -1.02,0.135800
2020-05-01,0.000100,0.055900,    1.92,   -5.00,    0.96,   -3.16,0.056000
2020-06-01,0.000100,0.024400,    1.95,   -2.17,    0.14,    0.55,0.024500
2020-07-01,0.000100,0.058300,   -3.19,   -1.44,    0.38,    0.97,0.058400
2020-08-01,0.000100,0.076200,   -0.89,   -3.02,    4.27,   -1.51,0.076300
2020-09-01,0.000100,-0.036400,   -0.01,   -2.72,   -1.38,   -1.93,-0.036300
2020-10-01,0.000100,-0.020800,    4.67,    4.25,   -0.77,   -0.57,-0.020700
2020-11-01,0.000100,0.124400,    7.12,    2.09,   -2.25,    1.28,0.124500
2020-12-01,0.000100,0.046300,    4.93,   -1.68,   -1.97,   -0.06,0.046400
2021-01-01,0.000000,-0.000700,    6.81,    3.22,   -3.65,    4.97,-0.000700
2021-02-01,0.000000,0.028100,    4.50,    7.20,    0.33,   -1.99,0.028100
2021-03-01,0.000000,0.031600,   -0.84,    7.35,    6.35,    3.52,0.031600
2021-04-01,0.000000,0.049700,   -3.16,   -1.02,    2.43,   -2.72,0.049700
2021-05-01,0.000000,0.002900,    1.27,    7.04,    2.34,    3.01,0.002900
2021-06-01,0.000000,0.027300,   -0.30,   -7.86,   -2.14,   -0.93,0.027300
2021-07-01,0.000000,0.013400,   -4.55,   -1.79,    5.50,   -0.59,0.013400
2021-08-01,0.000000,0.029500,   -0.66,   -0.23,   -0.26,   -1.72,0.029500
2021-09-01,0.000000,-0.044000,    1.12,    5.12,   -1.92,    2.00,-0.044000
2021-10-01,0.000000,0.066300,   -2.70,   -0.53,    1.71,   -1.54,0.066300
2021-11-01,0.000000,-0.015800,   -1.70,   -0.37,    7.19,    1.70,-0.015800
2021-12-01,0.000100,0.032400,   -0.78,    3.26,    4.88,    4.29,0.032500
2022-01-01,0.000000,-0.061500,   -4.01,   12.86,    0.77,    7.73,-0.061500
2022-02-01,0.000000,-0.022800,    2.86,    3.06,   -2.03,    3.03,-0.022800
2022-03-01,0.000000,0.030800,   -2.11,   -1.90,   -1.50,    3.21,0.030800
2022-04-01,0.000000,-0.094100,   -0.35,    6.18,    3.41,    5.92,-0.094100
2022-05-01,0.000300,-0.003300,   -0.03,    8.44,    1.55,    3.95,-0.003000
2022-06-01,0.000600,-0.084000,    1.33,   -6.00,    1.76,   -4.58,-0.083400
2022-07-01,0.000800,0.095700,    1.78,   -4.15,    0.77,   -6.85,0.096500
2022-08-01,0.001900,-0.037700,    1.49,    0.18,   -4.78,    1.32,-0.035800
2022-09-01,0.001900,-0.093400,   -0.97,    0.03,   -1.37,   -0.77,-0.091500
2022-10-01,0.002300,0.078600,    1.81,    7.97,    3.27,    6.43,0.080900
2022-11-01,0.002900,0.046900,   -2.75,    1.48,    6.30,    3.15,0.049800
2022-12-01,0.003300,-0.063800,   -0.19,    1.34,    0.32,    4.28,-0.060500
2023-01-01,0.003500,0.065900,    4.39,   -3.94,   -2.42,   -4.43,0.069400
2023-02-01,0.003400,-0.025700,    0.58,   -0.80,    0.97,   -1.51,-0.022300
2023-03-01,0.003600,0.024900,   -6.89,   -9.05,    2.27,   -2.10,0.028500
2023-04-01,0.003500,0.006300,   -2.57,   -0.12,    2.42,    2.85,0.009800
2023-05-01,0.003600,0.003300,   -0.43,   -7.79,   -1.78,   -7.08,0.006900
2023-06-01,0.004000,0.064600,    1.28,   -0.13,    2.32,   -1.54,0.068600
2023-07-01,0.004500,0.032100,    2.86,    4.06,   -0.59,    0.66,0.036600
2023-08-01,0.004500,-0.023600,   -3.65,   -1.15,    3.35,   -2.41,-0.019100
2023-09-01,0.004300,-0.052300,   -1.78,    1.49,    1.87,   -0.77,-0.048000
2023-10-01,0.004700,-0.031500,   -4.03,    0.20,    2.41,   -0.69,-0.026800
2023-11-01,0.004400,0.088800,   -0.20,    1.67,   -3.73,   -1.08,0.093200
2023-12-01,0.004300,0.048600,    7.27,    4.89,   -2.97,    1.29,0.052900
2024-01-01,0.004700,0.007300,   -5.72,   -2.38,    0.67,   -0.97,0.012000
2024-02-01,0.004200,0.050700,   -0.82,   -3.43,   -2.06,   -2.17,0.054900
2024-03-01,0.004300,0.028400,   -1.21,    4.16,    1.33,    1.14,0.032700
2024-04-01,0.004700,-0.046500,   -2.59,   -0.45,    1.14,   -0.31,-0.041800
2024-05-01,0.004400,0.043200,    0.59,   -1.31,    3.17,   -2.85,0.047600
2024-06-01,0.004100,0.028000,   -4.32,   -3.36,    0.56,   -1.80,0.032100
2024-07-01,0.004500,0.012200,    8.34,    5.62,    0.26,    0.28,0.016700
2024-08-01,0.004800,0.016100,   -3.55,   -1.10,    0.76,    0.82,0.020900
2024-09-01,0.004000,0.017300,   -0.92,   -2.77,    0.20,   -0.29,0.021300
2024-10-01,0.003900,-0.010000,   -0.89,    0.86,   -1.48,    0.98,-0.006100
2024-11-01,0.004000,0.064900,    4.59,    0.15,   -2.31,   -2.05,0.068900
2024-12-01,0.003700,-0.031500,   -3.83,   -3.00,    1.89,   -1.21,-0.027800
2025-01-01,0.003700,0.028000,   -1.23,    1.63,   -2.35,   -3.24,0.031700
2025-02-01,0.003300,-0.024300,   -4.91,    4.91,    1.08,    3.06,-0.021000
2025-03-01,0.003400,-0.063900,   -1.49,    2.90,    2.11,   -0.47,-0.060500
2025-04-01,0.003500,-0.008400,   -1.86,   -3.40,   -2.85,   -2.67,-0.004900
2025-05-01,0.003800,0.060600,   -0.72,   -2.88,    1.29,    2.51,0.064400
2025-06-01,0.003400,0.048600,   -0.02,   -1.60,   -3.20,    1.45,0.052000
2025-07-01,0.003400,0.019800,   -0.15,   -1.27,   -0.29,   -2.07,0.023200
2025-08-01,0.003800,0.018500,    4.88,    4.42,   -0.68,    2.07,0.022300
2025-09-01,0.003300,0.033900,   -2.18,   -1.05,   -2.03,   -2.22,0.037200
2025-10-01,0.003700,0.019500,   -1.31,   -3.10,   -5.22,   -4.03,0.023200
