Ticker,Alpha,Beta_MKT,Beta_SMB,Beta_HML,Beta_RMW,Beta_CMA,R_squared,Adj_R_squared,ResidVar,N_obs
A,0.004562850358702582,1.4015145734721506,0.3327335732939282,-0.5569684425510778,-0.9718094991109805,0.6828048852315133,0.47226764553386924,0.46361629546065397,0.007878316434782881,311
AAPL,0.014157382716793473,1.0858523323300475,0.3479006357446772,-0.5358783152838588,0.2136602329108419,-0.7548268087749977,0.2807010417190332,0.27219868996630314,0.010277300146589218,429
ABBV,0.009001127350906147,0.7286450212047284,0.05725604854845038,0.08373698230034403,0.1432520631605263,0.5243609182637241,0.19706251371475025,0.16975171486151053,0.004561001540849945,153
ABNB,0.0016810108004990092,1.07152726853701,0.5615824957741851,-0.4654558618238492,-1.210178151638599,0.490057825208425,0.3733871814195482,0.3131359488637355,0.008704429342077723,58
ABT,0.00289122783303611,0.7029327790995344,-0.2985993682417866,-0.27987146884226827,0.34254360656793936,0.5255744938957099,0.2474286823590185,0.23853304030652467,0.002461380830417223,429
ACGL,0.004874793152101434,0.4417101875049403,0.4182983853507294,0.16008560921064763,0.4017454293013235,0.12613055428260206,0.1505320171229153,0.13856767933591418,0.0034684287653178165,361
ACN,0.0035253271395842786,1.1047745756803928,0.18221008639834746,-0.4624273027598377,0.07562151390462404,-0.00031307955939163616,0.48849720337635905,0.47952347010226004,0.0027489968793205154,291
ADBE,0.010404616342892267,1.3043480239500798,0.3107269400553239,-0.5325554873563879,-0.42217798480227003,0.01239246735490091,0.30047071702876904,0.29220204938135497,0.01142544752713788,429
ADI,0.010267505446288811,1.3697476581654806,0.3628124269308159,-0.31286277629171827,-0.8394015441376566,-0.10836786817286959,0.45548103731306455,0.44904464295506297,0.007383153521309889,429
ADM,-0.001123867971039882,0.7588256253419247,-0.02215653247130771,0.09226470641157526,0.4535904767537398,0.5630548890179662,0.1694072578191299,0.15958937670588091,0.00497248758125374,429
ADP,0.002645659365142601,0.8889017578756367,-0.18545387828722684,-0.0618914574196301,0.2616449936731632,0.22670098525387264,0.35942079070827804,0.35184893244241844,0.0023044184329896055,429
ADSK,0.005011967624489934,1.4143849344637356,0.4961327061247972,-0.11591219737089858,-0.10056566999219958,-0.4422532409471263,0.3578244704511454,0.35023374315151345,0.009580709047523714,429
AEE,0.001737445318717546,0.5008990562911674,-0.24804341973807054,0.0347880784939331,0.2646501460585208,0.5549783802186113,0.20084622338528968,0.18862674667864276,0.0022363781393332327,333
AEP,0.0011452384752864352,0.502441135498175,-0.27187590146843343,0.1769903890960113,0.23480318091652658,0.5619386128515095,0.19437524894461689,0.1848524977501087,0.0025039163648505696,429
AES,0.0017083935611036784,1.3283002992577906,0.34551397433461034,0.27188462246119144,-0.35729292311020555,0.15471833421328435,0.23918604745772787,0.2298164175003108,0.01327706208129937,412
AFL,0.0029658877085692852,1.1678324873227202,-0.37428531925067576,0.7555522102264559,0.29777831610197913,-0.02387432783869143,0.40832800444226425,0.401334245629525,0.00407061057671171,429
AIG,-0.0002687068284452368,1.534893346609983,-0.757444425244333,1.8170772584761832,-0.9126746699053223,-0.47641435776406577,0.23326841512327423,0.2242053940254406,0.022893690243309235,429
AIZ,0.005737302960991095,0.8145945619705113,0.05444969179095069,0.39822226109243203,-0.2655154257916245,-0.09286470781080343,0.29899074849747576,0.2851913537828592,0.004037829290081122,260
AJG,0.0038952442322280076,0.7029848791794835,0.1080468931372953,0.29207371659540576,0.47928411308308316,0.09962713002244569,0.20662058316284515,0.19724257587162586,0.003807946143632471,429
AKAM,0.012189209589826144,1.3194925606896937,-0.2168926991846359,-0.6465184857242848,-2.114542753178489,0.1788152489520931,0.30532989575252856,0.2939790770556745,0.02499218994385542,312
ALB,-0.00022056541387841994,1.336646265461231,0.4235379336684003,0.48500340154768357,0.48895346632633896,-0.27431701951959814,0.35377108288122405,0.34513165885557195,0.007213647950523491,380
ALGN,0.013029526450903712,1.642444940971199,1.3278768931444007,-0.8117241388124103,-0.8356802312638416,-0.16157806625762522,0.3201784330524934,0.3084976501152511,0.022813804554193386,297
ALL,0.0006109910940003656,0.9367342857885326,-0.34434913249650845,0.7837228799588637,0.23353840441290363,0.18485928681428077,0.3948139339041469,0.3868926503165049,0.003373472443953101,388
ALLE,0.002317611809649439,0.9366944547392418,0.5298144836330387,0.19257732693759055,0.41493961446213046,-0.054931535342049254,0.5029072052591916,0.4847651324584322,0.002480555862082228,143
AMAT,0.010450089112815955,1.5893311489855424,0.34333262040562396,-0.21576601844231466,-0.3582647587889819,-0.495624546658653,0.45719667759864946,0.4507805626766477,0.008224935777270398,429
AMCR,-0.005102899016065908,0.7522742238049019,-0.017677146349679037,0.23249956314957243,0.32307010319030277,0.14140315394326614,0.3143821284486149,0.29226542291469926,0.002511684729682865,161
AMD,0.010679449949229184,2.006775745416161,0.1411570978433513,-0.30910210786329284,-0.3974471482679164,-0.08688708628961271,0.26793091719384643,0.2592776183427098,0.025372531332146963,429
AME,0.000714270085404898,1.083727424643237,0.33958379689264084,0.004904776901261506,0.8229925236692166,0.3118920370902006,0.39249942667829685,0.38531856883761484,0.0033053799385112707,429
AMGN,0.01049623807169508,0.7496359457775637,-0.06959389812111631,-0.5090140432738299,-0.04688762236295148,0.38459399879289824,0.1508558932114934,0.14081872882865054,0.0068231964113320345,429
AMP,0.003671566938470977,1.5202727912568248,0.13712451104353665,0.7486522751456514,-0.09302384503692288,-0.23527077284230025,0.7006256850565962,0.6942560187812046,0.00260769536043555,241
AMT,0.010227036220144082,0.9786102000708797,-0.1919577337750189,-0.7290687275741824,-1.301830233138719,1.316820978139762,0.20867119610559026,0.196534251260584,0.016956989155500563,332
AMZN,0.026912622356024367,1.4972707686394924,-0.5725024791064591,-0.7413535041135791,-0.49276603848500583,-0.8231276029347916,0.31278774289780176,0.3025308435380675,0.018329316554408004,341
ANET,0.018052392008890396,1.2452014808502103,-0.10345884173342025,-0.5675885201452895,0.16812757898046427,-0.15285909079337384,0.27573059361988783,0.24787407798988348,0.009822038403318072,136
AON,0.003036426083112233,0.8334565929527397,-0.37000603982751645,0.46812828800765294,0.31847398938129146,-0.3107668882678167,0.2503200370731159,0.24145857179029218,0.004369913710382753,429
AOS,0.0025191309135014924,0.9827086205168019,0.7804908052562531,-0.04561864284650165,1.0158934143869072,0.3890208836295926,0.25941180477234815,0.25065780719282515,0.006421748707753951,429
APA,-0.004545969814445554,1.5848654251827048,0.5639434785905335,0.7800695186749417,0.7819866948337737,0.5574081030389761,0.22509771974437243,0.2159381183229111,0.0193797756134831,429
APD,-0.0017389189171501049,1.112209518949319,0.021446967968868604,0.00786268846477086,0.6286757916885223,0.338154935846894,0.3974912867180155,0.39036943431515514,0.0031008282473301537,429
APH,0.012215971841900639,1.2312592422745745,0.07068904167645675,-0.3040495568070616,-0.24106252790196261,0.06405354555549407,0.34785652458409155,0.33972505980334444,0.006528440939668079,407
APO,0.004595942888899997,1.539467261857586,0.0652204230917442,0.2459881558468037,-0.09834635003638527,-0.3071283727792974,0.4500515212853058,0.4337808562345752,0.005873866726585662,175
APTV,-0.00331974160780967,1.521744109609438,0.868534720424596,0.21873214969145274,0.8083298545071401,-0.5264642203397342,0.5522838138987006,0.5383795845166728,0.004926247109405023,167
ARE,-0.0007895222977756944,0.8261829299316701,0.4598826380693624,0.27034816818656165,0.3772486214129304,0.26965398064652935,0.28094338487979287,0.2702111965944166,0.004539420931949072,341
ATO,0.0030796500949680293,0.4564873072424288,0.24990841927702395,-0.06576312625362647,0.5052170200213923,0.41566467115872113,0.13812707271871327,0.1279394494647974,0.0027320603802968584,429
AVB,0.001098343181500811,0.7568985187461882,0.35621515621145855,0.38432041615295687,0.3266624588119227,-0.04968244088017857,0.3577764953554816,0.34916760119134604,0.002528734484161407,379
AVGO,0.020321303963053917,1.055170316965725,-0.0749006838994056,-0.3913496206156431,-0.19030145888813668,-0.13360390939592323,0.2763559476778401,0.2571100952224634,0.006048423982691339,194
AVY,-0.001281499800398651,1.053480770837699,0.06041820942052067,0.2574307431458952,0.3173579928874399,0.12274449560421026,0.359282442814317,0.35170894923056184,0.00356852185410335,429
AWK,0.005057194983460183,0.47586188546699826,-0.043475071505176426,-0.39042711900433813,0.3440574135819427,0.6314272826921729,0.16485309406301907,0.14438380715279886,0.0025358512604103313,210
AXON,0.032808598317414686,1.0115034249120656,1.9189530153335252,-0.9217328389895146,-0.9169231067400903,1.3214825351433745,0.20650755473501392,0.1926353091884233,0.029684519351154893,292
AXP,0.0009823058424786764,1.3523250015244492,-0.11901930159344755,0.711716924357062,-0.055073658217337104,-0.08055653670454518,0.48366082857264203,0.4775575286739735,0.003979507524439649,429
AZO,0.007784262697424451,0.6846178605224559,0.35155403371555294,-0.00855428258138953,0.8564905487378836,-0.059897408036093336,0.15688511802389293,0.14655282780359757,0.005479518706992834,414
BA,-0.002609905077516636,1.154740752117856,0.3037033428218779,0.3594640246425576,0.4909506824137892,0.1347939295520255,0.32342295349828265,0.315425588882423,0.005469018417792655,429
BAC,0.001030656343098886,1.3215276334883308,-0.24584956325246246,1.9851797836756089,-0.5661785697682218,-1.271142233858232,0.5510735080646617,0.5457670483491139,0.005075669045731641,429
BALL,0.0017128478530501266,0.6680088743732057,0.06471232950660341,-0.03459418521510918,0.7685397034461444,-0.09308449207697372,0.17773287801971793,0.16801340849276425,0.004223810279962831,429
BAX,-0.0022111055068696553,0.7845578753696704,-0.27486656940847704,-0.10944050904664569,0.12481334776194242,0.8260289118182832,0.19267332402029558,0.18313045550989726,0.004220010517665753,429
BBY,0.015187255450535252,1.1896263686290056,0.814073820491333,0.13254133930406917,0.19751186051273908,-0.9238199425260919,0.19218703713786267,0.1826384205555679,0.019669250028621927,429
BDX,0.002635748649117777,0.6543365495266205,0.09404866311833505,-0.3264948205465092,0.10850508942735028,0.6934147534898404,0.17691399447473954,0.16718484547325885,0.0034719200818930577,429
BEN,-0.003725110594364515,1.5090368164505557,0.23043067471471793,0.4529407812456269,0.3891753324466476,0.22752722783843674,0.49618039966181704,0.4902250852370158,0.004388380977507273,429
BF-B,-0.00124271626357871,0.7204020239713526,0.024387946727164416,0.023842679007353585,0.7765991999623354,0.02214613645279951,0.2535255553130269,0.24470198031672707,0.0029725860912528223,429
BG,0.004950070037605464,0.7797100674342178,-0.34182485388189904,0.6238713707943424,-0.21225095075594272,-0.35777392474128944,0.20540375475217987,0.19141438423725343,0.005979251165983576,290
BIIB,0.013927498432182028,0.7788652174413342,0.7044862297430886,-0.9734479865780563,-0.3291329389613928,0.10532508982311929,0.16862103420237884,0.1583061586962048,0.018263628311065486,409
BK,0.002430235385536027,1.1958494958052488,-0.4154930922365688,0.8692854737602324,-0.28771483201285974,-0.3818255863343685,0.4584032673433127,0.45200141471143696,0.003808938768876628,429
BKNG,0.01655221900990749,1.5796590667818342,-0.1850546663367195,-0.14223894955654715,-0.8782317080895741,-0.5538870022886483,0.22250120799460005,0.2100810994961112,0.02754048148122211,319
BKR,-0.0032322550365457437,1.19911449350957,0.29294607805654904,0.6443549632915663,0.03844516784820048,0.4626553750410499,0.2740578730669888,0.2654769968621068,0.008729752125787506,429
BLDR,0.011330745481169106,1.5356036999406049,1.1513571873361252,1.0487755410371409,0.1257658574674088,-1.3798756849377711,0.3140465604380601,0.2996357738926413,0.021286489256361008,244
BLK,0.007456730775933931,1.1139109796362787,0.39512809391074805,0.07653051746137571,0.340421294267386,0.40843807474800975,0.3573765388215554,0.34687615546896644,0.004861966349188608,312
BMY,-0.0010350431159796396,0.739257514330673,-0.22412550712278617,-0.07843053909678106,0.31413228742115584,0.5062287148420667,0.1844743285203928,0.1748345451695701,0.0038256703644665457,429
BR,0.005413790496348727,0.8499964176436996,0.14083443207601495,-0.1458556729875612,0.2882233623626391,-0.3685918689179571,0.3514129360124518,0.33646853361642526,0.00325064996365463,223
BRK-B,0.002175089639411323,0.7144297940369092,-0.3700306790745797,0.5201361633612742,0.2296893561668286,-0.04985592137364448,0.41761695350259953,0.4092252669536457,0.0017741806560720543,353
BRO,0.007847639439435368,0.6114053186432915,0.06208645379056977,0.2569570791663318,0.21694829005504893,0.06549363133192766,0.15000911532655292,0.13996194174885257,0.0041025823669280405,429
BSX,0.004056461568793524,0.8818569816708227,-0.20217740400977618,0.054614970406258304,-0.12679559693437426,0.1815410946175112,0.14241998945910206,0.13156454628769831,0.008622796450741366,401
BX,0.004504344760014274,1.658439669958552,-0.010944687706991084,0.5517042847525034,-0.3981269356971562,-0.6285853676219504,0.5947580274260441,0.5852897570388021,0.005003195060605854,220
BXP,0.00022519494893835805,0.8577191494045967,0.45573043004306796,0.6164696256407703,0.18510423598133463,-0.019251542226215355,0.4090344242556506,0.40018763419959746,0.0033565187982917714,340
C,-0.0008293953008334542,1.6487236164982462,-0.47415998383856856,1.7533092892137203,-0.7170009679370241,-0.9828056999127355,0.6036156371804822,0.5989302428209133,0.004983850474491738,429
CAG,-0.003051193993966265,0.6707287989243145,-0.07951590799067855,0.06824450150002873,0.7331461675827897,0.36364735867401143,0.19532135840450904,0.18580979053695001,0.003780528270960964,429
CAH,0.004600905420096363,0.7776119753470997,0.011734617733012353,-0.12218004184213456,0.5093058733160624,0.314136811715184,0.14908000054402948,0.13902184452209132,0.005587173321017073,429
CARR,0.0033095337384333326,1.0811747023158345,0.5987692694651231,-0.26017560424748815,0.7560012447235549,0.2548227740405962,0.4694897121081729,0.426005262280974,0.00453048004284147,67
CAT,0.0011034415536312217,1.3625387503939579,0.1869725796241998,0.4237712843642117,0.36820724361776586,0.45575154273474516,0.4286271543457274,0.4218733382032419,0.004660982797916822,429
CB,0.0038207532389044462,0.793100197740651,-0.13861067457726345,0.5685767391577496,0.052579921922988604,0.040028566476367794,0.28744645969183824,0.27819251760991415,0.003486221333760796,391
CBOE,0.008337780275035393,0.44257111208561406,-0.06394565974506303,0.3629789881409285,0.11652861121940436,-0.32573319261185035,0.10350427574344434,0.07832181157893436,0.004129291109524,184
CBRE,0.005634920090672519,1.5481218001601302,0.8204210404967573,0.9118427806402063,0.040314765754621666,-0.9206212737671234,0.5549243867371483,0.5460228744718914,0.0064566189956126365,256
CCI,0.007905119119949242,1.1973214131409735,0.015608667008981897,-0.6214758866004474,-0.36367470486305414,-0.04020684698194803,0.26495763516702076,0.2534725982165055,0.012235466108186443,326
CCL,-0.003742527840933828,1.5326157613260551,0.4791217346135566,0.7249921299879578,0.4853531480556604,-0.2826287093511836,0.3803864685626477,0.37306243154802177,0.008429417144988282,429
CDNS,0.005235244103838837,1.3551425266273744,0.20481526029199068,-0.638863233274895,0.07071966936410853,-0.07533858049836807,0.3301372670847992,0.32221926787776367,0.00915272631913096,429
CDW,0.005514703881262719,0.9356838784426207,0.060641696365099904,0.34672085931173885,0.33788721843510006,-0.6347101977488585,0.42309790405639425,0.40278444997387286,0.0029429820356085966,148
CEG,0.04306395490284576,1.1339164420768655,-0.6355078222112317,-0.7873360760753532,-1.103351751380935,0.7476670811343417,0.2453641228194562,0.14861593343733515,0.015149115837446566,45
CF,0.012859339057326322,0.9461172996227586,0.47088698277485236,0.03269243524916348,-0.10331148993221845,0.327587351129511,0.17879478652423875,0.161396370984498,0.01126433017398179,242
CFG,0.004647941322179124,1.2247634549507214,0.7149804231677637,1.582478203986442,-0.4585587048880362,-0.6366855601076273,0.7866648978361621,0.7782658780659323,0.002258269589485146,133
CHD,0.004022990379779135,0.5450614591625346,-0.015580718026793701,-0.23740725260127926,0.7382092501583811,0.17458855969003892,0.16728129655021473,0.15743828587113928,0.0030754390759088145,429
CHRW,0.006385551922550251,0.6582780495081278,0.5045566118392263,-0.1729215718212835,0.26199940409526207,0.44254621050580856,0.1789539046073072,0.16651381225287243,0.0052162644782941065,336
CHTR,0.0028876695832098028,0.9086997026369337,0.30329709033586294,0.050848480958723706,0.5054968623582486,0.27579463504181106,0.22969579592920286,0.20864923297644877,0.00625962365355148,189
CI,0.003850639056112091,0.9325304742760377,0.23482885918198787,0.4605491768919305,0.0950840481341559,0.16420661800423023,0.23353876118966865,0.22447893567181598,0.0062577146876566046,429
CINF,0.0018598926119185993,0.753176774347309,-0.1318250385028467,0.46865043435585285,0.19400758239951812,0.6507877430142616,0.3044250199395435,0.2962030934612875,0.0031364424229614316,429
CL,0.0012794068191266375,0.730551587074542,-0.31582323625951203,-0.24036410054682827,0.5255205133284042,0.32779688026145953,0.267023250493871,0.2583592227219309,0.0025961155592387516,429
CLX,0.0013813178301402512,0.6033625194624718,-0.12205218911871205,-0.3621509037279101,0.4466537790339562,0.530149417593355,0.15045967049109887,0.14041782262456337,0.0033936475114224344,429
CMCSA,-0.0006617703416186872,1.064615922390786,0.09917794850494623,-0.024258729741650612,0.25522279355129995,0.31898724931774347,0.2759712444010619,0.26741298487861587,0.005148258471080636,429
CME,0.012836516382875864,0.642792066546632,-0.20807796037313206,0.5279946271448263,-0.5366283294363565,-0.7460680454583382,0.18992693153382312,0.1748136280176631,0.005476241021485497,274
CMG,0.007518244841697483,1.0290824785264916,0.683641521477142,-0.9472512693103703,0.7052824745205845,0.43048886063368896,0.24608289135874584,0.2297643392236537,0.008647671520720768,237
CMI,0.0015038686957805107,1.413353721338854,0.24003966098305182,0.30434926870078877,0.30792236843491905,0.4242511963639034,0.37291909294154846,0.3655067890756093,0.006249042630022411,429
CMS,-0.000400248929405204,0.6616764570667631,-0.4969506390197618,0.2539766953723445,0.0038533094066803726,0.4187580615645742,0.15236158636061436,0.1423422197691322,0.0050333259170537445,429
CNC,0.00835949756989456,0.6449433660753503,0.8344985164945488,-0.3277128084959018,0.35136705287457676,0.2496365644460111,0.11943176672896982,0.10370733399198717,0.010627252388956423,286
CNP,0.0003169156171619637,0.7258753043954685,-0.0522398926749738,0.23292513061796216,0.26828771322019135,0.5367820944350397,0.15925135572890337,0.1493134284916563,0.0053008670816615784,429
COF,0.0061346456758375805,1.3502015271861347,-0.169612838520472,1.8215389775782338,-0.5723269636068988,-0.9847009291767026,0.5224722453864088,0.5159307692958117,0.00594908376059688,371
COIN,0.026379683626783414,3.1860672150354294,1.1072371451883047,0.262336589333741,-3.1669356850161465,-2.03945464255045,0.6678193396545591,0.6332171875352424,0.02562818958092275,54
COO,0.005338596111532817,0.6680650555793737,0.9453348900821532,-0.2798574208559554,0.8951705798767815,0.13810343997045293,0.10544710393592549,0.09487319263493177,0.013268877474678465,429
COP,0.0003117714282081245,0.9744465226323957,0.044693379136777234,0.8542009499220735,0.062167025348350634,0.012950805304524806,0.3447279129584949,0.336982380014742,0.004484594475728784,429
COR,0.009015645440574614,0.561053429620635,0.275228664038948,-0.02440555846661072,0.5078245762392991,0.5372383809301464,0.09835909709149082,0.085836306773317,0.006461588282437527,366
COST,0.005351351021745662,0.8210054705976728,0.14093674820603996,-0.28295842543607536,0.38576795713069634,-0.25114213074210184,0.2657236631607819,0.25704427383644124,0.004242272165398125,429
CPAY,0.0032329236451570315,1.130354215415304,-0.038015681619916745,0.4051255975778757,-0.26084119709184617,-0.201560634032461,0.357160156379992,0.33847295162359636,0.004739745053832245,178
CPB,-0.0024484514600434265,0.5618730136758894,-0.14467552970509487,-0.011398422697587425,0.47149886326118184,0.5483291899881837,0.1574355659505765,0.14747617547717906,0.003240372189514007,429
CPRT,0.011788929335876708,0.9501758470704166,0.12812421486424763,-0.1982213432132791,-0.13303197749493173,-0.09750000212335362,0.20185020820799227,0.1911511493367858,0.008910846953526577,379
CPT,0.0012414401949109046,0.7501932679542828,0.3619754734950994,0.4415224604401429,0.21884827747306426,0.04369525587473465,0.3183254177219206,0.3093795570621032,0.0031116542441028297,387
CRL,0.004651672043807108,0.8562092844460254,0.5810057772967168,0.07330580110214172,-0.007404404247387456,-0.42575847295702623,0.2515931883627799,0.23903602709369898,0.007120344416453028,304
CRM,0.011121828110944166,1.2813655783239009,0.24669239642044774,-0.4472374861262118,-0.4698764700513069,-0.8305124455355705,0.38025244404837744,0.367857492929345,0.007563118143945047,256
CRWD,0.026673229432553805,1.3723179891245407,-1.1392749545571617,-0.5912230404967053,-2.437620265208531,-0.8392339756107158,0.4873518835642241,0.45073416096166874,0.01278789629948685,76
CSCO,0.012244198956727372,1.2505597861242863,-0.005483581648959901,-0.4087166322960779,-0.2677753864803916,-0.1865812532515455,0.3733301946674088,0.3659051969738947,0.006706365939550107,428
CSGP,0.013742283197099832,1.0923666585747633,0.44667197091608,0.09549065938808562,-0.3972492217923426,-1.014915411610748,0.30690189145223523,0.29610597075834477,0.01153977086029319,327
CSX,-8.162519513275957e-05,1.1034434412875556,0.24130098683094767,0.28378535747672173,0.65197928956824,-0.11441990177852798,0.405821512917258,0.3987981265451216,0.0034562274854863097,429
CTAS,0.002448197559879884,1.1532368440444027,0.06631392612868227,0.3014996165224679,0.7225358711080618,-0.31115104141157945,0.39428680200441624,0.38712707153165526,0.003950593016107418,429
CTRA,0.004018195774919401,0.7382283914911348,0.13607621286982466,0.27450080878835653,0.10357729319802475,0.4690878151328805,0.09770816655003911,0.08701750501627181,0.010466176525583777,428
CTSH,0.017729968866996623,1.129902511339913,0.2522496459131,-0.20355461143126502,-0.13042216643847626,-0.5406442983773326,0.2399785513297512,0.22817697603984044,0.012762139139025028,328
CTVA,0.004849805585820401,0.7450050307836502,0.4614888636443245,0.18667211980702944,-0.039802052503828,0.5621776139474072,0.43069896757563075,0.39060734557391463,0.003371754601861115,77
CVS,-0.0015266641004348573,0.8634629802848832,0.07448511867892199,0.24226341725877146,0.35242603029301456,0.3640714236560071,0.22704710723685528,0.21791054822074252,0.0046283636791416205,429
CVX,-0.00020505344245770333,0.879807028936544,-0.061378475237317515,0.4674377995017356,0.1816784033677888,0.3282332384297793,0.37441247235866193,0.36701782073169575,0.0026016003424065718,429
CZR,0.004835784537298969,2.1517603266771044,1.138095689056467,0.4571766669157075,0.5075966687382719,-0.8334975391982218,0.45392738880252237,0.43242846710183425,0.01692223862969085,133
D,0.0008482370579228979,0.4916627147569148,-0.16047972172128835,0.059462835722320646,0.25746130424602687,0.5635472745065001,0.18530647571797265,0.17567652862244043,0.0021142380027495632,429
DAL,0.00676329472398343,0.8834855057090558,0.6126632937748233,0.7571130704564277,0.051696224602383954,-0.10517619492594797,0.22564833964219988,0.20764016149434406,0.012762357204342385,221
DASH,0.014385059118626963,1.6853130763275317,-0.08068451342099452,-1.0790929536773095,-1.6077182562582657,0.9854769295939028,0.47414515822305214,0.42358219266757646,0.01137568121410686,58
DAY,0.003880954534553651,1.0524604729826446,0.8073414289675175,-0.21805941131701417,-0.26791882892464486,-0.613938462233262,0.46141330324086294,0.42935457129091426,0.006697052039845815,90
DD,-0.00684305850015805,1.4502063357376165,0.29414723201195236,0.6373212285049658,0.5039427498113034,0.2631211111936343,0.4371412973781378,0.4304881212242151,0.005482174486093533,429
DDOG,0.02006945035733309,1.1959428566958215,0.29697314114771217,-0.8747603616876527,-1.3797902034233778,-0.5733578979654165,0.40028590068707803,0.35553111715626295,0.014548367905090587,73
DE,0.0008508385233630959,1.1341456263658314,0.1757602261248475,0.3815114542059873,0.38133745860791524,0.22839857632980157,0.3589030850813655,0.3513251073636511,0.004370703749777112,429
DECK,0.0068420117044856775,1.0080067405107076,1.0711859795378842,-0.2144461017500882,0.7915347151074158,0.2738201086894347,0.157536357220598,0.1463926582420344,0.015302018865464737,384
DELL,0.013563603324389705,1.0159034525901192,-0.5392887300304589,0.13297596792366073,0.25622468517553026,-0.016388111316353298,0.24431639121187199,0.20798544848167344,0.0067461804980951156,110
DG,0.003746936288464227,0.4100940658787875,0.40237643107656773,-0.7790924755010085,0.5859712883842523,0.9978013608535902,0.127792392392306,0.10421921380831423,0.005052081589499611,191
DGX,0.0060067773638961906,0.6799706932791292,0.29466309561031273,0.05400183257260145,0.6277122494906479,0.30148953187191285,0.14320695742283496,0.13060705973787656,0.00610432371800365,346
DHI,0.00252256441238734,1.3607012925328963,0.7832755591719819,0.2677014956196902,0.8604376663667992,0.1046994246055602,0.3079852093673554,0.29920329578064675,0.009046030371384116,400
DHR,0.006057066361892301,0.9654912630396353,0.14101590803825734,-0.12259229511758507,0.5866025448211677,0.05553040847076462,0.2980456057934706,0.289748272528618,0.003917327553574165,429
DIS,-0.002198034278412526,1.2037634028966386,-0.009827311040293872,0.096330778377395,-0.02549099629442941,0.3414807775202315,0.4322080464180723,0.4254965576050471,0.003457087452811517,429
DLR,0.00798408312805131,0.7627106837572849,-0.03380499725011099,-0.34277037224908335,0.13538602243330158,0.16374741634581275,0.207875480529633,0.19177538867047916,0.004141848445657922,252
DLTR,0.005242077641018708,1.0514829294801662,0.293694423162581,-0.3707501061385439,0.5171024264088052,0.32470311475434255,0.18477692548880165,0.17348574717147203,0.009272578980942737,367
DOC,0.0009902209021289093,0.6837920365096223,0.23190201285455375,0.2841180857102822,0.2527281857712754,0.3435230606657688,0.19708583496470045,0.1875951237940704,0.0041480832127417456,429
DOV,-0.0009930435986533492,1.2236810350856273,0.10321085517263386,0.16514409204346076,0.2931588919145567,0.1978218081220377,0.4867324303943035,0.48066543784577276,0.0028214189569540507,429
DOW,-0.015577566343509147,1.041902628691257,0.40430874265730943,0.6545977834854495,0.5366355480174848,0.1690878065874642,0.5984018955290384,0.5708951760447261,0.003539184461765302,79
DPZ,0.013125506710431514,0.8469753850319267,0.4724443500759116,-0.4525401305152182,0.2523530082708945,0.21694075261887202,0.13695762837633407,0.11962746027144111,0.010752655468753692,255
DRI,0.004688822559192082,0.7854452986497767,0.33909699936668297,0.3938024033409118,0.7604626355766192,-0.4680582930613721,0.1881237935528074,0.17681632549643977,0.007016806202050521,365
DTE,0.0016783153978359507,0.5286995107145032,-0.21772567379706684,0.19345765276827737,0.2536216029526896,0.4952956467071222,0.2370783368991135,0.22806035033763727,0.001968818042425689,429
DUK,0.002183040914812194,0.46822640852136166,-0.3208150419909651,0.11226436096939285,0.16313779480331406,0.5838844538720396,0.16348158258251155,0.15359365802674918,0.00265902711797455,429
DVA,0.005160522358909455,0.9268440048772313,0.545547601326958,0.19204383825252375,0.6494702723652108,-0.3824456645223431,0.16503828346308835,0.15324503887923369,0.011022192319614628,360
DVN,-0.0022007440809300198,1.2842786963825454,0.44981322557342845,1.185114046031151,0.21272897678453334,0.11021745522637542,0.30975516576984186,0.3015962433794145,0.0104932474371345,429
DXCM,0.017202134919596622,1.0043411549267494,0.32444009172851285,-0.9034642969234085,-1.1417309114533924,-0.0811592211536497,0.15126232728080713,0.1335802924324906,0.021684249698032836,246
EA,0.011808404905632551,0.9573589778827633,0.6216781764226543,-0.33001939846925366,-0.08706054303172399,-0.06622713132554789,0.20451798109875674,0.19511512035524325,0.011367835091878354,429
EBAY,0.01210641670447991,1.5669575386778014,-0.1861737520343813,-0.3677372894927421,-0.2811532127458829,0.027945383960695975,0.2660464419377345,0.2545424676734357,0.015852786840618947,325
ECL,0.0023783923664507656,0.8668578955799391,-0.05149412171125426,0.048755258303255174,0.6073812652886869,0.04682541983523421,0.3350305212351148,0.3271703619116527,0.002605714116772717,429
ED,0.0018806903775104658,0.3204491172962509,-0.2427880270553232,0.12293463678593729,0.4324972948081606,0.35779538019480733,0.14985382551510795,0.13980481636044018,0.002343233237670266,429
EFX,0.00011947448466476417,1.1174222667462335,0.2743919007983807,-0.22326306101877952,0.8496652435876675,0.4620096433588047,0.2496820140191146,0.24081300709262654,0.006420349084594951,429
EG,0.0029492740129532136,0.5787784736163748,-0.05284186749462118,0.5436398357199089,0.352350040724401,0.11576521904438528,0.22270887719371268,0.21173018901848262,0.0036119484326475153,360
EIX,-0.000775917610556099,0.6205828135261373,0.07232907684658595,-0.15462058775873888,0.3435852668830872,0.8310641047572433,0.12643866491053168,0.11611288080781934,0.004691413101436065,429
EL,-0.001000655543522675,1.0670350952349859,0.18617769464015124,-0.1317853528523842,0.6589733049574927,0.07244529057746538,0.2857295187622695,0.2756123731356728,0.00533957533140036,359
ELV,0.004955748729436055,0.7269531925820426,0.07113348897294244,0.3802776238111906,0.3907453630838868,0.04170239691186499,0.2003799737601819,0.1862023137204688,0.004955350961199061,288
EMN,-0.00633365679135323,1.4027190660019007,0.3113941231512095,0.6432902037545725,0.5779749464465148,0.0834400461381791,0.48056484102417374,0.4736574585909846,0.004554025009929993,382
EMR,-0.003491733230144016,1.24823318429537,0.0867498910974626,0.1277644014253577,0.5509000386863965,0.3204019664601256,0.5636477524009564,0.5584899244151521,0.002058185687300131,429
ENPH,0.025557560738764157,0.9249613383848945,1.977989433351741,-0.8337647691850562,0.3801972724848684,-0.031663053252667564,0.09220937150639497,0.06329884193653501,0.05494857927961663,163
EOG,0.0028024703101567064,1.0108313113056988,0.2055324846189009,0.9621555212395712,0.2143807172968479,0.12557217491691136,0.24881106075266668,0.23993175887031049,0.008518766316204353,429
EPAM,0.007375315621798046,1.4150972412586573,0.049441572355468914,-0.31660075992406805,-0.626076197712505,-0.1734756831544023,0.26177426577761265,0.23841269190981562,0.011963914524819987,164
EQIX,0.022468319696230633,1.3167392340308612,-0.1870690951625851,-0.45211625652337833,-2.301810031265982,-0.08088294410625306,0.20474399425524192,0.19131061577982367,0.03919467070003892,302
EQR,0.0008549066227386763,0.752203715663459,0.1975069183404535,0.40460188377549666,0.20160291108288333,0.19006420563573334,0.3129080598248498,0.30386737640149264,0.002860013130435225,386
EQT,0.0019079688441335468,0.8477214836772002,0.20181253428419085,-0.033807689580073304,0.3509100189445029,0.7061020752799096,0.11858942832429031,0.10817086364727235,0.009409420561524284,429
ERIE,0.005068624271521327,0.47359980254703127,0.4133098485111012,-0.13328740004062054,0.3928864487991365,0.07884938778639825,0.106054103291216,0.09342774881792804,0.0048843664319800344,360
ES,0.0002956623702043933,0.5413419150997583,-0.09900669835697454,-0.012853003156454044,0.20863743406404187,0.4018010691953075,0.13580863483666117,0.1255936068796477,0.0029818772537079474,429
ESS,0.0044347843483763215,0.6173510109954661,0.3048724236558631,0.40327561918590715,0.15706885907251342,0.021659796519332093,0.26899631105308086,0.25911788282406845,0.0028563683621678753,376
ETN,0.0011957971913100047,1.1694358138292213,0.414450961168549,-0.03680857004499175,0.5420982197906892,0.4677842914155917,0.4506551830538448,0.44416174550128973,0.003064464754899668,429
ETR,0.0021027726383801254,0.547500809947052,-0.2961784969245222,0.13709619544051976,0.4100108001522229,0.4527814983760652,0.18521441790699467,0.17558338265766837,0.0029900456970032865,429
EVRG,0.0015062840009836874,0.5781784576995347,-0.17235424162383425,0.1314614635685762,-0.06741046002204094,0.528939016295071,0.19301257833906815,0.18347371992700034,0.002630209460071445,429
EW,0.00947716162004974,0.7056598262173652,0.18599851317367722,-0.525108448232798,0.6161032412567091,0.2733549700445778,0.13021970562694996,0.11577152797955714,0.006654946544844021,307
EXC,0.0027685639168553676,0.4634230488564437,-0.30509488247097544,0.19671370466453042,0.10099954350932361,0.48437014840571085,0.12904032315115288,0.11874529150991353,0.0034438024967226974,429
EXE,0.010874645457406193,0.5729023309632262,-0.3863448770579047,0.5102167545059151,-0.18155483669207423,0.4019324836305025,0.1782286499957968,0.09605151499537645,0.005930129008814824,56
EXPD,0.003349018650061604,1.0125168920548355,0.45883012668229933,-0.06937130392088782,0.7221405583993803,-0.04310899350984695,0.29419412859713245,0.2858512695970986,0.005023353801579389,429
EXPE,0.003045093402924706,1.517159499805058,0.30528283968159087,0.3013250686462638,0.06993400389160191,-0.4810957806500845,0.31640007321176156,0.3019781338280435,0.01211999267770671,243
EXR,0.007437831576487995,0.8409558851846726,0.21278049957022538,0.12160842931189907,-0.10644655236580516,-0.10793736773589088,0.26230096897290356,0.2474280046376799,0.004832817748658821,254
F,-0.00470184212710509,1.5429123513829053,0.2528445319538749,0.7270536875682223,0.1941500274339533,0.08816745881822795,0.3250233310893672,0.3170448834663101,0.010295553269163255,429
FANG,0.009175054252579678,1.4586730860125021,0.6315190937886442,1.1172325238455991,-0.12801943538530125,0.4123616309739748,0.42663251181353956,0.4075202622073242,0.010052092873316066,156
FAST,0.0046791472238953595,1.1035789130354348,0.7174466658880098,-0.14605609031953562,0.9878283091055683,0.3308069125672302,0.2792241701587159,0.2707043612953438,0.006632044775939101,429
FCX,-0.003764285006701366,1.743432138997161,0.7921435980545982,0.11353701886458455,0.6233963005631781,0.613761298475937,0.31316342528397767,0.30354386541400535,0.014466877674422186,363
FDS,0.007647176848017945,0.9827971976398129,0.11670985808430089,-0.04284318748428881,0.09625735751399683,-0.3512563014920637,0.271363271059057,0.2608338385599105,0.006372113544441268,352
FDX,-0.00230168998610027,1.1560934079351548,0.26560039248766676,0.13956750073515464,0.6771086415499202,0.07689775733460731,0.3209334179739126,0.3129066262241953,0.005203789899312449,429
FE,0.0005480055841910535,0.4292324193824576,-0.1628942011583042,0.12805575255110613,0.592360799287499,0.24801286859190563,0.1508953802797448,0.1379910547520813,0.003415690921381927,335
FFIV,0.014882541766772223,1.509282747471681,0.27138734930660946,-0.9361619347064134,-0.8558021483519149,-0.015756979464975226,0.2954003609131727,0.28403585060532066,0.02171577233272969,316
FI,0.004003154334186184,0.9442202397054809,-0.15315692166077732,0.25498913938501333,0.4398230371441881,-0.11141185826567786,0.25248392677831255,0.24364803938798518,0.004789465761475643,429
FICO,0.012783330812325012,1.1325576129308061,0.5172887658879409,0.013004084003993666,0.0294194808492209,-0.024994502452291192,0.2649824639209949,0.2562943133763258,0.008591060613657667,429
FIS,0.0009015078589183926,0.9299888972547725,0.13842465570189172,-0.29043985843206194,0.3142349275058505,0.6715949506968267,0.15306861414919315,0.13826212138956362,0.008977972523191036,292
FITB,0.0013247708185409053,1.245741266159803,-0.13273512035752763,1.7408598885880873,-0.11352919319062993,-0.8796061675231595,0.46398710833025936,0.4576512585469291,0.005829335928635196,429
FOX,-0.000921624606585109,0.7790652360595773,-0.028132843720512724,0.7297601208700698,0.02628394228316327,-0.5299273192435305,0.44634760831380893,0.408426211622974,0.0032309757351336736,79
FOXA,0.0005983182427959544,0.7353075954033758,-0.02914188252605936,0.6745855904099516,-0.00599803832016268,-0.4068034200116082,0.3943398404734162,0.3528562679031022,0.003494010936586073,79
FRT,-0.0007634947868690644,0.7698662306398472,0.5056697711061469,0.4652342173909738,0.5023820247605935,0.003242850353514924,0.3590169470232888,0.3514403151914127,0.0028493183115664194,429
FSLR,0.010159200823838265,1.3877705515541656,0.08289530338094718,-0.029361412547618482,0.11355579947492642,-1.2721011883326807,0.17906412488966317,0.16049091504553792,0.02432557548444337,227
FTNT,0.01327260141487261,1.1033525241772666,0.10240963279961772,-0.3766799011066924,-0.3239817583536646,-0.6790431195018386,0.2821790241612647,0.26277845724670434,0.0083235552621592,191
FTV,-0.006356825150969727,1.0231749239167112,0.16933001637655493,0.2641797769395719,0.24981855012766319,-0.48639719167408363,0.6098501266107068,0.5912715612112167,0.0018875482293361312,111
GD,0.004187469343815196,0.8445682952169318,0.07030179084052891,0.4346678492618469,0.4274298256779649,0.04783663912183083,0.2895330146133088,0.28113505970330066,0.003550225244785852,429
GDDY,0.008183799330140755,0.8443308364252058,0.12461748441551095,0.15307918429831005,-0.034911276514362946,-0.6129721938965327,0.2809029110223573,0.25118815527947946,0.005213101218809864,127
GE,1.1605354878742621e-06,1.2334309767074814,-0.264496390407272,0.6132602291234888,-0.18406110456888597,-0.20743087866557638,0.45348913068841457,0.44702919133484975,0.0037605097235903434,429
GEHC,,,,,,,,,,34
GEN,0.00988749158238444,1.003271700483006,0.3143714122950378,-0.7637345444840111,-0.12332222740433117,0.1338165514607673,0.1711105480832008,0.16131280042460983,0.015103408083449196,429
GEV,,,,,,,,,,19
GILD,0.013809877488782674,0.7097514025804038,0.5214408096622577,-0.7624486636888268,-0.4596970372943738,0.7556017664163173,0.17588054268077336,0.165553231185545,0.010999845970105086,405
GIS,0.0006728574644784634,0.4021610073388404,0.02321296529450976,-0.1765199360911968,0.5533255183643536,0.40130150311960133,0.122198081466114,0.1118221722635857,0.0023733951906311514,429
GL,-0.0009879259248399231,1.0324147644282797,-0.22407956489404374,0.9660798719093288,0.34631749479229007,-0.2474139947671709,0.4796875628926366,0.47353729767860153,0.002835956193879187,429
GLW,0.007561839418982525,1.3678512599812729,-0.2437232141565303,-0.2996796340407343,-1.532993088640797,0.7391088729174226,0.3513129929324763,0.34364529781347486,0.011087548689966685,429
GM,-0.003805230691535922,1.307672973515556,0.3399909938844593,0.6837056526879306,-0.3418285881858479,-0.3279899441372663,0.5048146858797025,0.490502971598769,0.004443773399476675,179
GNRC,0.012852365909987345,1.0814760787341955,0.935885716886574,-0.06806726337083122,-0.5497269412063853,-0.5261071769529013,0.2628909611072363,0.24264071278600652,0.012650898906920347,188
GOOG,0.011835461609641055,1.0497881501480817,-0.3771143129890169,-0.08615501179116147,-0.05000744028879117,-0.9259878141799145,0.3297283288809514,0.316214787124519,0.0052059530505118795,254
GOOGL,0.01177453843704834,1.0487717213103807,-0.3692491887851927,-0.08583642837063943,-0.030522402942463077,-0.9383722999916461,0.32944579707277144,0.3159265591105289,0.005220460843014674,254
GPC,-0.0025334440574210706,0.8315984325169141,0.2464343632522476,0.22778199378357633,0.5838795238600359,0.405606525493822,0.39526487364678287,0.38811670430454626,0.002118336245092654,429
GPN,0.0056184680570289525,0.8496767591852276,0.2758284468010134,0.13095425482437942,0.06893919962214996,-0.18994409407636909,0.24792242547680232,0.23500013038190193,0.0053677403957207055,297
GRMN,0.007286289568931876,1.020461261194263,0.5504353652675882,-0.005355593495979009,0.16489734154269223,0.16917747595364832,0.2721176965580704,0.2596539584854346,0.007037959396762834,298
GS,0.004977557975586757,1.3188983635845293,0.024853211671773064,0.5891980047909766,-0.5287535968581776,-0.4811812771427433,0.573953444019701,0.5671038209332011,0.003641719624330302,317
GWW,0.001124760963852329,0.991476808375396,0.1964626814501992,0.0998233097028788,0.7097459733926915,0.06695298743470629,0.3263962627970106,0.31843404368113604,0.003704082524260276,429
HAL,-0.003993436207286519,1.5243858120788223,0.10411763369736908,0.7381804693145614,-0.18528270159323398,0.5499870045118703,0.34817596554270225,0.340471189721694,0.009317989524094614,429
HAS,0.0007949398320073027,0.9645506198189685,0.10335431789247797,0.11856847980097295,0.17909184408778497,0.19226876530782783,0.2298977025707548,0.22079483853494808,0.005641018882148612,429
HBAN,-0.0009884539375120149,1.031405984637102,0.3068134519414877,1.5900685655610733,-0.08889914704199509,-0.7067665211517097,0.45683954627828327,0.45041920994587525,0.004990892767775499,429
HCA,0.0053251024850373115,1.3895862850955882,-0.038004772437475465,0.22959395563224994,0.18706140021241047,0.22682276756498196,0.376373005156452,0.3579225023504299,0.005972891457863534,175
HD,0.005661110115174899,1.0501706211553397,0.1375790407010534,0.022043845494506404,0.258677310263597,-0.09749815507189016,0.3728264632025129,0.36541306442240074,0.003583438451920315,429
HIG,-0.0003384607819061095,1.5774155707561843,-0.5036567096626233,1.4696083797993402,-0.09818554420654912,-0.15073009868204965,0.44230769410727067,0.43438592839856716,0.008382403193410727,358
HII,0.008924567418221273,0.743378781031708,0.003996374215798968,0.6693690493498781,-0.5011602341097511,-0.4689715305746041,0.25757156568971495,0.23560622739651127,0.004880400201515732,175
HLT,0.002358719064252095,1.1621770830129858,0.17895193638880985,0.26219665372069406,0.33254397659444096,-0.054115522202918105,0.5266776598442505,0.5092761032208774,0.0027479035485172922,142
HOLX,0.005733794124094367,1.128128957771028,0.8115894968091815,-0.6249312817065168,-0.02568583552934128,0.7261879100457903,0.18772524861558781,0.17807828007183002,0.015813869427528368,427
HON,-0.0015998936297304581,1.295603025140499,-0.1604762125909313,0.12298567001640531,0.3431427931411276,0.570882976143287,0.4508217441164991,0.44433027537083125,0.003350740244518571,429
HPE,-0.0006542660598387274,1.3479196177782096,-0.11556309479736517,0.48463397228000216,0.015936559312766184,0.09809069776645724,0.47885536580943744,0.45599814501160574,0.004506449583634295,120
HPQ,0.001326264123212598,1.2570608370289407,0.3357619108670483,-0.005891047171415315,-0.2963678277227241,0.08142104272977273,0.3908207808547176,0.3836200808648206,0.005903362672480105,429
HRL,0.0016139056281496166,0.4607317590901677,0.09377217949439211,-0.20811286722388253,0.40404738266829837,0.44125818128229544,0.09427646437504789,0.08357051241730618,0.0034021628294578065,429
HSIC,0.0018384103441338362,0.7196603425367415,0.5607699836937722,0.040744353086370394,0.33074476777347545,0.23348495295553523,0.17009962802277745,0.15834466524689617,0.00669657295321626,359
HST,0.004149403192559328,1.2733963701047641,0.6653452862795795,0.9776033079872186,0.5325988894605805,-0.44117469253217495,0.08001314716464825,0.06913859807675993,0.051177902767285156,429
HSY,0.003417619265414471,0.3469046542486126,-0.05850747442528454,-0.0795417981901113,0.5241026268582355,0.5352409491658764,0.09981634104273762,0.08917587226073687,0.0031695873946193808,429
HUBB,0.026372809026773848,1.049321694277232,-0.5340642856036882,-0.148255035218755,0.08889874242495173,0.1431427833543882,0.008904453822045633,-0.0028106235559444137,0.2231043777132079,429
HUM,0.011451155552413269,0.6998518061887093,-0.07786405627013858,0.6755997638875866,-0.25046354629148926,-0.11994980382705019,0.04225495828255743,0.03093409490528276,0.029571176713974398,429
HWM,0.015323629052255405,1.4937581585275619,0.10346899902963205,0.7451998953035487,0.1414413272991844,-0.3755686993249297,0.4313091122313799,0.40315609798540863,0.008388566531034605,107
IBM,0.002604095770734756,0.9362580258907756,-0.35232148004570907,-0.003961423776779791,-0.22097389883050741,0.020116916922250774,0.2927487282863904,0.2843887841763004,0.00419100689725848,429
ICE,0.008288143079903602,0.9355274854957353,-0.07660817590862067,0.10268351721301607,0.024107073538976013,-0.34232711863001775,0.24516203557717642,0.22896379599728756,0.005815202405358557,239
IDXX,0.014786858550996877,0.7614750087827148,0.8734222057483589,-0.47119901505300726,-0.22168511494676638,0.10752425697042865,0.22825809171314548,0.21875388101995752,0.009627660706419836,412
IEX,0.0008704056144878091,1.092064268098661,0.5568113369092753,0.0355602829556995,0.6511166665282657,0.1308154576049438,0.41442199253706624,0.4075002666805304,0.0034635339168708405,429
IFF,-0.0044280075544767695,0.9496519350443753,-0.11299441000420982,0.18804362148496792,0.5394096062931227,0.09083095822832331,0.32728032272173513,0.3193285534867675,0.003236571979710263,429
INCY,0.02178858659951149,1.0603244507472813,1.4149567411650459,-1.2624073136212497,-2.1913007432894935,1.5922300447989788,0.37263971755399605,0.3643192894048448,0.02374672228933905,383
INTC,0.005792205765798334,1.210632969407258,-0.15967622539261048,-0.14237954507732048,-0.48769433585786254,-0.05276710708738539,0.30526152146407903,0.2970494827106993,0.007894164438421565,429
INTU,0.012196194970133143,1.1011667162124263,0.0023824617409997834,-0.6082460173607858,0.013944389955804787,-0.36395266076626703,0.24810169942089622,0.23833678642636247,0.010574301916908927,391
INVH,-0.004722523389940091,0.7220839524610771,0.06644065037905476,0.07313873897612573,0.5312915161314274,-0.20715717900341518,0.3958877713394049,0.36506571885672146,0.0023280969633663194,104
IP,-0.007246930023290461,1.3570087438559761,0.1475617576626072,0.7579005317578612,0.44393347781601716,0.04187032811880488,0.4352550172688231,0.4285795446597075,0.004960746024508533,429
IPG,-0.004289356298728843,1.3512711098400148,0.2522691280930011,0.3958085557478145,0.16536571294062707,0.14823863834527473,0.4052677804610251,0.3982378487879875,0.005316414336300358,429
IQV,0.0011559593825656556,1.06995556875297,0.5176991089299394,0.06501783622905843,0.19549390904930591,-0.607256688614134,0.46556423254481605,0.4468776672491803,0.0037429166926972435,149
IR,0.0007802093884820217,1.2676672076871052,0.34158365078115277,0.38378499644840125,0.5463017663891887,-0.4607479435610281,0.6048791673264938,0.5840833340278881,0.0033919814651784883,101
IRM,0.0056523220592328656,0.8832042644011004,0.15828019643476035,0.027983809344762214,0.3413867094828432,0.2866246066169886,0.22531102754722443,0.21424404222647042,0.00507940838780522,356
ISRG,0.01881007986259215,1.1076715788596956,0.8917429320593461,-0.3202981197082727,0.5491953863266841,-0.6900979689187642,0.15392500775715212,0.1397291186255607,0.02138592609577291,304
IT,0.006627103092837833,1.0789122000511417,0.37022156343491824,0.29360514859294146,0.1892666539058793,-0.4976591693154428,0.24963064809492141,0.2397051275670764,0.0085650018356567,384
ITW,-8.454559487603498e-07,1.09986449125576,0.10994551924941415,0.19135982392931428,0.5010469178406933,0.09283508820630046,0.4826244698223576,0.4765089198202578,0.0023123413205154396,429
IVZ,-0.0007678758002427281,1.6480026173174946,-0.06994421961308539,0.682302837957979,-0.6744035190185698,0.13462327553230383,0.5201595361248684,0.5134202037670716,0.00620908544424086,362
J,0.0017145709196145689,1.0844813497093426,0.2965859732836701,0.12063030040479344,0.5774040871133591,0.0006812912406067047,0.29581681070764554,0.28749313234721585,0.005307680067250498,429
JBHT,0.0029078750091903424,1.0820516973396954,0.3476187938854174,0.4406413692566511,0.4156591924445324,-0.5024251441940033,0.3022836823502597,0.2940364445529815,0.006165076355396969,429
JBL,0.014471698035584202,1.589697827022971,0.4364933842565726,0.024797094231733246,-0.27463623192787806,-0.9196650897224926,0.31482714207740803,0.3058823266998285,0.01627971090925674,389
JCI,0.00035715474523154806,1.2644249695842125,-0.18823671490190572,0.475920231846445,-0.12012418047810305,-0.05715590410722928,0.35565610072802156,0.34803974258059855,0.00565984040005944,429
JKHY,0.013616140469172065,0.7205165006650206,0.5993415248489825,-0.33966673939093983,0.1626894316616751,0.4656043543763569,0.15075946003869756,0.14072115578383582,0.007922138368100337,429
JNJ,0.0017434208454218652,0.7123004544538228,-0.28627074851972184,-0.19900851695686783,0.5178057746880079,0.3840514127646188,0.29746991992969496,0.28916578186739816,0.002068886059299966,429
JPM,0.00576478034713179,1.2128485755660754,-0.1453781321578808,1.2227892822626403,-0.7647813935632379,-0.5840030091632838,0.531020639862692,0.5254771486081139,0.0038875724987663704,429
K,0.00015747489589700763,0.46068488800533414,0.09138729755841007,-0.05069730026540905,0.5407523425831761,0.21237072367376925,0.11763365235479029,0.10720379008948056,0.0030364488390707957,429
KDP,0.02373115711540238,0.7229770652112532,0.3931533751910677,-0.3193642600181413,0.200384803361344,-0.9190781174422777,0.017360902608165363,-0.006842030825131129,0.12274137988095471,209
KEY,-0.0015410719484064913,0.980486723134173,0.07720537946674115,1.4066337571260965,-0.07030947993200677,-0.43254121314238725,0.4355348047330535,0.4288626393043662,0.0043584867717355105,429
KEYS,0.006264800250372558,0.9452348197104739,0.6997267040179055,-0.3310514421065909,-0.04959705502375183,-0.233600687769301,0.4627900963008339,0.44147224297943843,0.0035730408844184018,132
KHC,-0.010634730213497728,0.5792409497472818,0.10980480589692909,0.27572895134209596,0.37714873146927747,0.6216386915276343,0.21476845287626412,0.1812115491530275,0.004944693373212841,123
KIM,-0.0012143552373507687,1.0097150776835586,0.6045194985900368,0.6349679135445927,0.362729979073013,0.1417211605959847,0.38848175040082256,0.38085683457040886,0.00435638528393165,407
KKR,0.003057320903068698,1.6059821635526368,-0.06727263919673125,0.331618168960885,-0.24976777369630948,-0.5414907579118408,0.5612407174929731,0.5488463874786502,0.004100880718356154,183
KLAC,0.011079537599881931,1.6754163470016727,0.49981866488068144,-0.4501041723477478,-0.18438753053915033,-0.1283312626375056,0.42029376549481345,0.4134414459380146,0.009995969635413748,429
KMB,-0.001579427020526226,0.6710214286582821,-0.29644094646073393,-0.2276391492512476,0.6779623478034069,0.8041238430417735,0.3125538850325522,0.3044280444301001,0.002065593899980205,429
KMI,-0.002812764476260878,0.8143356677810928,0.2387750827817701,0.38371645105950297,0.09167132867464389,0.5709248754940134,0.3539601758936023,0.3349590045963553,0.0034204950671973813,176
KMX,-0.0014371169465211208,1.458518183578963,0.8353161902124875,0.3920379903133543,0.7099139002599351,-0.3182787647676804,0.2604162787471349,0.24947569115463686,0.01570445943739011,344
KO,-7.821626155988279e-05,0.744245787014028,-0.24532420538331773,-0.15123560442674544,0.5526267106220231,0.5003380919145872,0.2874093200250991,0.2789862623421806,0.002320644510728614,429
KR,0.0017175348700737931,0.7459933442613993,-0.06164000607658635,-0.24659703136420516,0.5319610952406975,0.7666623583348233,0.15944365741929678,0.14950800325167624,0.004724034300333874,429
KVUE,,,,,,,,,,29
L,-0.002273650316997141,0.8774971727187661,-0.06817512535715492,0.7406556167381891,0.28267183478851177,-0.029034210299997743,0.4199768010995849,0.4131207349187289,0.0025107545412916686,429
LDOS,0.0041317559753961865,0.7609680037825886,0.12325806872936132,-0.2545813543651746,0.004024628590647165,0.5150336195867802,0.1797078756290551,0.16123282778286274,0.0055834416092859634,228
LEN,0.004606284256824921,1.3852676076974082,0.6080219559121445,0.8275056916816165,0.5525840080906957,-0.39076629560714365,0.2426038881070982,0.23365121538968803,0.014658913667921726,429
LH,0.00041742280861616516,0.7070496873048818,0.6269427785413454,0.0020090872954076984,0.5662525081691533,0.06857838558214847,0.13203454756262323,0.12172616926764246,0.008435932767243368,427
LHX,0.0048179730248919354,0.8345740120169373,0.523672742394547,0.09424255233222015,0.2545771591762922,-0.1863099388492358,0.24724863955193588,0.23835086933387373,0.005391555995883549,429
LII,0.005507288903237459,0.8257306929780255,0.9226602746404524,-0.1629191098706812,0.5490368032073721,0.12160240186601405,0.263170722416299,0.25124791857190265,0.00612611732693048,315
LIN,0.0011604581953024728,1.03693996090758,-0.11350022093318955,0.05702652473704214,0.5618956252259399,0.32985033677916004,0.3834598320701842,0.37563571826396824,0.002830626391362663,400
LKQ,0.00278517818739801,0.9505775371256602,0.6170181960175836,0.16409150986260926,0.8209188327702555,-0.12842236285390396,0.3230789023339258,0.30996027641016466,0.005122898628337239,264
LLY,0.0065690739551356354,0.655680878417144,-0.3732317683396398,-0.4583456990278137,0.1848893397929851,0.5797542764661873,0.13720816418651272,0.1270096791296157,0.0050118191877940475,429
LMT,0.003463731533794653,0.6172525485325533,0.21593344648215096,0.35361639753442603,0.7341590948869339,-0.03819593894203696,0.20283342779021118,0.1934106550690553,0.0038992358505012936,429
LNT,0.0019574197657519572,0.516876053054682,-0.08564642775207695,0.001611375187318455,0.20659110577721315,0.5919297989369128,0.16545478222905596,0.15559018154618431,0.002391497349560115,429
LOW,0.005553627804079084,1.1467524790565524,0.4525774764755466,0.16652146985910238,0.5930156440521971,-0.287854927109058,0.3150701293423025,0.30697403158039116,0.006113275928094072,429
LRCX,0.017739304429366692,1.5991896387497706,0.47612220701870134,-0.19161314614096195,-0.7333343075967101,-0.8759422288089218,0.3591286942494184,0.35155338330674,0.015965895506790853,429
LULU,0.004446164354904808,1.538677693462539,0.49691486038839533,-0.4190013839917448,0.4959948300848742,0.4454982349841518,0.2581218302222035,0.24070684971098766,0.015692842328561916,219
LUV,0.001015105376068806,1.131623676165551,0.04655542664979999,0.5679540899413554,0.22094806975037382,-0.046910907659629825,0.2688280612331827,0.26018536692151817,0.006988372126866776,429
LVS,-0.0004771676221753859,1.9882937158998468,0.35762853277310114,0.8966873174718695,-0.1362067805225088,-0.6245167716932263,0.35219003428502604,0.3389152399056209,0.019230843955216896,250
LW,0.004072200251272121,0.5557151131762939,0.1539234004042812,0.2294420109110391,0.028115440346496816,0.07379701296867719,0.11563287379168441,0.07185232298929256,0.0071996971305232915,107
LYB,0.0009100889898042381,1.2184316635566463,0.23176637312721754,0.8964514808794846,-0.10265935049339169,-0.1548648574560001,0.4750750916019867,0.4604938441464863,0.00471744344587353,186
LYV,0.009220124373397538,1.2259240807154406,0.7479879658514552,0.7137533780949341,-0.4428032605581094,-0.9687276210364439,0.3887871316227526,0.37561444049393256,0.009560509407014053,238
MA,0.01153040874934934,1.082561980623219,-0.11246851064128136,-0.27757305547990313,0.6166041686439725,0.1758473335455747,0.3235216581878716,0.3086212541831992,0.0046593699010522155,233
MAA,0.003023222449538429,0.6168285781096425,0.3528629696289514,0.11270135852607915,0.22682330972914122,0.23116137288525235,0.25024434200306644,0.24024759989644073,0.0026484419382324523,381
MAR,0.0011810295313250659,1.3113557806601397,0.22568861799173132,0.684339438745825,0.35142136310896593,-0.20225347262216048,0.5262357333537349,0.5189470523284077,0.0037247194510264675,331
MAS,-0.006226636141313636,1.472760925010209,0.3811399785607206,0.6360089886306277,0.7014112669291814,-0.04835966888661483,0.4914760645812887,0.4854651433588453,0.004627401219652128,429
MCD,0.0017555739977732098,0.8035271571461786,-0.30244057447048633,0.03126812877482246,0.4020743582079452,0.3044822506337353,0.3150902665324735,0.30699440679881485,0.0023573316976549076,429
MCHP,0.010959375104280853,1.246641793521314,0.5355761079480248,-0.064959488667373,-0.2155637103593638,-0.09576558561577599,0.28736606323319325,0.2781110770414166,0.010535336129289837,391
MCK,0.007021235156337232,0.6452448756721593,0.06367020649077787,0.14581105778220188,0.22613737866457742,0.0047042161992627484,0.11281054639228782,0.10065726620588078,0.006312486292894636,371
MCO,0.003399393033697472,1.022199304683388,0.20343132292207106,0.029950681861644825,0.4364982746772022,-0.14482815509105745,0.33202229487207835,0.32289691638672424,0.004188631009659108,372
MDLZ,-0.0011645394497643248,0.71778488443121,-0.3653015068656238,-0.016924806871107787,0.5907372563908185,0.5204674231889687,0.22376874115684775,0.21019826460364577,0.003267009948836721,292
MDT,0.0038355719882485735,0.7994736149124685,-0.07319763652585419,-0.06924086999583348,0.12975200083314026,0.02746809988616581,0.24781883393323145,0.23892780360147292,0.0035142732317049066,429
MET,0.0003666622357920977,1.1625031261087453,0.18174334163510386,1.155331981758153,-0.04519822230921916,-0.05452174462969389,0.6207147719403274,0.6143933514726663,0.0027660367845373374,306
META,0.009269696107729843,1.193977340114783,-0.3008686259822707,-0.603502445543701,0.0967462228507769,-0.036233288162258515,0.2377482403695903,0.21315947392989965,0.009473423799456105,161
MGM,-0.003579927687169572,1.801416208853258,1.1298271552642671,1.1498435361135444,0.7836248122668539,-0.4100885474038661,0.2760671140216352,0.26750998770983425,0.02321053756167826,429
MHK,-0.0035932636077321725,1.4532137556528686,1.110516900316711,0.7915346473219501,0.9808760657696635,-0.43012636994068115,0.41140486329189396,0.4039731065152764,0.008398376903362297,402
MKC,0.00013715268194277843,0.6646951951072981,0.2340964674818141,-0.41088698414154706,0.8669505412597895,0.6657585329716151,0.23397536730630075,0.22492070261724995,0.002804428184985525,429
MKTX,0.006701099421308534,0.680033249404311,0.7522403013592828,-0.4055072970275447,0.1708903283846491,0.18407980957629963,0.1463869761522797,0.12896630219620375,0.009052052607683434,251
MLM,0.002372367166950912,0.9444560470468605,0.11438384780274384,0.478912737232748,0.29823045801963827,-0.17804883856474055,0.2909015090555528,0.281421582706028,0.00469158542855442,380
MMC,0.0003113803940451781,0.9521865989521979,-0.4351264534814179,0.3881663963475268,0.2563855406486103,-0.20749461203695874,0.38275866009629167,0.37546266317071597,0.002835811591936753,429
MMM,-0.0017677122547957271,0.8933602022171692,0.20048416853895795,0.07595296950998347,0.45572083639138156,0.43935670113313535,0.37273083554420683,0.36531630641352375,0.0023753714543613583,429
MNST,0.019887960897408328,0.7449834781337326,0.5802963989359856,-0.26139073088141945,0.7630976817074495,-0.4561221854046674,0.07248837721064505,0.06152488285143276,0.021790241455201358,429
MO,0.004800620473479233,0.8678733665587457,-0.060175074426598175,-0.08669343425550577,0.9121530704834727,0.5480602238973992,0.0881646696747388,0.07738647428082313,0.014365167476966548,429
MOH,0.006697787242072964,0.8356540229225025,0.5190612103668873,-0.7132705522302534,-0.05828199485597196,0.682727845710168,0.13545067924868015,0.11888843172470853,0.011354953411837515,267
MOS,-0.003407800400048421,1.126734743374114,0.4321064808636086,0.4420275207457215,0.3178489857176121,0.09513299682998914,0.19071141454702267,0.18114535561731848,0.011750696923835905,429
MPC,0.006127453267560409,1.5224563552441648,0.017887589284879872,1.3087219319167998,-0.2720380702598742,-0.16602440130563906,0.5198561604766596,0.5053939966355951,0.006041191984425842,172
MPWR,0.016673216103540944,1.1507817757368368,0.16880037502513545,0.030048877990764847,-0.5829502204858487,-1.1461286718721282,0.2948599603955877,0.28046934734243645,0.009736513438158513,251
MRK,0.0004767486321915828,0.7852116373751266,-0.7101743166000268,-0.31912666669510303,0.22923925120236333,0.8097001439126709,0.2596460108069666,0.25089478162028767,0.003591647276404296,429
MRNA,0.015403718947334624,1.3134953095126227,2.231634870651455,-2.0217725210619846,0.49131358565899613,1.5568680765785041,0.18926405127230272,0.13592615990863843,0.050607808927941374,82
MS,0.004026381756235467,1.5361786424269002,-0.36340267489441896,0.6502063712078835,-0.7983996298182222,-0.3944178727922163,0.5395098581335286,0.533544959922823,0.004970594917136563,392
MSCI,0.006448659316387073,1.1304670038872122,0.3151303355665734,-0.4095275852348746,0.20907147636084603,-0.4566782972138137,0.4652077411600215,0.45241366798203164,0.003963157235924154,215
MSFT,0.011445587691441763,1.0584560770170253,-0.29668294185904687,-0.3733797970945992,0.15877250840985616,-0.7528546998449064,0.4363663022247347,0.42970396537159916,0.004175745668185829,429
MSI,0.003332400454849934,1.081644170773513,0.3740781165146719,-0.19662940652021815,-0.32081737800156834,0.02776992609304322,0.37568695374666794,0.3683073669115222,0.005304931279964177,429
MTB,0.004122618248249627,0.7083468225447277,0.09649243881318724,1.4075418488592881,-0.08868707997103653,-0.6727924988941345,0.483266681648467,0.4771587228027041,0.002607874629311463,429
MTCH,0.011210256543346942,0.9924481824629324,0.27370464756783136,-0.052246579818072986,-0.26581881790935397,0.08959115557326892,0.12502639723136189,0.11372182872013914,0.01733214061056879,393
MTD,0.005029056252276769,1.2148492892003282,0.1985162413978565,-0.4170138261243002,0.17826416719682225,0.578526489381302,0.4332783484237689,0.42466555736637934,0.003931679609857489,335
MU,0.01671210139061291,1.3724999635820874,0.34645130172315575,0.13195090002955326,-0.8533439792218807,-0.7639620547087522,0.26071109343620613,0.2519724538787145,0.018633975742005343,429
NCLH,-0.011182929707446394,2.087232436201388,0.380205610423454,0.7611021212537887,-0.3270068014148531,-0.5151487711757191,0.4554966685606,0.4369761470830694,0.012198791805768196,153
NDAQ,0.007967684113425027,0.8490918053492205,0.08576845983002944,0.011112404855835752,-0.27024030402875565,-0.0997109781599749,0.18230011942102142,0.16732393113202915,0.007406580219623332,279
NDSN,0.0014984367023311853,0.9897854288003747,0.421499739870598,0.2606723550169522,0.3836367836966985,-0.30293321770693526,0.3388769620365094,0.3310622689163736,0.004330868184523655,429
NEE,0.0042119001132590594,0.5028043371496221,-0.24708124269428736,-0.0458191449457416,0.27651140794481194,0.4472613232827068,0.14039246430993202,0.13023161873439926,0.0027392516795951396,429
NEM,0.0012045224813616972,0.4539037067346493,0.2581107121267662,-0.23982259175365,0.29716982163451133,0.5973510193947194,0.032906448623587714,0.021475082768074638,0.012025424217440968,429
NFLX,0.031610810787256714,0.9584762165213487,0.22500211371902257,-0.4673986977992847,-1.4840183887878615,-0.8473498589414277,0.1793995386769357,0.16447953028924367,0.020989719333984413,281
NI,0.002537636296568691,0.6081157106857521,-0.3742546216979675,0.3343961599209427,0.22306153377878932,0.4778193792881289,0.26684830640490853,0.25818221073593584,0.0024723812501413916,429
NKE,0.0010356752608607774,1.0721603817274474,0.002695943782617985,-0.12265851059852317,1.0737038049955314,0.019558711991277268,0.2781844773436165,0.2696523789670636,0.005599024302323446,429
NOC,0.004983816579126227,0.7041429046253316,0.0304812558207459,0.37056144509917777,0.5642537641433996,0.05810701354391123,0.17770897945882003,0.16798922744296674,0.004944670016915782,429
NOW,0.014855632572889273,1.0234405702246572,-0.004979028165707547,-0.6042324331663518,-0.7757736188126589,-0.4108909314979308,0.37292400858708175,0.35256439847627274,0.00546692607046984,160
NRG,0.007224140243707741,0.9798030061000449,-0.05825741424210704,-0.19223971518312008,-0.04579562788303766,0.2259406080887689,0.16869122653155078,0.15245472704974516,0.008615818299135766,262
NSC,-0.00045879724634616183,1.0465154032609545,0.18675511744555925,0.496226588427043,0.6254797300561935,-0.2019589955623033,0.37596590381973827,0.36858961426678016,0.0037753028906596887,429
NTAP,0.015710464172784773,1.455710501280351,0.7772687210439164,-0.8517268484843479,-1.4956325180783978,0.6883358965343574,0.44262443022532816,0.43472959212653683,0.014174877934764065,359
NTRS,0.002512915898274661,1.0506807435873182,-0.25179602435274234,0.7059163227699262,-0.29298225096198066,-0.3643096772685207,0.4724010059491115,0.46616461122037756,0.002813357395011451,429
NUE,0.0014381566143648267,1.333919357304117,0.38476396063862284,0.39639018643349294,0.29380269962266237,0.06280858226146521,0.3541269812969132,0.34649254845172306,0.006658224614340396,429
NVDA,0.03214880531790546,1.781083644087813,0.04100375583306788,-0.8606112556828933,-0.9634177405028278,0.14193617274679393,0.3432058738733731,0.3327805702840615,0.020298770757409927,321
NVR,0.0485006882958405,1.7232603271070994,3.3093878032803588,-3.776810195338155,3.629203312757049,4.200730142349367,0.010824742533381837,-0.0008676363964836842,1.603185232272674,429
NWS,-0.006444130829311397,1.3109397874268098,0.15004397036330777,0.2748635144728797,0.28258648566737404,-0.047189876205892246,0.4883083812055101,0.47029107068457743,0.0038686749445490313,148
NWSA,-0.007472643456149946,1.316246772613792,0.115523623659147,0.26451174148623213,0.33127457067895943,-0.0022992214356511247,0.47791791149841156,0.459534739368074,0.004006067932263152,148
NXPI,0.006209438978446042,1.5627940625250158,0.041355074148225195,0.6731733856243,-0.7730271496161033,-0.5289355547842082,0.4240228909148147,0.40765990486125836,0.007854782938053407,182
O,0.00389772058841571,0.542607056408658,0.3825660777800156,0.09798961533470674,0.38290640982690727,0.308138940316066,0.20857692488118584,0.1977651342374862,0.002806403173952799,372
ODFL,0.007721143145102014,0.7175011339651777,0.8578500171318497,0.1020389303829452,0.5615518217501575,-0.029158887052454962,0.1814547922206513,0.1712738816761321,0.007531584292879771,408
OKE,0.0022025139315325175,1.0305036862647587,0.28653244597199073,0.586205876462549,0.4463289484136822,0.3879598364687056,0.3177727374135322,0.309708585373503,0.005202167680185308,429
OMC,0.0016359344730899606,1.074669433661767,0.08284282924466262,0.1906212236808804,-0.023910929732065885,0.1627042021502127,0.3753462835824277,0.3679626699131894,0.0037088553474200147,429
ON,0.006793604526155669,1.7960679795983605,0.8340723438267981,-0.10012823230459496,-1.2488352497430846,0.5157787820253602,0.3871616621542021,0.3769135294143058,0.018409152163542407,305
ORCL,0.01331314808610906,1.1899629752959595,0.22544022410885323,-0.529174603664829,-0.42312851150282443,-0.3193548766528876,0.31500528205186107,0.3069084177735143,0.01008572503197047,429
ORLY,0.009794750729189507,0.7691199659161829,0.37194446881473786,-0.06751081342445418,0.664213251033779,-0.052019755318282734,0.16701037059873636,0.15616415146590734,0.00598278820493543,390
OTIS,-0.0054993143411636355,0.8854863291812005,-0.1380529993915813,0.17848915829352707,0.4428609453530274,0.055666678463056014,0.45239106131446416,0.4075050827336826,0.0024409299401156135,67
OXY,-0.001901710366880681,1.0816428990198468,0.23854437792964514,0.974644790099522,0.21798153855528735,0.11339133081835716,0.2946297637315962,0.2862920540830335,0.007495996404657708,429
PANW,0.012894301196536504,1.0313670351204771,0.05524394043019317,-0.31748336002648636,-0.7344659372763156,-0.4871471269945408,0.2752803022767806,0.25159665202438786,0.007758770089172696,159
PAYC,0.014968828995858231,1.0159876282839424,0.7637190526435569,-0.445644639170844,-0.04613960816331434,-0.6047952653995711,0.2205487966705133,0.19102412987772976,0.014396561054336345,138
PAYX,0.00672388604260166,0.8804757394311655,0.2540145270962889,-0.17852331722485726,0.20337915934747836,0.22192157401466323,0.25778256296259716,0.24900930720565384,0.004343987194384203,429
PCAR,0.0012432449856222662,1.2085706588969138,0.4239118058290072,0.22737876809844726,0.3628533207939227,0.2532963318741947,0.4015223458030077,0.3944481418526887,0.004348285733126193,429
PCG,-0.0021613126881559687,0.6054034268061527,0.023386447208623047,0.09602570493169352,0.3752035104637632,0.5344197229889389,0.07284967637768869,0.061890452694209785,0.008785535811828496,429
PEG,0.0015639027463046867,0.5704679004811212,-0.23715886394817037,0.060068663344863805,0.32081743107017496,0.5311881929994633,0.1817069256166346,0.17203443064756418,0.0027885087209981105,429
PEP,-0.00024893572280472464,0.7782656797906986,-0.20354538346629653,-0.18707996488804313,0.5064322378098091,0.4548864362029757,0.32448914801397344,0.3165043861701671,0.0020327128568029366,429
PFE,-0.0006195959346160302,0.8613596249818338,-0.36664113005925103,-0.21629303251168744,0.4715278600656965,0.4990957485504224,0.2734262126842477,0.2648378700445816,0.003265319078219672,429
PFG,-0.0007042363062282529,1.5083594243735445,0.28868586480152764,1.2414656573991008,0.2170890075104613,-0.3916159965120026,0.49101411068359524,0.4819895381779852,0.007048423084706652,288
PG,0.0007470006925077008,0.6313517305447663,-0.13825573810477704,-0.350134933683434,0.5752697423367543,0.8028819912652718,0.23558763710361064,0.22655202997717572,0.002299949822203298,429
PGR,0.007216103012345831,0.8824505611789725,-0.5398894911078136,0.4061247909408136,0.220194456672401,0.19841198084501122,0.23467182984998547,0.2256253975787087,0.005084350934247708,429
PH,-0.0004699954330234098,1.4016816527865623,0.39001583101994736,0.3062964743019558,0.7604091387893367,0.11071744668475209,0.5012253171302317,0.4953296352996197,0.003740263340699717,429
PHM,0.0025972164018179572,1.292747380328543,0.5697510410838358,0.551742019377047,0.7744600461674214,0.010509094489990815,0.2781478255661871,0.26961529395349426,0.009632110484745318,429
PKG,0.0024271439976768718,1.0917748135313308,0.19775042597787434,0.22956379766629356,0.5918324293571501,0.25941829701018576,0.3777757989984747,0.3675080729093406,0.004036448906329161,309
PLD,0.0016444970838972112,1.011483144847944,0.29843730661358275,0.3851975512572244,0.26666184703245643,0.006166537337539683,0.37859947709891795,0.36915570015513255,0.003984380988335787,335
PLTR,0.07953193798469904,2.1394056428120423,1.4410015990058074,-1.7658944982652027,-2.8608317341116614,0.15146256557605714,0.3558346401088164,0.29727415284598147,0.06440637515860997,61
PM,0.0014175796565545071,0.819011710756617,-0.4915873585785945,0.3466022762321278,0.3741242251553071,0.40190703384039966,0.3571190184115707,0.3414389944703895,0.0029214614190831976,211
PNC,0.00044040493134155366,1.046805513115163,-0.002102407388810586,1.31530797866366,-0.06460067067226456,-0.5055789679686242,0.5157421726260274,0.5100180848320088,0.003143984572297153,429
PNR,9.33970701389535e-05,1.0821737129741915,0.6121753539113841,0.11934718431120717,0.5096859695890358,0.025852107935043497,0.3792374599307884,0.37189984125384734,0.004252629044235455,429
PNW,0.0017073691596991365,0.5640908741326873,-0.03542038055741599,0.09087617485009153,0.31489916721986483,0.5667965476415465,0.13997596782210486,0.1298101991202385,0.0037468923351780814,429
PODD,0.012949058521217036,1.2174163016636133,0.46411924539793686,-0.5920343140130467,-0.6180372710804029,0.3735704329016784,0.22554742074039769,0.20753689564133715,0.014306944958095584,221
POOL,0.008498515799620103,0.9930949241505544,0.7675726174422132,0.17246445546628958,0.7142187349297151,-0.0252850831591783,0.29578086655591995,0.28583426862591876,0.006182950137599448,360
PPG,-0.004404735801610805,1.1835887628612698,0.24005570581058053,0.15625292984020048,0.6167124499832404,0.34151257651972194,0.5144450150086622,0.5087055943822871,0.002359058861588761,429
PPL,0.0009040305001411211,0.6276706392350935,-0.24841532387649282,0.1676460149194742,0.2264028384926405,0.31011110597567204,0.1906792846813029,0.1811128459659519,0.0029920310968839675,429
PRU,0.0003765632773185751,1.3726553369198098,0.13999119287410627,1.4169571871394857,-0.053908666117460896,-0.7091924136361212,0.6363550105960079,0.6298613500709366,0.0035517821525402815,286
PSA,0.006091276673228619,0.490163003703178,0.3291069607555296,0.09048909306553675,0.135028638952556,0.3629977839956725,0.14529798825980567,0.13519512760093821,0.0035099506314188716,429
PSKY,-0.004446274847684108,1.5679749448910818,0.6822156490898968,0.6807638289545975,-0.33550250695286327,0.4786085617666817,0.4626909269644952,0.4511109900456266,0.009398868187373784,238
PSX,0.0017256025829335657,1.289239743266991,0.05434461096782686,0.9608934518919552,-0.2089409266522878,0.44926086328822784,0.5144119674764829,0.4988482484853445,0.004369466920300138,162
PTC,0.007488967669758154,1.5259297496700237,0.20988495441683364,-0.3461730915502201,-0.6177086930430555,0.13106415911727382,0.3478365980342232,0.34012781077694454,0.011357320805203379,429
PWR,0.013133544609993513,1.3014871759748077,0.16569555105857994,0.29954610634687245,-0.40501522334619794,-0.13146786132108004,0.249297008431148,0.23778315886720858,0.013789874357228142,332
PYPL,-0.003060995297715085,1.242714557754144,0.19140628625687733,-0.406039155301586,-0.6517149123209087,-0.04861928080185924,0.4327346782522793,0.40849257048528276,0.005554887454751229,123
QCOM,0.014325671249170235,1.229865204592924,0.13812504005584764,-0.21210713293860617,-0.37114795468979805,-0.2900639118997215,0.2021713048268009,0.19219844613713588,0.015941955268334022,406
RCL,0.0015494318071352217,2.0562971694240724,0.40018428135789386,1.082447593580253,0.012718631110764421,-0.08299994387501515,0.4647597804121478,0.45779050671959765,0.011197736729178552,390
REG,-0.0005188551669660452,0.8342480710387086,0.5884059101315862,0.4714415304060921,0.5455186482214961,-0.0349196150340495,0.3664940260063031,0.35811431735559285,0.003373482368167606,384
REGN,0.03161938242546693,0.49282797713023585,1.7702377567504977,-1.452973074711499,-3.1120619556840334,1.5476509407202845,0.2851986677671553,0.2764388475192038,0.045515939810522474,414
RJF,0.007396703222479428,1.2030462845740455,0.3101744043883064,0.5475904695738286,-0.2395356797885292,-0.3297638604278834,0.44314091442221526,0.43655865572744246,0.004568930700236867,429
RL,0.0012583006397410702,1.1802613723873232,0.6802665046294057,0.5139198583650969,0.34718424697444955,-0.31017799199685997,0.4027237428929109,0.39378248155897244,0.005902209313031922,340
RMD,0.01533815935652959,0.6330953252310639,0.7275829072263335,-0.49927959653365517,-0.09121147235548108,0.11503146021766462,0.18197099857955334,0.17054601252619506,0.009362022544221317,364
ROK,0.0009644525326031689,1.3165530026313361,0.562542787421748,-0.36094734473722917,0.6791725998762927,1.4534859865169436,0.21465877882524287,0.20537578566714876,0.011838611785843929,429
ROL,0.005379210992773182,0.5341150641854411,0.40106440054894815,-0.300782081058878,0.48992240719293795,0.3894553600969011,0.14284723385305698,0.1327154044659773,0.003700881995206451,429
ROP,0.006195567387465939,0.9635217461592038,0.25532884430973785,-0.09986332353258331,0.40008797094720594,0.177477390493551,0.22400399234117563,0.2142552987776225,0.00578340982566611,404
ROST,0.007610735112771171,0.9908296413737614,0.5034577123480166,0.1323336267905795,0.8376641040385221,-0.26416101120541735,0.18891220017552335,0.17932487393646335,0.00937753373979852,429
RSG,0.0034357951622398584,0.7728205302117985,0.08992601147101027,0.22921774693139074,0.6022362244981959,-0.07959941932608838,0.22135001885238037,0.20922151447313397,0.004568040447990686,327
RTX,0.001569103316274796,1.0698985752108747,-0.0833744181428395,0.4052137924619941,0.2619257376204893,-0.05977084473079863,0.44613700510637844,0.4395901611951063,0.00264595491456704,429
RVTY,0.002377686524593221,1.0744041262296709,0.21717564989906493,-0.41922996672904717,-0.6770947748026769,0.8063511392207002,0.33820426222704913,0.3303816175725225,0.006236785393927783,429
SBAC,0.023457619454763535,0.9502406419159666,-0.15769753954199195,-0.8263419580820576,-1.6903645383121972,0.5711752235190799,0.19987699179009755,0.18697178198026032,0.02665542405470808,316
SBUX,0.008229483455925597,1.0045162924786462,0.39347801688258605,0.06989964383726209,0.3623406503826422,-0.20361595181769243,0.22285282449876487,0.21299055069798778,0.0075119078046310414,400
SCHW,0.010712035336792708,1.3789166821892884,-0.2588414506591741,0.8622884255652882,-0.8176161704916591,-0.809353858045842,0.4244277469827882,0.417624292455398,0.007047211197578189,429
SHW,0.0025416808497572617,1.0267968350833048,0.13927953858837183,0.10639706073285729,0.5425735728073319,0.2709622941976997,0.37325673953825156,0.36584842676683604,0.003072190677223989,429
SJM,0.0006825790571159844,0.42112347771939895,0.30443512858562044,-0.12729390999612017,0.39992987931594903,0.42045833877314637,0.09878916841794727,0.08647754503567884,0.00366061591641267,372
SLB,-0.002950117748835269,1.2536590664028737,0.22464409383054773,0.6996759974340269,-0.29196046213342075,0.2962011372162925,0.3855795969631839,0.3783169444450182,0.005987664426131813,429
SMCI,0.019078047928979144,1.3574824343276428,-0.32288261061099816,-0.16228093430494225,-0.3169981298656517,-0.18967380441566287,0.12935387289616962,0.10929290222557442,0.02673018023947909,223
SNA,-0.0020281104251606225,1.1581176225391598,0.23839549106549898,0.5672832591689652,0.48146750022023216,-0.013130047988596424,0.47141885372204706,0.4651708496289271,0.0031157133761921547,429
SNPS,0.00405829057792846,1.169081389999658,0.02158606603491071,-0.4214272329375481,0.333919390745781,-0.08150659270096144,0.2719794182172044,0.2628334310088779,0.007354726288868857,404
SO,0.004557615834949221,0.31909823084618893,-0.1689489573584275,0.0541547227434793,0.3665267218602013,0.4687336678643875,0.12954863347890622,0.11925961023397602,0.0022377975796530935,429
SOLV,,,,,,,,,,19
SPG,0.0012341232072890173,0.9511387155922588,0.6788952152203453,0.7345629629106316,0.5334570727625094,-0.03239974054972454,0.4346949753167402,0.42717762126510117,0.0037281641830234705,382
SPGI,0.003321283157562865,0.9930068818584391,-0.05631551401897752,-0.15040229716638207,0.3293442972802421,0.024545180158804955,0.3694018453783481,0.36194796648211114,0.0030099412565840742,429
SRE,0.002903873006529094,0.586435812521329,-0.01592691994206938,-0.025883879699293906,0.3450313600646675,0.539706983477134,0.1980711574609667,0.18561884624141656,0.002701294986611918,328
STE,0.006485925655302742,0.743665047845548,0.5311607363375239,-0.23781598067860663,0.9756475310833611,-0.2637361127939868,0.15286158837826047,0.14211110092113177,0.007764909156781317,400
STLD,0.005319696649065437,1.3314479887128916,0.8385727195753291,0.3878246465234721,0.47825561118338705,-0.14853356322046266,0.3102243584903889,0.3001103461515383,0.010745130054460967,347
STT,-9.74481399195898e-05,1.4319515347816834,-0.2679790903298531,0.7970046013111579,-0.07014332338499037,-0.22845353274253885,0.4941950615580931,0.48821627977981996,0.004286704398322152,429
STX,0.008157809420891124,1.6668552123863105,0.31334135396859847,-0.11833237703089827,-0.46205627018880163,-0.40779593261717456,0.34529594965485444,0.3330813218499077,0.012137247166135613,274
STZ,0.004030123167702321,0.8237101088385619,0.3092511062879611,0.013162273225151727,0.5519928728071262,0.35628597614352825,0.16432572343933083,0.15380085849524183,0.0063001122802729004,403
SW,0.005524049904787985,1.271101895375076,0.0799725709603758,0.33273246719150773,-0.3357311057562844,-0.34785387843738075,0.22417825459753582,0.20497474604796984,0.015050502751137928,208
SWK,-0.006672768627596985,1.2421750654858945,0.4780387342147884,0.3633434434146852,0.7769933258085538,0.3055914347591604,0.43844930550754435,0.43181159044262174,0.00403292343507401,429
SWKS,0.015413939403535864,1.427563698178359,0.4261811849218137,-0.4920302376218419,-1.2763863234596815,0.39958679736777486,0.25146234129502787,0.24261437842617484,0.022596839854830617,429
SYF,0.0031738347971292267,1.349683746792818,0.6835435040191548,0.8564512722814518,-0.12605804193137002,-0.5707211985413411,0.6030547876623029,0.5876693143158805,0.004236118639581497,135
SYK,0.004937988707587058,1.040640499484971,-0.049907455191934874,-0.14919363065445787,0.6157819934275924,-0.019306046482264784,0.28236679046941293,0.27388412841822396,0.004889329003579737,429
SYY,-0.0009918041396519332,0.8991970846507789,0.1230549184590573,0.11758229921173718,0.5925729744489151,0.3848144505936452,0.34630392879310057,0.33857702487812535,0.0026919226190175675,429
T,-0.0008382435022510838,0.7869549275775043,-0.38211700151545874,0.018467141592059942,0.2839427533612228,0.760698826282532,0.2686311013486383,0.2599860789059508,0.003010649806612985,429
TAP,-0.0015137060250478818,0.7138138555082109,0.04967581153916509,0.26105029271304847,0.46834351615974906,0.29835635103144104,0.1567857820039713,0.14681871086926646,0.005369275257125519,429
TDG,0.015258287195124676,0.9370421965182667,-0.041229582722027466,0.13785256141804864,0.16479828672547298,-0.3261591441242249,0.27058492379873933,0.25465883043189963,0.0051752771215428026,235
TDY,0.008713298804739313,1.1243234666566053,-0.2139912625018284,0.9305293700495499,0.3565756502415631,-0.7220564535536612,0.2759224326344767,0.2640523085793042,0.008784861414171728,311
TECH,0.012660330500628716,0.82770706525069,0.6830655030266162,-0.6471254596185544,-0.06811291411066367,0.016651418839443148,0.26692406952619185,0.25825886940238807,0.0077373293381665645,429
TEL,0.0011837139565756725,1.3741973688053637,0.34830968203193163,0.38295169336880697,0.22897647948635416,-0.6358223862795201,0.6480478215260782,0.6398246397860333,0.0028608157344129463,220
TER,0.005582316804003036,1.820007703119927,0.7603446550975286,-0.5220890238167125,-0.041934017323926605,-0.0877790728919611,0.38524138550854947,0.37797473521905245,0.013873663669591715,429
TFC,0.0006903332702630023,0.866436057923855,0.03628949000793824,1.4623309782981209,-0.013081421952826692,-0.5646058323570639,0.48691517997375733,0.4808503475857403,0.0031757546105356835,429
TGT,-0.0006202823828158197,1.0673004473702763,0.09107228960324208,0.11631830726315073,0.5199794275549129,0.011405151550908064,0.30413073454188533,0.29590532951282966,0.004640882396065587,429
TJX,0.005686590220145299,0.9506967080816722,0.1224377577420383,0.10850121609747841,0.792634905584032,-0.039868356560158066,0.24205437760704274,0.2330952094936508,0.005290780295109773,429
TKO,0.010040457529959107,0.8814907375465214,-0.056320272428462645,0.5076007613565805,-0.3222496733172228,-0.44640407777864377,0.16571522257646276,0.15208311837019584,0.01103604411646407,312
TMO,0.0033986726088792753,0.9568324384773845,0.06321984961009383,-0.131541362869433,0.1768210988397759,-0.022800366310701828,0.2803039016626959,0.27179685558305877,0.004555266845195729,429
TMUS,0.004623501565870596,0.6493009526991981,0.33332409109900396,-0.1778908567455993,0.38455016939278364,0.1777425606067761,0.09369540913210306,0.07271613619534623,0.010170354490885285,222
TPL,0.010170344313563529,0.9348104980764298,0.5846123318120269,0.5623926498908743,0.3418623476402858,-0.45562661232058527,0.19531856708993878,0.18580696622811765,0.01007775714745981,429
TPR,0.0070813580172869985,1.2903382490685624,0.8660539836142365,0.5190594621128627,0.46094439946164695,-0.49656948525351946,0.3871853793217108,0.37676336196323645,0.007950870033439358,300
TRGP,0.0073502788499936605,1.742299230086263,0.7781278510891498,0.9392996585564718,0.3321633222410643,0.18977491788517428,0.4181179791378017,0.4012028041127378,0.01204718211099858,178
TRMB,0.0033467858758485535,1.4244225457125634,0.47583499397102963,-0.1366346438602129,0.07144129216776354,-0.00966944349562434,0.2998088462166326,0.291413268833139,0.010747050749787936,423
TROW,0.000489266207164272,1.5284358533207845,0.07873294997583223,0.1447632011727082,0.22892768017218496,0.15262668410815378,0.5372332075417181,0.5317631508932751,0.00366208857862666,429
TRV,0.0013546852874262046,0.8712566537595681,-0.40279616706348464,0.5802816887601079,0.1519304700039778,0.2367586066890561,0.34069939567362884,0.33290624432225324,0.00316325308352789,429
TSCO,0.009875072758254996,0.8917120185362167,0.6511970535959494,-0.19359077564631688,0.06593132371692566,0.5202033826722232,0.18954117494845812,0.17870616391835736,0.009261452162180769,380
TSLA,0.029535723564808318,1.3604183035942103,0.9745612691387057,-0.846449853682346,-0.2950047432432481,-1.2321379817288776,0.23082566829745177,0.20921964774400947,0.026362585611926278,184
TSN,-0.0015662464650775336,0.8217488622494994,0.08920556572862635,0.41225780301587717,0.46753148667874556,0.07525955067123674,0.17643346882166588,0.16669863984792666,0.006435881569389371,429
TT,3.487538761147834e-05,1.4736757760435117,0.11951998920454797,0.1519322297332781,0.5621950893588449,0.2359762762032511,0.44462143169075574,0.4380566732001028,0.004721360088487235,429
TTD,0.027200107045684766,1.564332813390782,1.6073253062996076,-1.8462847408213254,-0.08958799130181494,-0.0942368364207611,0.3295931827649129,0.2970491625107825,0.028247913431325915,109
TTWO,0.013110911277331059,0.901645668672293,0.5211523243080429,-0.4108816230411378,-0.1309774385561734,-0.3035498964553306,0.16266335455248715,0.15020298780475627,0.0165963705625007,342
TXN,0.005621452581912821,1.3320962180049698,0.18070089859297248,-0.4226698793597024,-0.45112864708637984,0.4923988812571133,0.38944609778380535,0.38222914858503243,0.006592094282146085,429
TXT,-0.003727183291782138,1.5563070809575894,0.3473346500507741,0.7095284841624405,0.3950298394032909,-0.027511939340484806,0.46685414557039595,0.4605521851161454,0.005772543961757628,429
TYL,0.010581469109207108,0.6792063900499553,0.5817020151471795,-0.11642918364346073,0.08172289181337786,-0.01776182241819519,0.10689799836091551,0.09634123711222653,0.0120307808505967,429
UAL,0.010381746355751554,0.8788083396552984,1.0843440427890079,0.7571369624331662,0.005156199518152626,0.458160797588356,0.18533721422449423,0.16762715366415715,0.021954125439628738,236
UBER,0.005899094056165824,1.3420583547952503,-0.11893725329653189,0.12965205199848157,-1.5397503274887596,-0.49123319228085,0.3817616928153865,0.33822378385872354,0.011000597839152918,77
UDR,0.0013969762950862723,0.5922120846923861,0.4908833475176121,0.3456321733023945,0.2572678712054793,0.03368837940148992,0.2531641457042112,0.2443362987267197,0.003104791774341976,429
UHS,0.001711088675208787,1.167223378907652,0.4368468958010625,0.23601027493257326,0.8477137667629562,0.5207017180034743,0.29041308695298695,0.2820255347893107,0.006609783397039359,429
ULTA,0.007094236246850325,1.1702940936401858,0.7500684375690408,-0.013570667510967162,0.5281666254755506,0.24969887298647203,0.2953491516998572,0.27857175054985384,0.009654773060731352,216
UNH,0.010145362408457937,0.8690006777333359,0.2714956980186835,0.0032628956863720027,0.6486917868743332,-0.11967800945581866,0.1887679279305754,0.1791788963458304,0.0063951537887043134,429
UNP,0.0008738136881671208,0.9508340840620542,0.0549313459922563,0.2981290818157836,0.4317592547966553,0.07199377636872539,0.3635423424224654,0.3560192022619745,0.0029057588920090604,429
UPS,-0.003930679593344203,0.9308655910737498,-0.045533891587830715,-0.030845839849547935,0.4204820159114829,0.3484920747232944,0.3498079644153129,0.3391490785860558,0.0028506955797903103,311
URI,0.006249898277548638,1.8898277594274722,0.9576414360422999,0.8049083810487105,0.15006310171339593,-0.04183622767972584,0.45367531859583166,0.4453471984524754,0.012362532541594426,334
USB,0.0022049107781149093,1.0042937460953154,-0.24978924455822107,1.1821353733781321,0.030523963872672224,-0.2372794028774209,0.4473268478317931,0.44079406825533674,0.0035133653609901463,429
V,0.006470917857480562,0.8955404558286357,-0.25897843502460555,-0.09120647581869923,0.3648844597039185,-0.10743976649982487,0.39046922226115455,0.37560261792606076,0.0025521915426659427,211
VICI,0.0007093994572238887,0.8029516522066008,0.2465253282223673,0.46752844687456374,0.34677613163413645,-0.23941386911336868,0.5019406238251287,0.47331652174611316,0.0025429439847320565,93
VLO,0.006030986319784576,1.2703920963967947,0.1820027983465359,0.6368061323945646,-0.12706614400509836,0.03381424180764961,0.2613836286386537,0.2526529386698435,0.01010257286875699,429
VLTO,,,,,,,,,,24
VMC,0.0008173388981630929,0.9081630727961365,0.29566635329991564,0.3443448166677502,0.17630991231088522,0.22238050533532583,0.2933784941012276,0.2850259940315022,0.004233889390042444,429
VRSK,0.0023642833281364473,0.6615811373532532,0.006682971346727958,-0.507052326282693,0.5612726105973034,0.09347362288698746,0.300584940009226,0.2817834599019472,0.0024211608095642398,192
VRSN,0.018404008621740194,1.215589781400379,-0.3494401941347385,-1.0705575872835955,-1.631354596676833,0.08711983847121832,0.39094051457764034,0.3816276784091027,0.014830719615392179,333
VRTX,0.016955247547053184,0.7397089281346216,0.7728783387810255,-1.128178496695214,-0.6576139058121245,0.346320051115851,0.19744255702709734,0.18753444044718492,0.018401963030220382,411
VST,0.01634861015758979,1.1973577252739558,-0.24331609651305644,-0.27801510246709094,-0.1120706197029967,0.337447183782402,0.23099521786452482,0.19329890501474656,0.009861727886321291,108
VTR,0.0029990472304532822,0.7729067214618588,0.5435636653534358,0.6360202977433121,0.6693305024175877,-0.23536099693183268,0.20158699891803133,0.189670386961584,0.008349924173466037,341
VTRS,-0.0019367396928392211,0.8691631439676796,0.2943442881792506,0.1631081063680624,0.40552179756114937,0.051818917422091944,0.14383751865389205,0.13371739476091205,0.008843001994420155,429
VZ,-0.0022136678316649425,0.7345063238025181,-0.48947719240045623,-0.20038451555354392,0.32049736424562475,0.6632459858808201,0.24965626028680554,0.24078694894267794,0.002926226029685362,429
WAB,0.00015182760403132555,1.1535513970282412,0.8408659930163435,0.3405136185447842,0.8578728843977876,-0.18286704418763006,0.3677834282574498,0.358953587869984,0.006073404675148527,364
WAT,0.008925879056855717,0.9232497899370521,0.4013624506835817,-0.5099898949788709,-0.35137517327149914,0.7959395060159401,0.26771710367152723,0.2573448246867046,0.0072008869306710655,359
WBD,0.0021363994754366664,1.2149250003218168,0.31502958671654063,-0.002225158317109841,-0.7214128803225736,0.19200701831603278,0.27669953986317974,0.26144003648476577,0.01030515392090791,243
WDAY,-0.00035076340666647385,1.2644632075482178,-0.08467598409187396,-0.30207042901871634,-0.5413310539728936,-0.8344228815819477,0.3959296026861484,0.3757939227756867,0.006494690313033014,156
WDC,0.013891435906131596,1.247678210844653,0.3988951528258069,0.18916350631520096,-0.5552998323410852,-1.0172347419010483,0.19319565639220004,0.18365896202331344,0.02317595215962714,429
WEC,0.002708629859119681,0.3896791405987188,-0.14586908720194777,-0.04724603944033343,0.4218789090162939,0.5645199003370596,0.16263978720857675,0.15274191235288614,0.0019532224140963875,429
WELL,0.0049834245754689695,0.6320486162328077,0.25821524073082786,0.15924201747460678,0.3279617093868761,0.21080953769789404,0.18696569516590134,0.1773553605933943,0.0035344365831503815,429
WFC,0.0024302756847882313,1.0817390577298343,-0.2048295018698969,1.4636430632527275,0.12311450126537753,-0.6933806642366791,0.526961719951845,0.5213702509205429,0.0032776577549184205,429
WM,0.00842450500969212,0.6706465616190808,0.1444144661696524,-0.005823865426648611,0.4926140683697941,0.193203540054815,0.0714591237416341,0.06048346326576681,0.010236432229220495,429
WMB,0.005391203317843398,1.211555315435974,-0.09388794647706479,0.5985879068784284,-0.7155876983409861,0.25408029487848605,0.28955815109929794,0.28116049331087367,0.00876380234088057,429
WMT,0.00435022662820779,0.6554005659752673,-0.31869297318839424,-0.16111430530035067,0.49010082419185236,-0.16758659474810966,0.24364346112136803,0.23470307650105315,0.0029343728512806412,429
WRB,0.004161305528678412,0.6164158529468553,-0.013075593911250953,0.6305515141058167,0.5035619948126552,0.32963890464061507,0.2346331262602902,0.2255862364997735,0.004271165214273458,429
WSM,0.0062334084996304275,1.4061417792437214,1.0193627325348469,0.2610448129926539,0.7582036708089448,-0.6041576646056489,0.30511045577756934,0.296896631377777,0.012133270791780037,429
WST,0.003182064116567899,0.8145751220206568,0.473782409727413,-0.25421193926901803,0.5334084613954089,0.2519638007517666,0.24027498197329245,0.23129478081458432,0.004345993886269621,429
WTW,0.0018684266366451054,0.6844053074591482,0.1390580382157272,0.15436724576573993,0.49537794830987947,0.1510333694718677,0.2473421328705635,0.23418377855011885,0.0030159287595973093,292
WY,-0.001765898959613609,1.1245431180297616,0.17042143091695539,0.6032291056088194,0.3772817303599204,-0.3691276045904841,0.19429834419739356,0.1847746839633202,0.011259184071953835,429
WYNN,0.0014643982463786735,1.7641910835119134,0.8897507719715685,0.5377226042402607,0.6803003387368648,-0.40537554716584423,0.3895026964430527,0.3781971908216277,0.012728798160433775,276
XEL,0.0018908101893250903,0.5232210967680376,-0.2480704747561226,0.12491108583881051,0.19532994325108083,0.46479299469303453,0.13806254544230867,0.127874159454629,0.003343455253011983,429
XOM,0.0004962741166178504,0.7173178932048877,-0.01745790820309012,0.35100643961591277,0.1620791888794098,0.392705866121158,0.3103408051994684,0.30218880526092773,0.0023287139308222904,429
XYL,0.0003845597456462561,1.0352129881918872,-0.04516197202486727,0.2525508368271964,0.2803784184894141,-0.38129395997829324,0.4305496632778354,0.41297403560122536,0.0027777661798292705,168
XYZ,0.006895006941552015,2.5159944411008093,0.6195618462049581,-0.3350650063832855,-1.4711716930528806,-0.3904004173099166,0.5714630799908228,0.5525012693709477,0.013612578536744063,119
YUM,0.0029866932543778785,0.8530105548477165,0.06929931629578649,-0.04153125783805547,0.7923397156405616,0.19356317531522782,0.24445421467466788,0.2330411363464906,0.0043115934984273765,337
ZBH,-0.0012880804033583407,0.8197826577881435,0.25838444756330126,0.19641570432076094,0.307578258954113,0.1581265727999247,0.2929118532147167,0.2805067980079573,0.003761386501866003,291
ZBRA,0.004850123426517975,1.1021986105340127,0.89931761785642,-0.2715134337546172,0.2654702638250522,-0.2395990562469884,0.31831189160729423,0.30987515759253303,0.007960526439488646,410
ZTS,0.0014724651093084024,0.7081486782833493,0.41021868113121523,-0.4324202670656655,0.7467558485920419,-0.10198282869168546,0.37164001325080953,0.3501208356224126,0.0025782135973798684,152
