Ticker,Beta,Alpha,R²,Adj_R²,Std_Error,t_Statistic,p_value,F_Statistic,F_pvalue,N_Observations
A,1.4517861699142056,-0.007241791813392406,0.3275651989657617,0.3253890345611202,0.11833129797829837,12.268826546468366,1.8539264058316355e-28,150.52410482732688,1.8539264058315776e-28,311
AAPL,1.1097467670461565,0.00631850575710069,0.18640957470103725,0.1845042107073629,0.11219635751729928,9.891112257142995,6.585221711514981e-21,97.83410168340434,6.585221711515083e-21,429
ABBV,0.7002899316348562,0.007533725745678416,0.17714618027143017,0.17169681722687014,0.12282445827509812,5.70155115251044,6.05494593268304e-08,32.507685544693125,6.054945932683083e-08,153
ABNB,1.0594336355512681,-0.008288747844621552,0.19085352771599245,0.1764044835680637,0.291503128549745,3.634381698824463,0.0006065150057984416,13.208730332750184,0.0006065150057984446,58
ABT,0.48398703773408464,0.0030150284049594916,0.15489106169253886,0.15291188385106935,0.05470952726237422,8.846485465191371,2.409684891238313e-17,78.26030508584219,2.4096848912382805e-17,429
ACGL,0.4721235715403823,0.004028693823840025,0.12408713523539333,0.12164726653131364,0.06620267422604549,7.131487920387349,5.5061132397246874e-12,50.85811995863067,5.506113239725202e-12,361
ACN,1.0007431529676785,-0.00015039611608976163,0.4401131343859041,0.4381758095913917,0.06639596403132128,15.072349164108727,2.8050800477305755e-38,227.17570932480908,2.8050800477305734e-38,291
ADBE,1.3748388981099056,-0.00041868780890896157,0.25028011663656524,0.24852433236639326,0.11515272341327915,11.939265154638647,1.4969930948448923e-28,142.54605243276865,1.496993094844922e-28,429
ADI,1.4462936361777707,-0.002329893430888571,0.33363692323434263,0.33207635396791246,0.09891472465046094,14.621621212499942,1.5315042489079835e-39,213.79180688182822,1.5315042489080083e-39,429
ADM,0.6111086241684623,-0.0012217589481773507,0.1349091163030833,0.13288314233658005,0.07488842451920526,8.160254780253023,3.783253548594682e-15,66.5897580786423,3.78325354859472e-15,429
ADP,0.7359587105423682,0.0003454834911601635,0.3256180308962819,0.32403868202250274,0.051255239184143785,14.358702100643846,1.9928101138840122e-38,206.17232601503403,1.9928101138840307e-38,429
ADSK,1.470688562056387,-0.005235232553927681,0.31353611890124655,0.3119284751516007,0.10531053859813236,13.965255345132848,8.99531083148818e-37,195.02835685476154,8.995310831488339e-37,429
AEE,0.4017901544073079,0.0015892655035954929,0.13667659367115792,0.1340683658574756,0.05550408890047706,7.238928921574542,3.1818960118528226e-12,52.40209193160837,3.1818960118528286e-12,333
AEP,0.40321618439753937,0.001136256165454706,0.11313030047068375,0.11105332225164555,0.054634183425742264,7.380291222721084,8.320495222699982e-13,54.46869853217388,8.320495222700151e-13,429
AES,1.416408832348037,-0.007576806189199965,0.24332938250253017,0.24148384441107296,0.12335389178083248,11.48248192172667,1.1881624451418041e-26,131.84739108277978,1.1881624451418338e-26,412
AFL,1.0266091294936626,-0.0005559733334405768,0.33130023890438837,0.32973419730931675,0.07058231427528115,14.54484937246092,3.244855817588665e-39,211.55264326757694,3.2448558175887145e-39,429
AIG,1.5177859094640247,-0.011475360459514286,0.16685477222226602,0.16490361243824314,0.16412986733921697,9.247469300192183,1.1072815350772104e-18,85.51568845799693,1.107281535077234e-18,429
AIZ,0.8754897195430216,0.0007832270850750018,0.30481628446517695,0.3021217739398482,0.08231365958723563,10.636019877298514,3.8089683928526636e-22,113.1249188302891,3.8089683928525997e-22,260
AJG,0.6601293223622003,0.002416484071098188,0.19635331031108985,0.1944712337544413,0.06462916620123924,10.214108600855548,4.64852356159943e-22,104.32801451007128,4.648523561599553e-22,429
AKAM,1.4269158164057154,-0.005613127262301482,0.13088290326980298,0.12807929973196375,0.20884072465649298,6.83255537804107,4.423882609997853e-11,46.683812993997925,4.4238826099978466e-11,312
ALB,1.3737399028260997,-0.006117399675002392,0.37148051628262535,0.36981776632570107,0.0919072910868517,14.947017658565585,5.108212976048504e-40,223.4133368854714,5.108212976048456e-40,380
ALGN,2.0405397595032344,-0.0026147485106492938,0.29261853846361746,0.2902206352041722,0.1847183208013042,11.04676434179033,5.674933335799837e-24,122.0310024230503,5.674933335799996e-24,297
ALL,0.827049015651512,-0.0016098316832096424,0.26784580159421084,0.2659490290594808,0.06959795095201146,11.883238002535036,5.750536869991164e-28,141.2113454248928,5.750536869992374e-28,388
ALLE,1.1191785899100382,-0.0020364732552697537,0.5389261546786924,0.53565612740691,0.08717871239303047,12.837750858998822,1.7949571192952619e-25,164.80784711772498,1.7949571192952993e-25,143
AMAT,1.58360434312879,-0.0012057562483547418,0.35792612402641116,0.35642243813420127,0.10264281354406156,15.428302171870952,5.335500697344874e-43,238.0325079065579,5.335500697344902e-43,429
AMCR,0.7888545754478096,-0.00675838127124126,0.3357360422265046,0.3315582814857908,0.08799738120873404,8.964523314354189,8.099535703567125e-16,80.36267825359982,8.099535703567126e-16,161
AMD,1.9586934120028145,-0.0027104992616606254,0.23939288633796227,0.23761160504132983,0.16895735263284964,11.592827311038219,3.322758043988435e-27,134.39364506355363,3.322758043988557e-27,429
AME,0.9689127467719756,-0.0008110538185732239,0.3731510702194593,0.3716830399389429,0.06077288176805259,15.943175945974621,3.1125897767043976e-45,254.18485924430368,3.11258977670443e-45,429
AMGN,0.6414883037303808,0.007136533625898956,0.11075441790967319,0.1086718755628574,0.0879640331255131,7.292620414699056,1.4881516925873288e-12,53.1823125128854,1.4881516925873492e-12,429
AMP,1.5736492910298188,-0.0035940339208184544,0.6835423256122465,0.6822182349244317,0.06926025882941882,22.720811582664766,1.2072349736891603e-61,516.2352789749534,1.2072349736892023e-61,241
AMT,1.0736222520185985,0.001109021836359813,0.1272654177893414,0.12462076754021811,0.15476773366971158,6.936990201780728,2.1232847966978733e-11,48.121833059601826,2.1232847966978504e-11,332
AMZN,1.358992391317522,0.016170053344904966,0.16248517210650915,0.16001462689148405,0.1675739709576744,8.1098059773303,9.375791164220993e-15,65.76895298994229,9.375791164220883e-15,341
ANET,0.9938038411793533,0.02098602565076451,0.16295902585066366,0.15671245141671342,0.19457293087938518,5.107616134925816,1.0976574730189196e-06,26.087742581754526,1.0976574730189122e-06,136
AON,0.7242668374174541,0.0003865647257707359,0.19462126454874962,0.19273513167884038,0.07130001103497746,10.15801858799366,7.392942972690952e-22,103.18534163402472,7.39294297269088e-22,429
AOS,0.9180465042080235,0.0019383029712478628,0.21020492548686207,0.20835528831001637,0.08611652765652555,10.660514644408769,1.0983863660077142e-23,113.64657248365383,1.098386366007714e-23,429
APA,1.4193870385097371,-0.007062067843248251,0.17421675174581294,0.1722828331316345,0.14954606011889485,9.49130346450632,1.6298936372420553e-19,90.0848414553497,1.6298936372420042e-19,429
APD,0.9941100027280116,-0.00423099461254013,0.4152833843027736,0.4139140245470425,0.057084860780040436,17.41459975804302,1.0440855161494902e-51,303.268284732832,1.0440855161495068e-51,429
APH,1.1592930086561786,0.004725698804130565,0.28615887739304147,0.2843963067199379,0.09098354933048687,12.74178702839109,1.6646958080026437e-31,162.35313667687552,1.6646958080023225e-31,407
APO,1.5392590865330258,0.0008792119978320301,0.4566961728978662,0.45355568834814286,0.12764281411847783,12.059112744915575,1.0734219755255455e-24,145.4222001945853,1.073421975525533e-24,175
APTV,1.7296080351894043,-0.009390593356625059,0.5335001665230256,0.5306728948049833,0.1259111495418288,13.736734526554482,4.0455318935252183e-29,188.697875453034,4.0455318935252077e-29,167
ARE,0.8799911641505701,-0.0038924227581383954,0.2878420984546793,0.2857413376831591,0.07517777274452134,11.705470008283804,8.23244776676503e-27,137.01802811483168,8.232447766764962e-27,341
ATO,0.3922966262304206,0.0036191369913657692,0.10499585142061744,0.10289982296961186,0.05542772965501851,7.0776239379110395,6.057509124344883e-12,50.092760606491375,6.057509124345006e-12,429
AVB,0.8186586615572147,-0.00229012597504827,0.3734396131653843,0.37177764927457635,0.05461393394400145,14.989922945243766,3.5725831964624502e-40,224.69778990434546,3.5725831964628316e-40,379
AVGO,0.8689628771529405,0.020405717940844698,0.1873807361566901,0.18314834415750625,0.13059654733505752,6.653796711206582,2.9060406550004994e-10,44.27301067406353,2.906040655000471e-10,194
AVY,0.9340507194597283,-0.004443157851143938,0.33877334330426595,0.33722480312465064,0.06315054216056262,14.790858280913397,2.9131553415612285e-40,218.76948868606434,2.9131553415613615e-40,429
AWK,0.36679040844829197,0.006473480857421809,0.11659776928739105,0.11235064317819576,0.0700036085804082,5.239592870801592,3.9360094765126714e-07,27.45333345175487,3.936009476512651e-07,210
AXON,1.448845298656711,0.02207827625649455,0.13209915381649684,0.12910639227793308,0.2180760915713808,6.643760387563963,1.509400727193578e-10,44.139552087364066,1.509400727193588e-10,292
AXP,1.2740148007828942,-0.00569977007401213,0.4554542275819059,0.4541789447425193,0.06741481739190715,18.898142130632458,2.508359714741535e-58,357.1397759895853,2.508359714741599e-58,429
AZO,0.6549399702904166,0.0070144242281831165,0.13959795237738834,0.13750959789286743,0.08010582201384848,8.175934705185252,3.664729983287332e-15,66.84590830345266,3.6647299832872685e-15,414
BA,1.087972330719933,-0.006207270281803146,0.3166894694570202,0.31508921060328954,0.07733857373886949,14.067654446194299,3.3493820474244272e-37,197.89890161753033,3.349382047424477e-37,429
BAC,1.3789833805444276,-0.009369947780960905,0.3637391517981875,0.3622490795541552,0.08826076142356705,15.62396877505542,7.593444822976242e-44,244.10840028390672,7.593444822976383e-44,429
BALL,0.5700257198015181,0.0014500387407513065,0.13680043345840123,0.13477888880607902,0.06929348184358188,8.226253099653055,2.355064295130129e-15,67.6712400595515,2.35506429513018e-15,429
BAX,0.6263682406832628,-0.0034687592672373955,0.16232494907489045,0.16036318080574508,0.06885903694036544,9.09638398262412,3.5714065308436895e-18,82.74420155934067,3.5714065308437165e-18,429
BBY,1.4055119398433453,0.004930838299500025,0.17546162333675558,0.1735306201127199,0.14744666949502816,9.532341046813123,1.1769776710774724e-19,90.86552583275831,1.1769776710775116e-19,429
BDX,0.5428531351114747,0.0012529223969495636,0.15108809519029628,0.14910001110409088,0.06227082246097727,8.71761627127472,6.360822786182955e-17,75.99683345319374,6.360822786182916e-17,429
BEN,1.3783961024483302,-0.008746698416072791,0.4717466833984804,0.4705095561933247,0.07058733528971259,19.52752709520709,3.761037901903061e-61,381.3243144540471,3.76103790190294e-61,429
BF-B,0.6147031261064578,-0.0014691212346784445,0.20521135781586144,0.2033500261011445,0.05854322101444982,10.499988136196587,4.2683737429422865e-23,110.24975086026909,4.268373742942395e-23,429
BG,0.7510642984638232,0.0004136083206475183,0.17735602627783645,0.1744996235913011,0.09531557234589955,7.879764869251543,6.780634056027671e-14,62.09069439469079,6.780634056027688e-14,290
BIIB,0.8784307867715616,0.005843493333712046,0.0747670940511005,0.07249379452788451,0.15317243908476844,5.734914140039397,1.904760033285239e-08,32.88924019362381,1.904760033285392e-08,409
BK,1.1049436530926602,-0.004381986304128893,0.37544156819042057,0.3739789020737705,0.06896703484875992,16.021330415548928,1.4203136297090354e-45,256.68302828419314,1.4203136297090522e-45,429
BKNG,1.6204171110789984,0.0019987638377516846,0.17018086032965335,0.16756313433700232,0.20097107510011633,8.062936968774073,1.5420036081152222e-14,65.01095256242365,1.5420036081152092e-14,319
BKR,1.161678268700857,-0.008187046614803548,0.2426955788410471,0.24092203218727903,0.09930617201352579,11.697946312366497,1.303428789253834e-27,136.84194792700896,1.3034287892538294e-27,429
BLDR,1.9645365922389564,-0.0007994926105999757,0.2965333657052724,0.29362647878669923,0.19450797292708846,10.100031184713263,3.0611566977434976e-20,102.01062993218036,3.061156697743551e-20,244
BLK,1.040323567393567,0.004400115796548707,0.3308212685305439,0.3286626274612875,0.08403533651118626,12.37959661475367,7.118206493201499e-29,153.25441234402052,7.118206493201524e-29,312
BMY,0.5365249571580226,-0.0011754463811109,0.13270888318285556,0.13067775644557889,0.0663755974080248,8.083165773407515,6.559116705022573e-15,65.3375689203867,6.559116705022734e-15,429
BR,0.823480323922329,0.004034396116448435,0.34588609523846936,0.34292630381420897,0.07617583591801778,10.810256480921034,3.8536829873350517e-22,116.86164518329517,3.853682987335065e-22,223
BRK-B,0.6107010107612687,0.0007181129387752293,0.2839327781368343,0.2818927005816687,0.051765952772603534,11.797348991989855,2.777862614820735e-27,139.17744323880405,2.777862614820186e-27,353
BRO,0.5767093760710069,0.005794702354637433,0.14902565217557875,0.1470327380120554,0.06669154728996071,8.647413345556323,1.0749953377304978e-16,74.7777575689056,1.0749953377305291e-16,429
BSX,0.8586587430438297,-0.0009988352627580167,0.15640321856049,0.1542889409127719,0.09983406676746798,8.60085911399167,1.8294308151119284e-16,73.97477749873356,1.8294308151117477e-16,401
BX,1.6842732416041568,-0.0032028003446462304,0.593742832864865,0.5918792678780065,0.09435949978654483,17.849535504260118,1.5973018902926711e-44,318.6059177178424,1.5973018902926731e-44,220
BXP,0.9802337393106046,-0.004718090116340682,0.3976395066202945,0.3958573749830764,0.06562280251373957,14.937395261431744,4.278060203975529e-39,223.1257771962436,4.2780602039756797e-39,340
C,1.6227203620500843,-0.012606084413910033,0.4529277483468685,0.4516465486942851,0.08630533203801738,18.80208700587906,6.757464868922583e-58,353.5184757766462,6.75746486892241e-58,429
CAG,0.5316889964019734,-0.0021544957450662814,0.13012938472442603,0.128092217007153,0.06652476926789246,7.9923463433730095,1.2483349330373578e-14,63.87760007242791,1.2483349330373897e-14,429
CAH,0.6733120492012175,0.003349856271374062,0.1493204903856826,0.14732826670977095,0.07777244118584709,8.657463221351804,9.973761055733326e-17,74.95166942905917,9.973761055733345e-17,429
CARR,1.183289185654456,0.003488166302207888,0.4524700988776674,0.44404656193732384,0.16145191312154425,7.3290502588448865,4.536755756718648e-10,53.71497769667431,4.536755756718651e-10,67
CAT,1.2506876213795421,-0.00306873577007246,0.41469600070696344,0.4133252653456214,0.07190527245514722,17.39354540600192,1.2946073375249368e-51,302.5354217906505,1.2946073375249521e-51,429
CB,0.7874164934809031,5.332486389389782e-05,0.27483399836764694,0.27296981841486445,0.06485048016009513,12.142030275443192,5.48717527460713e-29,147.42889920977905,5.487175274607639e-29,391
CBOE,0.4730040433714299,0.006825320299606877,0.09997723660268812,0.09503205658402147,0.10519748130547465,4.49634380501859,1.228239933241394e-05,20.217107612929052,1.2282399332413955e-05,184
CBRE,1.8834058328073722,-0.004836525840869521,0.5673071978690518,0.5656036829000324,0.10320666420351929,18.24887808691669,4.127815568435761e-48,333.0215514311481,4.127815568435869e-48,256
CCI,1.2458547588679063,-0.0012063108539019842,0.21420467050168873,0.211779376274842,0.1325669193189224,9.397930986618883,1.0382220905959701e-18,88.32110682925139,1.038222090595988e-18,326
CCL,1.5278490265363083,-0.010577545164845251,0.3710857508696147,0.3696128837756325,0.09625539540072658,15.872866348692753,6.299510567067897e-45,251.94788612346287,6.299510567068022e-45,429
CDNS,1.305248734610328,-0.002908423058888861,0.26965715589850947,0.26794675111138655,0.10395293548584553,12.556150805265656,5.386826566496273e-31,157.65692304457338,5.386826566496088e-31,429
CDW,0.9973645475749665,0.0040755178595097,0.41159634928476857,0.4075661872935683,0.09869142529313801,10.105888577579526,1.5630965661206043e-18,102.12898394245234,1.5630965661205998e-18,148
CEG,0.922627933198678,0.04664496549743696,0.11348830869026844,0.09287175772957701,0.3932412274943547,2.346213643664621,0.02364412824507568,5.504718461718017,0.023644128245075686,45
CF,1.0005825743585024,0.00826859779290531,0.17474312651195203,0.1713045562057519,0.14035950840737066,7.128712445005679,1.1824421243624852e-11,50.81854112357887,1.1824421243624773e-11,242
CFG,1.517568078925026,-0.005412598623800757,0.49235014159574764,0.48847495183693657,0.1346348950551293,11.27172920737691,5.09909639430127e-21,127.05187932443373,5.099096394301356e-21,133
CHD,0.4089644783365092,0.005030787014380313,0.0979382668748039,0.0958257101227542,0.060063906243157786,6.808822534466723,3.350156328081782e-11,46.36006430586184,3.3501563280818523e-11,429
CHRW,0.673291392968015,0.004303336426778999,0.16760851319876993,0.16511632311852664,0.08210046321001661,8.200823316254695,5.2012639144510275e-15,67.25350306442661,5.201263914451038e-15,336
CHTR,0.9472074827741607,0.0007727390872806911,0.2302453996721955,0.2261290649110842,0.12664993833253532,7.478941523738831,2.8242965480805658e-12,55.93456631550491,2.8242965480805335e-12,189
CI,0.9860302480581176,-0.0012635921427720295,0.25754016032326504,0.2558013784973241,0.08101963887226873,12.170262195473873,1.8486582766292943e-29,148.11528190658052,1.848658276629235e-29,429
CINF,0.6112076367075141,0.0013702990990383628,0.1791736841820055,0.17725137430889548,0.0633086945430307,9.654402781786606,4.445909766215599e-20,93.20749307296894,4.4459097662156365e-20,429
CL,0.5121341318791012,0.00158445676534949,0.16014879235228793,0.15818192769737527,0.05675565301445794,9.023491135740084,6.255406104908937e-18,81.42339227677985,6.255406104909098e-18,429
CLX,0.40020375201376013,0.002276155040197486,0.08671008831517268,0.08457123606298333,0.06285455186666189,6.367140328400441,4.980893796285795e-10,40.54047596154329,4.980893796285864e-10,429
CMCSA,0.9582637319926023,-0.004312134433610303,0.27929015214150343,0.27760230706455136,0.07449438357308998,12.863570191870965,3.1097615081476896e-32,165.47143808119122,3.1097615081476787e-32,429
CME,0.6796468266313981,0.00800317922658387,0.15492533935137376,0.15181844721663618,0.09624654606562412,7.0615191340787655,1.376164811206113e-11,49.865052480960536,1.3761648112061071e-11,274
CMG,0.9436034606319268,0.007961826821818141,0.1885210696446339,0.18506796781333446,0.12770687278407064,7.38882285707043,2.5750154437245223e-12,54.594703213166426,2.575015443724553e-12,237
CMI,1.352146622728062,-0.004043760609098761,0.39677811829624005,0.3953654206810088,0.08068160648283729,16.75904436800837,8.270473053724856e-49,280.8655681288732,8.270473053725449e-49,429
CMS,0.5782606733075775,-0.0026645243301563143,0.12178475869021273,0.11972804852321084,0.07514736122005015,7.695023004391151,9.896118320654024e-14,59.21337903810905,9.896118320654101e-14,429
CNC,0.7476939417147197,0.005928862106022573,0.10740082384670029,0.10425786900109002,0.12790547243633818,5.845675931394304,1.3829187653265843e-08,34.17192709488266,1.3829187653265683e-08,286
CNP,0.638827630177718,-0.0009271705815958615,0.13998344975090804,0.13796935946929423,0.07662752750031357,8.336790328711883,1.0583395541668432e-15,69.50207298490399,1.058339554166868e-15,429
COF,1.4926741251037803,-0.004465475438903278,0.39699381837159725,0.3953596552777534,0.09576809121307697,15.586340984730393,1.933507849978722e-42,242.93402529228632,1.933507849978765e-42,371
COIN,3.3262897551753094,0.009612990231633426,0.34733014569218745,0.33477880234011415,0.632315669199795,5.2604892100567096,2.7510145175727205e-06,27.672746729123066,2.7510145175727235e-06,54
COO,0.7780689228858677,0.0033005412621294507,0.08826693136378341,0.08613172511404976,0.12101493479312617,6.4295280926768985,3.431106412944028e-10,41.33883149452145,3.431106412944103e-10,429
COP,0.9011289389545198,-0.003291523701769758,0.2566034033358199,0.254862427699604,0.07422531982517525,12.140452086659531,2.42407970986577e-29,147.39057686847573,2.4240797098657523e-29,429
COR,0.5117311799433383,0.009293108404040039,0.08210251445417527,0.07958081806531314,0.08968298374612386,5.706000832799628,2.3992178785335396e-08,32.55844550391005,2.3992178785336303e-08,366
COST,0.7366326810849854,0.0021576264087948167,0.20312015436069944,0.2012539252140032,0.0706084954762386,10.432635281584203,7.517651837864214e-23,108.83987891855548,7.517651837864274e-23,429
CPAY,1.2295215163330206,-0.001438073959964663,0.415795626435446,0.41247628340382925,0.10985561072372545,11.192159492200444,2.6513428826958417e-22,125.26443409885252,2.651342882695846e-22,178
CPB,0.4058432802385471,-0.0014059004757133566,0.09262217887291135,0.09049717226605636,0.061472518343314575,6.602027884590227,1.2063620462962392e-10,43.58677218890692,1.2063620462962573e-10,429
CPRT,0.9505203764253434,0.005818474203931926,0.17754971514975523,0.17536814940744694,0.10536238527536154,9.021439424906582,9.590377413862215e-18,81.38636929725881,9.5903774138634e-18,379
CPT,0.8074146943062042,-0.002399953326335476,0.3125237578631083,0.31073810528612944,0.06103143937239075,13.22948799191291,3.3974860695058975e-33,175.01935252816784,3.397486069505713e-33,387
CRL,1.0124994110145238,-0.0023716216301751265,0.2514908897807882,0.24901238279330729,0.100514501784097,10.073167483726387,9.139519163077397e-21,101.46870315520262,9.139519163077486e-21,304
CRM,1.2755220038498571,0.005420522751286452,0.30930837570633324,0.30658911734297234,0.11959619186904803,10.665239284930504,3.4616433528403958e-22,113.74732900482493,3.4616433528404954e-22,256
CRWD,0.7427792921359317,0.028928498674233902,0.06755629405075658,0.05495570342982081,0.3207911141648854,2.315460931857813,0.023361930767545853,5.361359326959853,0.02336193076754586,76
CSCO,1.2040245927508713,0.003524883020095574,0.2936428977781225,0.29198478251469073,0.09047591119450249,13.30768131378632,4.929947914199096e-34,177.09438194929757,4.929947914198862e-34,428
CSGP,1.2874961492794927,0.002603623121536301,0.23726281270473562,0.23491592905151937,0.12804920353471605,10.054698613806163,6.915189422158688e-21,101.09696421447553,6.915189422158785e-21,327
CSX,1.0305871521192072,-0.0032554681410479677,0.39488814826781976,0.3934710244932712,0.06173785924641382,16.692952504326932,1.6166287267501934e-48,278.6546633117149,1.616628726750215e-48,429
CTAS,1.0814495011207117,-0.001205448569270403,0.3877995330097325,0.38636580826268274,0.06575601630937082,16.44639626635343,1.960559893392209e-47,270.48395014992417,1.9605598933922203e-47,429
CTRA,0.6915120194395641,0.0016697031903042947,0.08936258046527416,0.08722493394054465,0.10695222628177621,6.465615943493381,2.7682348072282906e-10,41.8041895287558,2.768234807228194e-10,428
CTSH,1.2122499255364338,0.009002684720487805,0.20864269867060634,0.2062152222861603,0.13075794217844855,9.27094679940777,2.601041131913028e-18,85.95045455744918,2.6010411319130242e-18,328
CTVA,0.8909833300792039,0.0017722617326611737,0.41102849755305637,0.4031755441870971,0.12315445341871258,7.234682184410754,3.363688655371898e-10,52.34062630943036,3.3636886553719183e-10,77
CVS,0.7626998804255307,-0.003302628944609598,0.21009850113125897,0.20824861471704648,0.07156731642629069,10.657097660089827,1.1307227472556312e-23,113.57373053669208,1.1307227472556592e-23,429
CVX,0.732895470353077,-0.0018910792609433333,0.27933259957373313,0.2776448539052875,0.056968492463788115,12.864926534942807,3.070672115979204e-32,165.5063347494755,3.0706721159792945e-32,429
CZR,2.495321343506025,-0.003275858138407379,0.454712308057624,0.45054980659241506,0.23874557234688337,10.451801551655453,5.737961823941387e-19,109.24015567518735,5.737961823941349e-19,133
D,0.3709090722917242,0.0012087451629448007,0.11464770067635847,0.11257427608777848,0.0498802824248619,7.435985809632294,5.735687591769833e-13,55.293884961052854,5.735687591769823e-13,429
DAL,1.1080039789608314,-0.0003072720058585887,0.19187523779358162,0.18818517038624638,0.15365581633790207,7.210947202442616,8.926491175053655e-12,51.997759556414984,8.926491175053773e-12,221
DASH,1.423233788965951,0.004545933605585932,0.22117430049500791,0.20726669871813308,0.3568905413148293,3.9878719781213032,0.0001952359019322598,15.903122913885117,0.00019523590193226006,58
DAY,1.2597927438647594,-0.0017304197168385334,0.38192245264404906,0.37489884415136776,0.170840822998859,7.374073255741535,8.627295909669538e-11,54.37695638104257,8.627295909669524e-11,90
DD,1.357118530593157,-0.011297731139138244,0.408951814780933,0.40756762699353477,0.07895492353024806,17.18852314603582,1.048748511766491e-50,295.4453279418091,1.0487485117665043e-50,429
DDOG,0.9929632985587385,0.018430439137791525,0.12902015384510718,0.11675283206827769,0.3061817475389538,3.2430519014932773,0.0018033437052958534,10.517385635779158,0.0018033437052958493,73
DE,1.0814646930875809,-0.003104320612613178,0.37101122952116145,0.36953818790411497,0.06814379661801873,15.870332249753423,6.461540017990572e-45,251.86744571756358,6.461540017990675e-45,429
DECK,1.020936360996178,0.004496651977040286,0.12495792104541412,0.12266723497485243,0.13822912647092872,7.385826613111769,9.597982573237564e-13,54.55043475895009,9.597982573237497e-13,384
DELL,0.7626740457660764,0.01760011964965985,0.1634857941431793,0.15574029223709762,0.16600598247445658,4.594256390027567,1.1823556652139446e-05,21.10719177730913,1.1823556652139453e-05,110
DG,0.3946401966719427,0.004759360799879878,0.05590100127531631,0.050905768477831126,0.11796940579097076,3.345275785920319,0.0009914334418053424,11.190870083864807,0.0009914334418053461,191
DGX,0.6579133428394042,0.005224156946847084,0.14177370442502418,0.1392788605425388,0.0872755386272676,7.538347550614274,4.26350272836083e-13,56.82668379385224,4.263502728361073e-13,346
DHI,1.370968329047309,-0.0018436159796003347,0.3067619783931212,0.3050201743187321,0.10330618131386496,13.270922529621256,1.5541658127145334e-33,176.1173847872091,1.5541658127150206e-33,400
DHR,0.8848823104178213,0.0032865092753423097,0.3034450684170795,0.3018137922307026,0.06487975773965815,13.638804170147688,2.061151485876209e-35,186.016979191638,2.061151485876223e-35,429
DIS,1.1026415942440821,-0.007614653024269024,0.43185470682419863,0.4305241557863163,0.061204212087085506,18.01577957862065,2.2108836909316765e-54,324.5683138254448,2.2108836909315858e-54,429
DLR,0.676665708188917,0.006903201727623218,0.20520914774355056,0.2020299843345248,0.08422329641993423,8.03418694057149,3.729125279274663e-14,64.54815979604948,3.729125279274544e-14,252
DLTR,0.9352968591005506,0.003056446815296019,0.17233664688647793,0.17006907605602994,0.10728551428553791,8.717829851766192,1.0118195296963166e-16,76.00055732434575,1.0118195296965885e-16,367
DOC,0.6820685303409817,-0.0012577402742338754,0.1947456348240878,0.19285979321946034,0.06711919710300523,10.162048412084511,7.15092406206993e-22,103.26722792954934,7.150924062069976e-22,429
DOV,1.1468568680425397,-0.005835718711911983,0.5174694692906152,0.5163394212093286,0.053593894265025976,21.399020984951072,1.4492214782553995e-69,457.91809911437633,1.4492214782554662e-69,429
DOW,1.2394151643080928,-0.017162530703713742,0.5340979476929016,0.5280472716889134,0.1319192884265289,9.395253560652524,2.0803866113412827e-14,88.27078946895391,2.0803866113412843e-14,79
DPZ,0.9132459261172242,0.009988794123049385,0.15524367440026587,0.15190471659157123,0.13393258543639244,6.818698550032434,6.71661466304727e-11,46.49464991621441,6.716614663047189e-11,255
DRI,0.8708597230623638,0.0016720362679458027,0.19764454873390191,0.19543420313812754,0.09209496264902685,9.456105936881729,4.089001077700107e-19,89.41793948952987,4.0890010777001633e-19,365
DTE,0.40186389972261555,0.0019085189495850708,0.13533882522792126,0.13331385760550418,0.04915603388881708,8.175271028406524,3.3972598579082717e-15,66.83505638790305,3.397259857908432e-15,429
DUK,0.3216997653299579,0.0027073001942491256,0.07041161024624683,0.06823458825619122,0.056566591938035544,5.687098237814219,2.4001714906603273e-08,32.343086366549585,2.400171490660354e-08,429
DVA,1.0025167144576719,0.001159357432678516,0.17337588087743327,0.17106687495809647,0.11569372516978589,8.665264369233787,1.5767839859624235e-16,75.08680658871263,1.5767839859625074e-16,360
DVN,1.2130236000913053,-0.006364255166924132,0.2093253371819228,0.20747364007930436,0.11408888196247327,10.63226827387352,1.3958938761982728e-23,113.04512864761739,1.395893876198254e-23,429
DXCM,1.0745349749698763,0.010611315930543026,0.10717536495996453,0.10351624760324307,0.19854604464104897,5.412019045317805,1.4879409206222174e-07,29.28995014688266,1.4879409206221994e-07,246
EA,1.0806668723646888,0.0038730322613545164,0.1767365311838985,0.17480851369252592,0.11287146445299943,9.574314266248287,8.428638053687157e-20,91.66749366888546,8.428638053687408e-20,429
EBAY,1.503580945363681,0.0024166257866239833,0.23988974741694688,0.23753646490120983,0.14892170637628496,10.09645257196112,5.1811947677604556e-21,101.93835453786035,5.1811947677604255e-21,325
ECL,0.7488179930413241,0.0008670801525982579,0.309469274318556,0.3078521063427212,0.05413087774817445,13.833472210167105,3.195249862780958e-36,191.3649533894656,3.19524986278089e-36,429
ED,0.20120304613480974,0.0035707573038394036,0.03176414986322396,0.029496618598266577,0.053757934677930705,3.7427599728344814,0.0002069074341601676,14.00825221425197,0.00020690743416017042,429
EFX,0.9749221923581751,-0.0012445907612237041,0.24022415558461221,0.23844482105436526,0.08390549853292376,11.619288478163615,2.6264477363908536e-27,135.00786473878577,2.6264477363908794e-27,429
EG,0.5517577021465563,0.002051050879322216,0.1491921019412183,0.14681554356675242,0.06963855181340355,7.9231645084319196,2.9582527221145673e-14,62.77653582767521,2.958252722114701e-14,360
EIX,0.46209608929181617,-9.127024678901897e-05,0.08598928953541274,0.08384874922987506,0.07290743472182513,6.338120262424839,5.918104142191525e-10,40.171768460960315,5.918104142191653e-10,429
EL,0.9495062949683658,-0.0030520123211197087,0.27510797298421635,0.2730774631046202,0.08157344679147317,11.639894258674591,9.145489387835453e-27,135.48713835312572,9.145489387836125e-27,359
ELV,0.7347459277294053,0.002677770909311289,0.20259267906876016,0.19980454158298666,0.08619506602207794,8.524222576048704,9.007210710961733e-16,72.66237052601839,9.007210710961898e-16,288
EMN,1.3838034176939218,-0.01084334359949492,0.47782842153818417,0.47645428580538984,0.0742084270602546,18.647523906824258,1.4302320437848279e-55,347.73014785558223,1.430232043784874e-55,382
EMR,1.0751595169635877,-0.006154281899275591,0.5300154359658491,0.5289147695395396,0.04899553499272816,21.944030555501868,5.167516634381683e-72,481.5404770207996,5.167516634381987e-72,429
ENPH,1.4251717683874927,0.01512793230341072,0.06655703340307483,0.060759251001851644,0.420630914678432,3.3881764717104113,0.0008846002214642743,11.47973980345201,0.0008846002214642747,163
EOG,0.9818374156728915,-0.0006931247807170186,0.18384070773714342,0.18192932766158632,0.10011341217777184,9.80725153917877,1.2996139650905622e-20,96.18218275272436,1.2996139650906231e-20,429
EPAM,1.4028715635277937,0.0037875980520996645,0.23966292932124544,0.23496949061335193,0.19631932665610746,7.145865806606008,2.8852104192897565e-11,51.06339812602093,2.885210419289773e-11,164
EQIX,1.6937327558391673,-0.0008077528689235634,0.13614236249587472,0.13326283703752762,0.24632512199153103,6.8760049407278885,3.578125719429589e-11,47.279443944914334,3.578125719429645e-11,302
EQR,0.7766833197052527,-0.0022731237026919326,0.31719066650153777,0.3154125171955523,0.058152433156288014,13.35599006868503,1.1013779506148518e-33,178.38247071481314,1.1013779506149372e-33,386
EQT,0.6940522485203383,0.0012136143072302603,0.09758650259679853,0.09547312204081926,0.10213771611658667,6.795259135499972,3.6472286881896315e-11,46.175546718595825,3.6472286881897614e-11,429
ERIE,0.4547868042637708,0.004273674787393788,0.0862036321637817,0.08365112834301003,0.07825791499668819,5.811384117287268,1.3709291272079596e-08,33.77218535865872,1.3709291272080408e-08,360
ES,0.44066792203729743,-0.0003875165893482829,0.12171191152794697,0.11965503075869166,0.057286126136873235,7.692402187999472,1.007583577952198e-13,59.173051421939064,1.0075835779521895e-13,429
ESS,0.6948635513200522,0.0011121385001633295,0.27282790321397177,0.2708835927947577,0.058659443791978585,11.845723491416257,1.0480956323313013e-27,140.321165035091,1.0480956323311682e-27,376
ETN,1.0761522530116878,-0.0018675517497071213,0.4489809210091284,0.44769047820118724,0.057693801603083836,18.652822714219713,3.1492062933162687e-57,347.92779520811087,3.1492062933163445e-57,429
ETR,0.4015910804696065,0.002821525561456744,0.09504377420040608,0.09292443877698786,0.05996834591280951,6.696717649232757,6.735028939782242e-11,44.84602727354551,6.735028939782332e-11,429
EVRG,0.49721656614814685,-0.00028529167240268303,0.16404298276872645,0.16208523799769292,0.05431812842652654,9.15378678447486,2.2921930175027373e-18,83.79181249562663,2.292193017502795e-18,429
EW,0.6103754108625964,0.008839982545992324,0.11252938946387754,0.10961964975720184,0.09815018411386107,6.218790279135067,1.647258160352695e-09,38.673352535864815,1.6472581603527196e-09,307
EXC,0.35066554094001234,0.0026115762734970653,0.06725677541506081,0.06507236505303526,0.06319637742637715,5.548823448757526,5.05539643938821e-08,30.789441665481363,5.055396439388263e-08,429
EXE,0.5137212183184322,0.015553027743897207,0.08806043996505827,0.07117267033478158,0.22496928414149459,2.28351714892477,0.026359472634919372,5.21445056943351,0.02635947263491933,56
EXPD,0.9514461718972961,0.0006198776330811409,0.2750742853227672,0.27337656702141533,0.07474670308507764,12.728938302661296,1.0883834355285245e-31,162.02587031295784,1.0883834355285237e-31,429
EXPE,1.6075626355020731,-0.003683686143935383,0.34791951795003134,0.3452137898087452,0.14176551052051897,11.33958908340683,3.628677759484991e-24,128.58628058051931,3.628677759485008e-24,243
EXR,0.9415061397349664,0.00260499270060054,0.3150015512194881,0.31228330340686705,0.08746037474548479,10.764945182030248,1.7575119092642467e-22,115.88404477211621,1.7575119092642587e-22,254
F,1.5326971628857597,-0.01210086850227178,0.33307483839330787,0.3315129527689362,0.10495667270289512,14.603141690899676,1.835094053098267e-39,213.25174724449226,1.835094053098297e-39,429
FANG,1.6370101973637408,0.0008506235293840869,0.3108734231423895,0.3063985752407167,0.1964032754262699,8.334943466756373,4.0201014665093175e-14,69.47128259402477,4.020101466509328e-14,156
FAST,1.0914667873010542,0.002280669933436192,0.28000375945988704,0.2783175855944534,0.08469929014618287,12.88637467229403,2.513786266181191e-32,166.0586521947411,2.513786266181261e-32,429
FCX,1.641674841060143,-0.008226119604938381,0.28926375660579123,0.2872949581476355,0.13543807170673083,12.121221310762039,1.3265523835879597e-28,146.9240060644718,1.3265523835880186e-28,363
FDS,0.9811225416868898,0.0019548051861768834,0.2558859247421939,0.2537598845271716,0.08943052754119439,10.970778867819552,2.8772094928354603e-24,120.35798896659605,2.877209492835925e-24,352
FDX,1.029373896008375,-0.004843692963381555,0.299039772610845,0.29739817957246284,0.07626783611578267,13.496828393632097,7.976304878783001e-35,182.16437668715355,7.976304878782931e-35,429
FE,0.31354034927367874,0.0017013700339265003,0.057568351220920896,0.05473822614951218,0.06951913448488047,4.510130219499062,8.990617037572088e-06,20.341274596838662,8.990617037571969e-06,335
FFIV,1.4495744059908535,0.003260004122432717,0.15676992463750464,0.15408447853762408,0.18972185295032493,7.640524185531738,2.641986679268428e-13,58.377609829695466,2.641986679268438e-13,316
FI,0.8957536874321089,0.0004401254095829192,0.27083246291554136,0.26912481060386817,0.07112756975719736,12.593621439476612,3.811282980861461e-31,158.599300960845,3.8112829808614797e-31,429
FICO,1.1957833557764814,0.005425790250357325,0.2645732749699845,0.2628509641385326,0.0964795532874694,12.394163478488945,2.3910707372840127e-30,153.61528833150922,2.3910707372840484e-30,429
FIS,0.8259274625359287,-0.000636116587654582,0.15149454606416282,0.14856866518852196,0.11478145560036342,7.195652452880322,5.3348713954159745e-12,51.77741422264258,5.334871395416034e-12,292
FITB,1.2460676957441275,-0.005916361990184183,0.30876600131095866,0.30714718632573845,0.09022471280764977,13.8107139049655,3.975359364486293e-36,190.73581856480746,3.975359364486348e-36,429
FOX,0.8522515676091383,-0.0015392594093168264,0.3813624631005089,0.3733282093745415,0.12370054362243706,6.889634779701608,1.3440049417511947e-09,47.467067397674015,1.3440049417511993e-09,79
FOXA,0.7951475928002967,1.687836809535076e-07,0.3358142229644365,0.32718843365228634,0.12743761308760929,6.239504754798398,2.198388662174009e-08,38.931419585151815,2.19838866217401e-08,79
FRT,0.8231078633025151,-0.003546697298997329,0.3296166390996831,0.32804665464792593,0.05680673947759049,14.489616388337518,5.5646894397235306e-39,209.9489830811792,5.564689439723419e-39,429
FSLR,1.299634456921842,0.0071333151153998,0.14331459194595425,0.13950710124349186,0.2118338879356943,6.135158399756925,3.791866075132331e-09,37.64016859010795,3.791866075132362e-09,227
FTNT,1.1062151467968575,0.010150764990728886,0.21940873498737826,0.2152786224740839,0.15177267388309265,7.288631862998949,8.29466807733081e-12,53.124154434323536,8.294668077330858e-12,191
FTV,1.0834242282592919,-0.007445282478460156,0.6030194270293062,0.5993774034240704,0.08419848352815752,12.86750286775622,1.3257147416510267e-23,165.5726300517146,1.325714741651011e-23,111
GD,0.8165981703536729,0.0015371339087966382,0.28859901614813543,0.28693297168946597,0.06204464051731304,13.161461869149004,1.9067826975699898e-33,173.22407853306322,1.906782697570084e-33,429
GDDY,0.9011334687628842,0.006499229227596487,0.2619458490025802,0.25604141579460094,0.1352921089742799,6.660650614399077,7.760073761389426e-10,44.36426660709479,7.760073761389372e-10,127
GE,1.0938303388858532,-0.005970978014478389,0.37604694538593475,0.3745856970144733,0.06818533089219801,16.04201848950788,1.1537742607564805e-45,257.3463572177125,1.1537742607565912e-45,429
GEHC,1.2118493414686986,-0.00436985925360642,0.3285210117189114,0.30753729333512747,0.30627269490134623,3.9567658548831734,0.0003954103608448171,15.655996030369373,0.0003954103608448174,34
GEN,1.0385121112343134,0.002302745447889514,0.1280073287935542,0.1259651913902604,0.13117063715349978,7.917260552901148,2.1169068643492508e-14,62.683014662524606,2.116906864349255e-14,429
GEV,,,,,,,,,,19
GILD,0.761989855188208,0.0077967870262944765,0.09200359447314467,0.08975050165546017,0.11924394441137068,6.390176532231077,4.582054762800369e-10,40.834356113076794,4.58205476280073e-10,405
GIS,0.29165453741913794,0.0020254655118109987,0.06803838398464675,0.06585580408765535,0.05223683047388506,5.583312287006881,4.204032702660206e-08,31.17337609424201,4.204032702660256e-08,429
GL,0.9056190589678542,-0.0036870308416425794,0.32542120124729945,0.3238413914141549,0.06309937217916899,14.352267347389338,2.1215528854522078e-38,205.98757801093817,2.1215528854523313e-38,429
GLW,1.3287169270673072,-0.004896413714115495,0.22338532644206155,0.22156655671475967,0.11989304906044716,11.082518440225842,2.9335074142892797e-25,122.82221497794575,2.9335074142892935e-25,429
GM,1.395686583930488,-0.009737010724492639,0.4417024631310838,0.43854823975894297,0.11794219770001,11.833649119210618,3.54303645536762e-24,140.03525147659423,3.5430364553676966e-24,179
GNRC,1.2602619521074114,0.005635736912328122,0.19365984116272866,0.1893246790184422,0.18855745685920555,6.683702533432235,2.631113079311401e-10,44.67187955540849,2.6311130793114336e-10,188
GOOG,0.8628959947372448,0.010327114972711843,0.22317991496607678,0.22009729558102153,0.10141235121825674,8.508786004577932,1.5888976449075438e-15,72.39943927170128,1.5888976449075132e-15,254
GOOGL,0.8630091406701447,0.010306859280974766,0.22271189937779956,0.21962742278802894,0.1015627435131614,8.497300395969594,1.7159115446659478e-15,72.20411401934503,1.7159115446659575e-15,254
GPC,0.7321243188699599,-0.00317984111087661,0.3309253309651864,0.3293584113655732,0.05037826232639416,14.532544098615833,3.6593844318781566e-39,211.19483797821397,3.659384431878219e-39,429
GPN,0.9219142235639841,0.0006840756161760001,0.2808449758411281,0.2784071621999116,0.0858929338855004,10.733295299854841,6.608177391157238e-23,115.20362799388603,6.608177391157162e-23,297
GRMN,1.0736572116593757,0.002808323059615342,0.2802768108418274,0.27784531358115794,0.10000206182179132,10.736350752174356,6.294505663366503e-23,115.26922747371486,6.294505663366437e-23,298
GS,1.3416848236339625,-0.005096762015164192,0.48323250204841367,0.4815919703088848,0.07817443612410833,17.162705484743473,4.496779447183167e-47,294.5584595560438,4.496779447183515e-47,317
GWW,0.8987977732118567,-0.0008812513851930194,0.3177151008508884,0.3161172439442159,0.06373999151450803,14.101002398271092,2.4265819522432866e-37,198.83826863604708,2.4265819522433004e-37,429
HAL,1.3900942890730965,-0.010244554322335783,0.29233897363226546,0.2906816878562286,0.1046645478586289,13.281424489127934,6.149053168454375e-34,176.3962364604072,6.149053168454726e-34,429
HAS,0.9231410908784857,-0.003406146248912603,0.25160373191001106,0.24985104744141617,0.07704800757838949,11.981375247624305,1.0238863401861309e-28,143.55335282438435,1.02388634018613e-28,429
HBAN,1.1210347062443329,-0.007684590857835509,0.29578630854044263,0.29413709614826566,0.0837082608954403,13.39216338091904,2.1553021630642954e-34,179.35004002122898,2.155302163064331e-34,429
HCA,1.367741925355432,0.0027558903602726316,0.4021190115656904,0.3986630520949719,0.12679764184798345,10.78680885087126,4.504763043089082e-21,116.3552451852345,4.504763043089169e-21,175
HD,0.9648044548750591,0.0012679715494117536,0.35233551633333604,0.3508187376830628,0.06330269386268159,15.24112792052652,3.422903790986113e-42,232.29198028985294,3.422903790986139e-42,429
HIG,1.5986286399436767,-0.008570255095539601,0.3889474457014362,0.3872310059421705,0.10619801771398207,15.053281354546419,5.637200396163276e-40,226.6012795391349,5.637200396163816e-40,358
HII,0.862437749897284,0.004149342221798009,0.23294890836090443,0.22851508702195011,0.11898343773139682,7.248384870541589,1.343189867254701e-11,52.5390832314962,1.3431898672547045e-11,175
HLT,1.1988237598545655,-5.536221190296543e-05,0.5348174747388756,0.5314947424155819,0.09449312794150372,12.686888305747496,4.9546604781747e-25,160.95713488251252,4.95466047817484e-25,142
HOLX,1.139923020092543,-0.0005478027113349146,0.14495784114844457,0.14294597724526448,0.13429318287943462,8.48831635121747,3.535192967101444e-16,72.05151447834585,3.5351929671014277e-16,427
HON,1.106534718556223,-0.004832021038269756,0.43400297733081167,0.43267745737139907,0.06115216346209528,18.094776307335398,9.822802621652165e-55,327.4209296125065,9.822802621652867e-55,429
HPE,1.2577331528169955,-0.0015816376216627303,0.4370016872151917,0.43223051507294763,0.13141940447639644,9.57037629129487,2.0903073621099406e-16,91.59210235697897,2.0903073621099643e-16,120
HPQ,1.248015919143695,-0.006894229352680628,0.34759691439366464,0.3460690383149613,0.08274204195509001,15.083213921902992,1.6338848473423018e-41,227.50334221388832,1.6338848473423324e-41,429
HRL,0.4026276804201723,0.0014498335579889946,0.09333356690808457,0.09121022631536346,0.06072877608578004,6.629932403897889,1.0166432202274117e-10,43.95600368025522,1.0166432202274222e-10,429
HSIC,0.7587735098583633,-0.0006902593038913812,0.16276055860290695,0.16041535008358743,0.09108110821990392,8.33074525209333,1.746543780839415e-15,69.40131645527555,1.7465437808395447e-15,359
HST,1.3712521450629704,-0.002144735648639002,0.0731010850982968,0.07093036164419442,0.23629670053320365,5.803094761665055,1.2703260485574607e-08,33.67590881286442,1.2703260485574675e-08,429
HSY,0.22372168689789948,0.005455093941923476,0.030742176525475205,0.028472251880335753,0.06079200950107179,3.6801166589822167,0.00026296087798105013,13.543258623718428,0.00026296087798105674,429
HUBB,1.2929627282193268,0.016571578693202072,0.016060885706667173,0.013756578647432294,0.48974660623256633,2.640064702368426,0.008592676861835232,6.969941632691686,0.008592676861835312,429
HUM,0.8265684618133575,0.005196475750232877,0.04785518662382192,0.04562533928570445,0.17842343202896682,4.632622814245414,4.801498816809647e-06,21.461194139067086,4.8014988168098444e-06,429
HWM,1.56198536876632,0.011993809854353582,0.4230835953275247,0.4175891533782631,0.1780023200981492,8.775084324210226,3.3896368501550036e-14,77.0021048970001,3.389636850154999e-14,107
IBM,0.813267892483797,-0.002399827692460225,0.24138632489190784,0.23960971206964066,0.06977079822496025,11.65627903326543,1.889741594380115e-27,135.86884090134322,1.8897415943801583e-27,429
ICE,0.8964692808962912,0.005494572508464555,0.2520076709761043,0.24885158519963213,0.10032355911595084,8.93578027729439,1.1613832599495314e-16,79.84816916408337,1.161383259949511e-16,239
IDXX,0.9254186104320546,0.007348936429747523,0.14530099389007828,0.14321636216785882,0.11084563806079382,8.348714722761615,1.0711747090200838e-15,69.70103752205655,1.0711747090201308e-15,412
IEX,1.099887691848126,-0.003065977140541902,0.4423357536856202,0.4410297484249308,0.05976470539976195,18.403632787797644,4.101302711592072e-56,338.69369978810045,4.1013027115917735e-56,429
IFF,0.8009666721079713,-0.006053813172531373,0.28838176792148057,0.2867152146847628,0.060889182239019124,13.154498757493483,2.035979100445212e-33,173.04083756089761,2.035979100445178e-33,429
INCY,1.3880946305067736,0.006174929724818569,0.11108573810783927,0.10875262980890965,0.20116729258011784,6.900200388957089,2.175327681948304e-11,47.612765407763575,2.175327681948371e-11,383
INTC,1.1251555706757133,-0.0024673315090895653,0.24095191455626175,0.23917428437957844,0.09664248555449477,11.642452739289912,2.1373077029759895e-27,135.54670578659915,2.1373077029759823e-27,429
INTU,1.0076705105875283,0.005769666623855214,0.15658256053855196,0.15441439231371545,0.11857505684631453,8.498165949804882,4.1572392470324513e-16,72.2188245104231,4.157239247032703e-16,391
INVH,0.79616586420733,-0.004651142999606547,0.4315136599857544,0.42594026449541866,0.09048283719862063,8.799081559076788,3.6682540503250493e-14,77.4238362832852,3.668254050325044e-14,104
IP,1.2898153151185041,-0.011980385221689005,0.40959108418433443,0.40820839351497684,0.07494019144306388,17.211262611978334,8.317542617495101e-51,296.22756069848333,8.317542617495255e-51,429
IPG,1.3292282988363455,-0.010780573608156045,0.4274564270973289,0.4261155756385404,0.07444644902124208,17.85482472719514,1.1529340298786174e-53,318.794766038859,1.1529340298786278e-53,429
IQV,1.2339660471146094,-0.002610891681171207,0.4564770799206715,0.45277964509019974,0.11105650095521777,11.111155461418614,3.333814608039151e-21,123.45777568781273,3.3338146080392266e-21,149
IR,1.3631523298888713,-0.0008335181084578452,0.585487345050009,0.5813003485353627,0.11527547850336237,11.825171732851326,1.2144901888723869e-20,139.83468651142599,1.2144901888723872e-20,101
IRM,0.8191007945136041,0.0033348598378429087,0.23541441105170546,0.23325456475524142,0.07845709935576274,10.4401105985247,2.0126127807798194e-22,108.99590930942777,2.0126127807802673e-22,356
ISRG,1.2696243919914156,0.011819758965649744,0.1488426112515837,0.1460242093020857,0.1747081168264405,7.267117378711677,3.154170273393298e-12,52.81099499597326,3.1541702733932936e-12,304
IT,1.1427653402682887,0.00019846438863276548,0.24912984631750063,0.24716421764293917,0.10150674915639202,11.25802323259928,1.38660069105953e-25,126.74308710574512,1.3866006910594862e-25,384
ITW,0.9990907312547059,-0.0031727566491266297,0.4830074750160927,0.48179671968826154,0.05002144097883806,19.97324970460924,3.7351523775896494e-63,398.9307037626732,3.7351523775897104e-63,429
IVZ,1.6353787324722062,-0.010875573243287678,0.4685598038953269,0.46708358112836945,0.09179346851227792,17.815850724209913,2.3363955427000824e-51,317.4045370273309,2.3363955427003204e-51,362
J,1.0160032912143107,-0.0016494268026650532,0.29618372669916815,0.29453544502867446,0.07579319813083878,13.404940235671607,1.90932276332119e-34,179.69242272192758,1.9093227633211767e-34,429
JBHT,1.1195251238661115,-0.0027798766862794384,0.3067595953834084,0.3051360815552665,0.0814446876653883,13.745833595257043,7.404910952458336e-36,188.94794122849723,7.404910952458431e-36,429
JBL,1.703949437310199,0.0015900845200723414,0.2660370788121892,0.26414053379620006,0.1438689903985439,11.84375752265962,7.947812873764964e-28,140.27459225555637,7.947812873765083e-28,389
JCI,1.1977400240560667,-0.00648005096686438,0.35320651704606043,0.35169177821010267,0.07843629809573549,15.270226325497465,2.5649925804009925e-42,233.17981203191584,2.5649925804010402e-42,429
JKHY,0.7964687348705151,0.009419368885707435,0.14706719406789842,0.14506969335142983,0.09282272225297651,8.580536268908823,1.7674290137774006e-16,73.62560266205975,1.7674290137774102e-16,429
JNJ,0.49500187272098967,0.002277772316792776,0.17994180901585044,0.17802129802993905,0.051138642908038635,9.67960517863447,3.632832680007987e-20,93.69475641424724,3.632832680008162e-20,429
JPM,1.2367654628267928,-0.004029021146727294,0.3990616315449774,0.3976542817359493,0.07344604108322558,16.83910316453066,3.669706204862692e-49,283.5553953857066,3.669706204862757e-49,429
K,0.3761788784521001,0.0006686952115494364,0.08893277218893346,0.08679912528539468,0.05826728295180159,6.456090955249679,2.9250928325721113e-10,41.68111042245671,2.9250928325721423e-10,429
KDP,0.8543351746658584,0.02041163453710923,0.015448820272187384,0.01069253437978257,0.4740395780199794,1.8022443995801771,0.07296173505517892,3.2480848758181127,0.07296173505517899,209
KEY,0.9852929659385414,-0.006666996807490207,0.27190816473753393,0.2702030316338747,0.07802493239091408,12.627924635706288,2.775467642693642e-31,159.46448060507774,2.7754676426936853e-31,429
KEYS,1.0713897441294267,0.002628987233671139,0.3924377419323326,0.3877641861010428,0.11691919548077218,9.163505955748908,9.455715945863584e-16,83.96984140104571,9.455715945863574e-16,132
KHC,0.6020402784416719,-0.011357927825271296,0.13867679184255632,0.13155841822142045,0.1363998976355127,4.41378834499159,2.220707112616852e-05,19.481527554383597,2.2207071126168322e-05,123
KIM,1.0995466554430375,-0.005431474838123311,0.36174087063518834,0.36016492216762086,0.07257480510569081,15.150528531792347,2.131976890082437e-41,229.53851479265398,2.1319768900819414e-41,407
KKR,1.5750243952330094,-0.0008740352777253588,0.5446629638439004,0.5421472896109938,0.10704109992038034,14.714202268143257,9.585378398588525e-33,216.50774838783204,9.585378398588543e-33,183
KLAC,1.6548445166489283,6.847377639822988e-05,0.34346894872290445,0.3419314052772907,0.1107202742832483,14.9461742879669,6.318506766783619e-41,223.38812584628286,6.318506766783725e-41,429
KMB,0.41053700593771636,0.000948134684745138,0.12130770552633596,0.11924987813880983,0.05347029596163687,7.677851759643575,1.1133724177656905e-13,58.94940764306195,1.1133724177657103e-13,429
KMI,0.8536848926982346,-0.006178246499083513,0.28172421111399487,0.27759618933878794,0.10333715483071183,8.26116118734594,3.5268371387991644e-14,68.24678416331096,3.526837138799146e-14,176
KMX,1.5836491415851353,-0.008477165365696085,0.276968796264979,0.27485466993826835,0.13835950995536525,11.445900192158964,6.69903457873417e-26,131.0086312088646,6.699034578734228e-26,344
KO,0.5196666281737026,0.0007470572451511795,0.17933754655316822,0.17741562043268388,0.05379693844278934,9.659780709014603,4.25848424569728e-20,93.31136334625064,4.258484245697289e-20,429
KR,0.5430946754897632,0.002578898700352097,0.11349975516715853,0.1114236421816015,0.0734519914608411,7.393872714524005,7.600349861326351e-13,54.6693537185826,7.60034986132657e-13,429
KVUE,1.0397477614427275,-0.026998736991659555,0.2214464346430037,0.19261111740755943,0.3751941123318534,2.7712262193578523,0.009987080902192559,7.6796947588564155,0.009987080902192571,29
L,0.8102200099975758,-0.004903296013303336,0.32797223866419645,0.3263984031575552,0.05612600002667845,14.435734055739813,9.411812321701974e-39,208.39041772804626,9.411812321702043e-39,429
LDOS,0.6788964419600765,0.0028669024338270396,0.16955876314711707,0.1658842443999804,0.09994098980732805,6.792972966036176,9.611107145817191e-11,46.14448171729832,9.611107145816978e-11,228
LEN,1.4597647555267244,-0.002135448624445934,0.23810969536927115,0.2363254089415645,0.1263649471784553,11.551975354883922,4.774627607202037e-27,133.4481345998455,4.774627607201944e-27,429
LH,0.7879959056761764,-0.00257396731816017,0.1387532327611398,0.13672676977940135,0.0952295524145812,8.274699247200509,1.678359254900374e-15,68.47064763162066,1.6783592549004468e-15,427
LHX,0.8932464296642426,-2.8712716360563065e-05,0.24091844670645196,0.23914073815072945,0.07673023760645815,11.641387509388617,2.1576690981766233e-27,135.52190314374928,2.1576690981766273e-27,429
LII,0.9017907573587001,0.0031671004152638606,0.2250792515795417,0.22260346644081808,0.09457895788943942,9.53479270106647,4.383234033832706e-19,90.91227185231041,4.383234033832781e-19,315
LIN,0.877348670275629,-0.000488747467972039,0.35769479415278654,0.3560809619772911,0.05893117459409829,14.88768340896928,3.6609013149564893e-40,221.64311728569913,3.660901314957642e-40,400
LKQ,1.050544099101653,6.0901123807952096e-05,0.3296314912855475,0.3270728328553396,0.09255632379133115,11.350322226173457,1.5036921218514882e-24,128.82981463796725,1.5036921218514498e-24,264
LLY,0.44434837921588277,0.006145389639941244,0.07351024677642255,0.07134048154639072,0.07634068152804413,5.820597489068121,1.1530060009802716e-08,33.87935512974613,1.153006000980279e-08,429
LMT,0.5925911042691525,0.0030678555552244823,0.15526368060417536,0.1532853754065271,0.06689086856194959,8.85907324884467,2.1905947583673978e-17,78.48317882839522,2.1905947583674437e-17,429
LNT,0.3993539996977959,0.0019681420422308794,0.12036108478259612,0.11830104048466317,0.05224602710963107,7.64371994945772,1.4064263694465886e-13,58.426454665737936,1.4064263694466336e-13,429
LOW,1.1212067354596549,0.000994865493211202,0.30460256197878194,0.3029739965501609,0.08198256986315082,13.676159912176773,1.442406518874565e-35,187.03734994343094,1.442406518874552e-35,429
LRCX,1.7042990755722365,0.0027608604461159536,0.2521501371672814,0.2503987323362914,0.14203961148150177,11.998759063025123,8.751208119300911e-29,143.97021905252754,8.751208119300973e-29,429
LULU,1.4598736164919603,0.002042397308393302,0.260545992181785,0.25713837002594064,0.16695474937804627,8.744127507186247,6.26139500273535e-16,76.45976586193117,6.261395002735506e-16,219
LUV,1.0701887593966533,-0.003625995676204365,0.25915184811283776,0.25741684073136906,0.08756567370298474,12.221555709451193,1.1588619937537814e-29,149.36642395921896,1.1588619937537744e-29,429
LVS,2.263334472704654,-0.012209769512754971,0.40537468661549236,0.4029770039002323,0.1740669346812764,13.002667490232485,8.017089053883814e-30,169.06936186154869,8.017089053883647e-30,250
LW,0.6276237438348032,0.0016753882193842303,0.1237658533644711,0.1154207662536566,0.16297252040896965,3.8511016597142853,0.00020251244178313033,14.830983993454126,0.00020251244178313087,107
LYB,1.3936089585043576,-0.006370345563818613,0.45277803952065504,0.4498040071267456,0.11294606358555426,12.338712074270108,7.067470013613905e-26,152.24381565173888,7.067470013613757e-26,186
LYV,1.5404519985397385,-0.00148882238532266,0.368023273719559,0.36534540623531975,0.13140293594514657,11.723117048029975,2.58068469413751e-25,137.43147332181107,2.5806846941376242e-25,238
MA,0.9141279256361855,0.012296407263435378,0.2982812402751148,0.29524349672652217,0.09225067654492994,9.909173134258445,1.621463708169008e-19,98.19171220470936,1.6214637081690043e-19,233
MAA,0.6526675067005435,0.00058726350326232,0.26444766249859913,0.2625068911595454,0.05591255140097771,11.673005261733248,4.1814078850143336e-27,136.2590518404521,4.181407885014849e-27,381
MAR,1.3224928677679035,-0.0050569120534996355,0.5269382922312427,0.5255004147000306,0.06908351195640558,19.143393703007582,2.0180850044444693e-55,366.4695224683504,2.0180850044444096e-55,331
MAS,1.4105665320416203,-0.010991528401069145,0.4728805382177953,0.4716460664103429,0.07207065067471266,19.571996628810012,2.3744186015411748e-61,383.06305203815054,2.374418601541269e-61,429
MCD,0.6267558251768371,0.0009397898817468837,0.24683085512034333,0.24506699295434886,0.05298232076548478,11.829527588099461,4.0159559153723263e-28,139.93772295760627,4.0159559153722743e-28,429
MCHP,1.3535211310369935,0.001666103408126729,0.268749138001918,0.26686931573457073,0.11320090403809115,11.956804961394523,2.81808447959331e-28,142.96518488482863,2.818084479593413e-28,391
MCK,0.5733413426084228,0.005444190893216092,0.10255282801254939,0.10012072185540177,0.0882939003776954,6.4935555022015885,2.7107924895742763e-10,42.16626306017251,2.710792489574339e-10,371
MCO,1.001552686852755,-0.0005074863876343705,0.35529118678225197,0.3535487305303121,0.07013947721460385,14.279443283963058,3.736177224288629e-37,203.9025004999177,3.7361772242889796e-37,372
MDLZ,0.49488464914826336,0.00021305788717610168,0.13699094606636902,0.1340150527769426,0.07294016261113677,6.784803206247617,6.536307318450172e-11,46.033554547507926,6.536307318450058e-11,292
MDT,0.7373422677025981,0.00014698486180894123,0.25166060622006814,0.24990805494657886,0.061531411464065225,11.98318468825002,1.007295491452085e-28,143.59671527270976,1.0072954914520811e-28,429
MET,1.2716401231014893,-0.006032127747154739,0.514144013210417,0.5125458027275566,0.07089878918129337,17.935992106294126,1.420435683199969e-49,321.6998128370453,1.4204356831999537e-49,306
META,0.9908741361469283,0.010811125891391014,0.1561404832282244,0.1508331906699114,0.18268262656779363,5.424019540135166,2.1317961188875435e-07,29.419987971768098,2.1317961188875189e-07,161
MGM,2.01005703510083,-0.013183095527252024,0.272533513713879,0.2708298451277288,0.15892454644048848,12.647870200803272,2.3076702352247988e-31,159.96862061636742,2.3076702352248802e-31,429
MHK,1.5883250535240712,-0.009768500357476461,0.3761677889416489,0.3746082084140029,0.1022709961620364,15.530552288818585,6.679336312757885e-43,241.19805439572812,6.679336312757356e-43,402
MKC,0.5224829991055767,0.0016429601007663351,0.16126227668754284,0.15929801972428181,0.05766402070841949,9.060814571837327,4.6965492922695784e-18,82.09836070521962,4.6965492922695684e-18,429
MKTX,0.823987641562437,0.0029261307535093407,0.15008478661548033,0.14667147250550228,0.12426261537067812,6.631018018608925,2.0568174974420476e-10,43.97039996311622,2.0568174974420502e-10,251
MLM,0.9564044121358977,-0.0016542003052498668,0.3037845229821489,0.30194268309585837,0.07447057134957424,12.84271618712867,1.4047442982285258e-31,164.93535906313673,1.4047442982284971e-31,380
MMC,0.7882117295154316,-0.002510522961147593,0.2924512393499194,0.29079421649125414,0.05933082811645972,13.285028281895222,5.943130847883934e-34,176.49197645075597,5.943130847884119e-34,429
MMM,0.75668967129438,-0.002889313703603468,0.3270002352555784,0.32542412339435023,0.05253361561888333,14.40391380604662,1.283282893808022e-38,207.47273293202048,1.283282893808081e-38,429
MNST,0.8087133018444197,0.01642417108657668,0.06020555141343867,0.05800462764625691,0.15462468128256818,5.230169563722756,2.658245821252402e-07,27.354673665291877,2.6582458212523804e-07,429
MO,0.6833980617589541,0.005826026342907832,0.06411258012779897,0.06192080631076813,0.12635719678033022,5.4084617194146025,1.0605814997776614e-07,29.25145817037317,1.0605814997776792e-07,429
MOH,0.8532773218561122,0.003124562308126381,0.12518524469248818,0.12188405693661075,0.13856346810914422,6.158025152661446,2.718346126641656e-09,37.92127378081103,2.7183461266416903e-09,267
MOS,1.1463687916628447,-0.008478407597226493,0.19573953233815172,0.19385601836236277,0.11245260094860408,10.194239901901309,5.479840291684484e-22,103.92252717751678,5.479840291684518e-22,429
MPC,1.6095226905179076,8.335819773667291e-05,0.42949760557016314,0.4261417091323406,0.14227251382773867,11.312956011072473,1.7708807977568829e-22,127.98297370846079,1.7708807977568805e-22,172
MPWR,1.1750442101737133,0.010537916287514217,0.23440217361307636,0.2313274835472654,0.13457799755865676,8.731324818988796,3.724173382890492e-16,76.2360330946897,3.7241733828905963e-16,251
MRK,0.46789468740965695,0.0011657976475676173,0.09759599970867054,0.09548264139417084,0.0688523351390238,6.795625543634843,3.638873493376525e-11,46.18052652930236,3.638873493376603e-11,429
MRNA,1.4843740948778161,0.009729897176269778,0.1076839361458612,0.09652998534768442,0.4777297285804338,3.107141980233489,0.002614703015016128,9.654331285329286,0.0026147030150161237,82
MS,1.4663666710384464,-0.006656966688941545,0.4310656216348848,0.4296068155365127,0.08530405415582032,17.189882538992972,1.0581129376970923e-49,295.49206170437543,1.0581129376970754e-49,392
MSCI,1.0664584430731532,0.004489321627868309,0.4016235729330385,0.39881429393272416,0.08919320618129166,11.956722812559278,1.514094612326118e-25,142.9632204163754,1.51409461232611e-25,215
MSFT,0.8676783480784572,0.006301809781696857,0.21977104790118396,0.21794381382132721,0.07911714629178053,10.967007643052467,7.96845092924877e-25,120.27525664277123,7.968450929249148e-25,429
MSI,1.0989691198192506,-0.004559309954726946,0.30738571016028193,0.30576366264309285,0.0798317112000582,13.766072445387458,6.099610008508259e-36,189.50475057165593,6.099610008508377e-36,429
MTB,0.781266358757193,-0.0006929343837912307,0.26155802624513236,0.25982865394125687,0.06352714647085225,12.298149722743432,5.759980426575734e-30,151.2444866030143,5.759980426575724e-30,429
MTCH,1.0113498292936178,0.004576413090320152,0.11146646517939461,0.10919400089596598,0.1444035347128677,7.003636242731786,1.0947900680778327e-11,49.0509206205062,1.0947900680777759e-11,393
MTD,1.0848656808206318,0.0011604910409828452,0.3996298350360231,0.39782692162772293,0.07286759790456375,14.888176803103947,8.798670679521768e-39,221.65780852048255,8.798670679521803e-39,335
MU,1.5294542583362365,0.0024911711473369243,0.200711241413736,0.19883937078472835,0.14770274256404667,10.354948268296619,1.4404051376788896e-22,107.22495363909916,1.4404051376789084e-22,429
NCLH,2.258735287494122,-0.019069260654049833,0.4672710854238299,0.4637430793670341,0.19626621349894213,11.508528376975574,2.1134531047506693e-22,132.44622540365202,2.1134531047506928e-22,153
NDAQ,0.8637622119105414,0.0034949247864326793,0.18943313525523586,0.18650690108648227,0.10735462653776354,8.045877851446864,2.525869834505204e-14,64.7361504004032,2.5258698345052763e-14,279
NDSN,1.0126867184081438,-0.0034046949493553615,0.3385693200351859,0.33702030204931976,0.06849826064401647,14.784123113301346,3.112417636981317e-40,218.57029622925108,3.112417636981353e-40,429
NEE,0.3656111068894124,0.004422966249090012,0.0907187560066503,0.08858929173500307,0.056015216190177755,6.526996265588316,1.9058142680339673e-10,42.60168025100382,1.9058142680340102e-10,429
NEM,0.4113274764016771,0.0008181527275749351,0.0294261585870256,0.027153151932662656,0.11431975605188006,3.5980436855989297,0.00035817426284323053,12.94591836347833,0.00035817426284323904,429
NFLX,1.0981782577217742,0.022247271421781484,0.11043618840713454,0.1072477876487371,0.18659654084332017,5.885308767025234,1.1369242123410333e-08,34.63685928322408,1.1369242123410513e-08,281
NI,0.47489094721124764,0.0023097139088749333,0.14462928185643995,0.14262607174369157,0.05588934602574115,8.496985221343,3.2772458302276485e-16,72.19875785172133,3.2772458302277215e-16,429
NKE,0.9074237772710351,0.00027678197477755927,0.22957480394494886,0.22777052948111975,0.08044505355280018,11.280044417839148,5.243642568681095e-26,127.23940206842417,5.243642568681109e-26,429
NOC,0.6605646630487586,0.0037793164723677435,0.15693107717389,0.15495667688624104,0.07409321884082191,8.915318748236354,1.4292439170544176e-17,79.48290838265463,1.4292439170544142e-17,429
NOW,0.9201381157222801,0.013591551052045063,0.19290798606757567,0.18779980876420577,0.1497307152779099,6.145286316267469,6.244058916479024e-09,37.764543908904194,6.244058916479074e-09,160
NRG,0.8149162460595739,0.005345541692917122,0.14572884357448918,0.1424431852805449,0.12236336573254092,6.659805744807636,1.623605066944839e-10,44.3530125585728,1.6236050669448326e-10,262
NSC,0.9932189488793941,-0.0035463051596828776,0.35264404904101704,0.35112799294977814,0.06512299292658962,15.251432777344979,3.0904801604543156e-42,232.60620176187285,3.090480160454377e-42,429
NTAP,1.6932257049099917,0.0004412811319806295,0.25716378152877245,0.25508300780756454,0.15230788184671096,11.117124631896102,7.43332004871348e-25,123.59046008111109,7.433320048714111e-25,359
NTRS,0.9904263560791483,-0.003918156204088129,0.3978446090185829,0.3964344090397036,0.05896656126789895,16.796406892024933,5.6607984379674684e-49,282.11928448246255,5.660798437967573e-49,429
NUE,1.3064986751246224,-0.004474486918516679,0.35809371211142743,0.35659041869716845,0.08465108003923959,15.433928007994716,5.0451058111720535e-43,238.20613375596378,5.045105811172133e-43,429
NVDA,1.750606434441414,0.018314191593148215,0.22680350951426612,0.22437969606446762,0.18097276869701479,9.673314096068703,1.4112949144836625e-19,93.57300560120146,1.4112949144836945e-19,321
NVR,3.8514236323167355,0.025009127491371977,0.019793480622207628,0.017497915003055975,1.3116110342059373,2.936406855290316,0.0034999127300249545,8.62248521979596,0.0034999127300249385,429
NWS,1.3173224794494505,-0.008823534394715383,0.48448398268176346,0.48095305105629604,0.11245973220039052,11.713725914820168,9.268068714614626e-23,137.21137480752958,9.268068714614772e-23,148
NWSA,1.3088833613811448,-0.009535967877471449,0.4712718868350315,0.46765046140239475,0.11473738668997929,11.40764487618801,5.958222700631075e-22,130.1343616212186,5.958222700631104e-22,148
NXPI,1.6497009911237175,-0.0009149950943200223,0.40889235302394683,0.4056084216518576,0.14784198240059945,11.158542143013285,2.5971896613795294e-22,124.5130627574035,2.5971896613794852e-22,182
O,0.5858110600425543,0.0024478385813174568,0.21494173472357903,0.2128199556282373,0.05820325527483755,10.064919174646446,3.1920550274537235e-21,101.30259799216569,3.192055027454016e-21,372
ODFL,0.774200420657089,0.005216824959896435,0.13893570629224886,0.1368148582781903,0.09565358240219286,8.093794306645231,6.789860629140667e-15,65.50950627828276,6.789860629141219e-15,408
OKE,0.9407731908137219,0.00019329872979154464,0.25101786814551175,0.24926381163063005,0.07864197385158757,11.96273624297809,1.2114501492671598e-28,143.10705841906156,1.2114501492671844e-28,429
OMC,1.0267542832364493,-0.003808269558989665,0.3839923097597559,0.382549668799006,0.06293386284160436,16.31481426494739,7.401862208831549e-47,266.1731644997309,7.401862208831963e-47,429
ON,2.131515110003825,-0.010716167126152469,0.35184410121748394,0.34970497283866386,0.16620026164514973,12.82498047178032,2.2622535200683262e-30,164.48012410154647,2.2622535200683206e-30,305
ORCL,1.160820728339627,0.003991562793299461,0.1979249096584657,0.1960465136623497,0.11308591172545061,10.26494556773669,3.048737463276792e-22,105.36910750859708,3.048737463276887e-22,429
ORLY,0.7610171067031452,0.007685004108990812,0.17521684101311,0.17309111122190668,0.08382248382848292,9.078913818162844,5.6270591812703536e-18,82.42667611762826,5.627059181270797e-18,390
OTIS,0.8551703397745497,-0.002580953804604616,0.4527713918725443,0.444352490209045,0.11661135958238962,7.333508011887511,4.4549269436035187e-10,53.78033976041831,4.4549269436035285e-10,67
OXY,1.0301741995907205,-0.00548899072845477,0.21597284336237943,0.21413671418992597,0.09498668064003186,10.845459517579526,2.2665361067325774e-24,117.62399214745635,2.266536106732691e-24,429
PANW,0.9744345840083446,0.010819212445204283,0.17728624145082666,0.17204602642822053,0.16752889607643737,5.816516474648919,3.26676190546156e-08,33.83186389986228,3.2667619054615744e-08,159
PAYC,1.2995799913696284,0.00984363910975697,0.20183629741479167,0.1959674466604886,0.22160518299415174,5.86439348489392,3.2542955825005853e-08,34.39111094566626,3.254295582500569e-08,138
PAYX,0.822361829095594,0.0031220163553811655,0.24989556688666312,0.24813888203159684,0.0689494166964587,11.927030981508379,1.6714554685112497e-28,142.25406803386073,1.6714554685113006e-28,429
PCAR,1.1828040685872705,-0.0035854819133179523,0.4164333780005035,0.41506671143844376,0.06775967716885117,17.4558693017357,6.848595830421528e-52,304.70737307927874,6.848595830420948e-52,429
PCG,0.5170246863996947,-0.0024115251255963184,0.06100908450465599,0.05881004254799249,0.09815914878273492,5.267208332705443,2.2008670393158786e-07,27.743483620121648,2.2008670393158996e-07,429
PEG,0.432840172292107,0.001788237749298133,0.11890005031769318,0.11683658439337852,0.0570210477003674,7.590884239212568,2.0162852887331308e-13,57.62152353312579,2.0162852887331278e-13,429
PEP,0.5674086888492663,-6.397397396152617e-05,0.2313866548802065,0.22958662362699855,0.05004570953881102,11.337808856705976,3.15968222695528e-26,128.5459096712004,3.159682226955322e-26,429
PFE,0.5955874238414377,-0.00038860767735775497,0.17070065400363466,0.1687585009685143,0.06352865346129034,9.375099130730742,4.0778842523250194e-19,87.89248371102835,4.0778842523250743e-19,429
PFG,1.6903347979926837,-0.009431247223875791,0.4798432283630704,0.478024498392312,0.10406559190644186,16.242974906752522,1.731437289198913e-42,263.8342338213921,1.7314372891989218e-42,288
PG,0.40646935998115535,0.0026301698795436193,0.11875585094706707,0.11669204731930849,0.05358392119029677,7.585659111016324,2.0891970951779096e-13,57.542224148544975,2.0891970951779197e-13,429
PGR,0.744103306933857,0.004918685674430273,0.18024727048776493,0.17832747486829836,0.07679383996337287,9.689622335447218,3.3522930569473575e-20,93.8887810035976,3.352293056947392e-20,429
PH,1.3256120978992854,-0.0045766719895500765,0.5067866731532881,0.5056316068140686,0.06328595381373975,20.946387278933408,1.5703987868666643e-67,438.75114003906333,1.5703987868667203e-67,429
PHM,1.281616476491162,-0.0014063372433192368,0.2662153082176675,0.2644968428973342,0.10297029468257572,12.44646798809281,1.4791573937752045e-30,154.9145653786191,1.479157393775253e-30,429
PKG,1.0342068069154453,-8.709678657112252e-09,0.3828577972863679,0.38084756209837545,0.0749397222422839,13.800515614026464,4.87974152984203e-34,190.45423121298822,4.8797415298418705e-34,309
PLD,1.0580255188657952,-0.0033152166292861347,0.41126080188101116,0.40949281630107415,0.06937082237281642,15.251736719794057,3.3393979425751404e-40,232.61547296991438,3.3393979425751167e-40,335
PLTR,2.2145416943221514,0.05453177806319992,0.12799557541900095,0.11321583940915347,0.7525229014209021,2.9428229893611055,0.004643556728220188,8.660207146712233,0.004643556728220184,61
PM,0.6768983995805602,0.001358526711554068,0.26557091978201636,0.26205690504413126,0.0778636965284068,8.693376114420785,1.0363337290691123e-15,75.57478826678181,1.0363337290691094e-15,211
PNC,1.0720800929439323,-0.00563601466814515,0.38286066919521206,0.38141537802236714,0.06586952473257604,16.275813394684032,1.0968651226418424e-46,264.9021016585761,1.0968651226418618e-46,429
PNR,1.0881977262452076,-0.004255788696746839,0.37382959159901563,0.37236315036154255,0.06815587667321178,15.966308106677419,2.4678157973130632e-45,254.92299455735306,2.467815797313106e-45,429
PNW,0.5020760781298133,0.0011444321720252464,0.12513202696631484,0.12308315583508855,0.06424548489802018,7.814962855783278,4.322188060485559e-14,61.07364443727232,4.322188060485594e-14,429
PODD,1.2861018151753558,0.006962108749715212,0.2306362561022826,0.2271231796461286,0.15872866448370956,8.102517710702148,3.757115452916756e-14,65.65079325224198,3.757115452916669e-14,221
POOL,1.0576677217205308,0.005228139140133354,0.29014656620709833,0.2881637353864478,0.08743460722457527,12.096671504498413,1.7769631334865522e-28,146.32946148774394,1.77696313348664e-28,360
PPG,1.0531485345288434,-0.006859401959653997,0.49370661130231724,0.4925209124997465,0.05161100867552694,20.40550187945132,4.251939244673522e-65,416.38450695229136,4.251939244673642e-65,429
PPL,0.5259785220242598,-0.00024770830244929057,0.1618380444403232,0.15987513587929358,0.05792655940077577,9.080092576967651,4.049053199419211e-18,82.44808120630306,4.049053199419222e-18,429
PRU,1.5263039343435643,-0.008483446890748703,0.5530077334859954,0.551433817054608,0.0814265915616992,18.744539161841757,1.396096390518708e-51,351.35774838981933,1.3960963905187157e-51,286
PSA,0.5377693404713036,0.003799736611931996,0.15229857592179963,0.15031332668508246,0.061398199555007374,8.75871514749402,4.6722087824810826e-17,76.7150910349412,4.6722087824811245e-17,429
PSKY,1.8035790714764568,-0.014812856809997499,0.4511141790792527,0.44878839170247,0.12950214229852353,13.927021124630613,1.3949715474659773e-32,193.96191740590737,1.3949715474659606e-32,238
PSX,1.3259925416163578,-0.0027659400674082887,0.38978715051592555,0.3859733202066502,0.13116199236702247,10.109579137117063,6.889604947465014e-19,102.20359032963259,6.889604947465018e-19,162
PTC,1.4945202545922371,-0.003604771439298632,0.27737938958590824,0.27568706965519607,0.11673630583832577,12.802531687631753,5.491545907717445e-32,163.9048176128151,5.491545907717706e-32,429
PWR,1.363249970797687,0.0038791673750242853,0.2393635399460556,0.23705858097619525,0.13377596641290718,10.190544739478375,2.2028786503684577e-21,103.8472020873104,2.202878650368445e-21,332
PYPL,1.2229289031455532,-0.006221411219251549,0.3679660120058894,0.36274259061750835,0.1457051451676008,8.393175832870213,1.0367468853451134e-13,70.4454005614766,1.0367468853451038e-13,123
QCOM,1.1822374993048803,0.005635166911726806,0.1475931796949378,0.1454832618228955,0.14135278234800547,8.363737024958265,9.968991691641303e-16,69.95209702265771,9.968991691643617e-16,406
RCL,2.1150329876130165,-0.009851945163388866,0.4646263331169733,0.463246504078615,0.11525980365835557,18.35013526382743,1.354808057067646e-54,336.7274642007631,1.3548080570678344e-54,390
REG,0.9093798277201868,-0.0035079874353931735,0.3381636448796616,0.3364310889762052,0.06509168088933547,13.970753486397959,4.0480223882790084e-36,195.18195297770075,4.048022388278932e-36,384
REGN,1.1101855676075942,0.01173857163526079,0.040939704965766474,0.03861188871568344,0.2647265932200761,4.193706246522274,3.362001641827283e-05,17.587172082119945,3.362001641827215e-05,414
RF,1.063864580505048,-0.006364077021808844,0.29894620242668873,0.2973043902543858,0.0788408985369716,13.493816030092047,8.208147556114163e-35,182.08307105396906,8.20814755611435e-35,429
RJF,1.2419062904439193,-0.0009054682640706885,0.40653546685460207,0.4051456201727628,0.0726144503001799,17.10274312220253,2.5132773326754033e-50,292.50382230404597,2.5132773326754327e-50,429
RL,1.264992374985678,-0.0048892985663472974,0.3806217419475199,0.37878926189411033,0.08777295898941528,14.41209672717341,4.846362133759229e-37,207.70853207340252,4.8463621337593425e-37,340
RMD,0.7168251052955281,0.010573237220772127,0.10135038202670792,0.09886792451849424,0.11218671306220862,6.389572220535971,5.119530812271391e-10,40.826633161444974,5.119530812271012e-10,364
ROK,1.1605512754645257,-0.00046433356889056046,0.19323078934570712,0.19134140009358935,0.1147590354881592,10.112940305988115,1.0722192134450163e-21,102.27156163247899,1.072219213445014e-21,429
ROL,0.4451930692274352,0.005498162151550658,0.09927498499945683,0.09716555873481869,0.06489491293815404,6.860215216741438,2.4251920049643326e-11,47.06255282001079,2.4251920049643536e-11,429
ROP,0.9600698757722342,0.0021242340711711723,0.26222430665854113,0.26038904373978133,0.08031848629199158,11.953286473576895,2.187960866645382e-28,142.8810575193964,2.1879608666457486e-28,404
ROST,1.0219998559908297,0.004086649203556593,0.19537588136347975,0.19349151574606394,0.10036861821373574,10.182464142472034,6.04056764544406e-22,103.6825760127287,6.040567645444056e-22,429
RSG,0.7658388645491104,0.000950734541298983,0.23824698278001202,0.23590312734241203,0.07596072626519464,10.082037155297966,5.59509393367401e-21,101.64747320080872,5.5950939336741e-21,327
RTX,0.9810722866175428,-0.0024947669697235105,0.43572449295872423,0.434403004651836,0.05402896942116557,18.15826393003922,5.116060654324857e-55,329.72254895296334,5.116060654324885e-55,429
RVTY,1.0721224343321005,-0.0056084732653262515,0.26378007080326643,0.2620559023508151,0.08667886996170457,12.368901842003396,3.0142951248333058e-30,152.98973277711497,3.0142951248333324e-30,429
SBAC,1.2023721802156946,0.008944701507377851,0.09978461587703973,0.09691768790212585,0.2038053196137796,5.8996113668389265,9.426800365898417e-09,34.805414279735075,9.426800365898253e-09,316
SBUX,1.0452857630797407,0.0028907961243983416,0.24116398118295101,0.23925735802009407,0.09294183556116868,11.246665796607783,1.1393495023944998e-25,126.4874915405874,1.139349502394841e-25,400
SCHW,1.4226844361766064,-0.0014322085891947875,0.35751129796392206,0.3560066405821045,0.09229592041058689,15.414380504009971,6.127868777043424e-43,237.60312632240263,6.127868777043311e-43,429
SHW,0.9096911937891331,0.00036851234368975513,0.365106474340512,0.36361960425700035,0.05805247433225313,15.670153671360769,4.7880744931185895e-44,245.55371608406136,4.788074493118687e-44,429
SJM,0.3913984028090787,0.0007864618102203192,0.08376398058356556,0.08128766701757517,0.06729661405496747,5.8160192500827295,1.3044573801140212e-08,33.82607991733287,1.3044573801141235e-08,372
SLB,1.2094710071605912,-0.009503162409025979,0.3246303708810583,0.3230487089861661,0.08442240383862136,14.326422278528929,2.7277964885371395e-38,205.24637530273,2.727796488537156e-38,429
SMCI,1.1061540585173302,0.01727852916681586,0.10188250010213976,0.09781862001210417,0.22092062481554728,5.007020324339969,1.129205112416942e-06,25.070252528353535,1.1292051124169452e-06,223
SNA,1.109517688447091,-0.005936863978826909,0.45166108949108047,0.4503769234243148,0.059161405955799794,18.754079125097622,1.1087160881081322e-57,351.7154838304224,1.1087160881081528e-57,429
SNPS,1.1244941728633997,-0.0020103284832641097,0.2653892349366512,0.2635618449738071,0.09331064159611266,12.051081780475576,9.166502767390957e-29,145.2285720797104,9.166502767392449e-29,404
SO,0.2045396394755349,0.006101129908103002,0.03519400823626479,0.03293450942651366,0.05182617759207595,3.946647215341004,9.265303766873678e-05,15.576024242358905,9.265303766873722e-05,429
SOLV,,,,,,,,,,19
SPG,1.0424150107367451,-0.0023162906443222366,0.36045941916033986,0.35877641763181445,0.0712286515226123,14.634771099180773,8.836500967713829e-39,214.17652512541682,8.836500967714354e-39,382
SPGI,0.8778810047714471,-0.00023829552973319255,0.3491853601178486,0.34766120405255085,0.057999247342022574,15.136075811373336,9.687538997920493e-42,229.10079096764105,9.687538997920664e-42,429
SRE,0.4923865848622679,0.002642192938985705,0.17159029896271275,0.16904916491045108,0.059920252465452316,8.217364991012994,4.960682926441627e-15,67.52508739552596,4.9606829264416585e-15,328
STE,0.6706059588809002,0.005784096436381727,0.1046748052898137,0.10242524449908452,0.09830943365220894,6.821379535694561,3.3662534314125985e-11,46.53121876999254,3.366253431413563e-11,400
STLD,1.4132164160796699,-0.0008428277285797876,0.2983695396511404,0.2963358281718682,0.11667454112320699,12.112466031362654,2.218954772567907e-28,146.71183336091423,2.2189547725682427e-28,347
STT,1.2994388453308081,-0.006794508379727025,0.43088489216512593,0.4295520698985337,0.07227054531818079,17.980199811830033,3.1855811265026446e-54,323.2875852733327,3.1855811265025797e-54,429
STX,1.649688195266207,0.00038933476115419335,0.33284558021100014,0.33039280660883474,0.14161498191933944,11.649107833843672,1.0346647992528313e-25,135.70171332451807,1.0346647992528288e-25,274
STZ,0.7272090737447733,0.003061211465866697,0.14889380321400744,0.14677134387040158,0.08682417542441155,8.375651944749833,9.32061487430878e-16,70.15154549959168,9.32061487430947e-16,403
SW,1.3296198921435014,-0.0006126622260261179,0.2368069928741784,0.23310217245123743,0.16630826140853272,7.994911863562318,9.165044757318964e-14,63.9186157061295,9.165044757318995e-14,208
SWK,1.1595259726671177,-0.009224585501222139,0.4048741051670732,0.4034803677084481,0.06803164411765708,17.043921070932516,4.5743060242143335e-50,290.4952454721773,4.574306024214683e-50,429
SWKS,1.5928807821570254,0.00035146754098630203,0.18177013902574404,0.17985390984313454,0.16354818461946963,9.73951979878718,2.2446499790030442e-20,94.85824591096747,2.2446499790030316e-20,429
SYF,1.5514858130112748,-0.004084974694093814,0.5067086168588509,0.5029996590908724,0.13273779773334718,11.688349810714852,3.759458470284083e-22,136.61752129763786,3.759458470284144e-22,135
SYK,0.9272303848533676,0.0019773529902644364,0.27290948079002986,0.27120669268883557,0.07324173887071576,12.659863066469358,2.065126834100618e-31,160.27213286175498,2.0651268341006403e-31,429
SYY,0.7620377297344033,-0.001761026471331818,0.3049694240815845,0.3033417178147968,0.05567193833876446,13.688004270614648,1.2879564443060244e-35,187.3614609123648,1.287956444306045e-35,429
T,0.5179579633445411,-5.7565073670882635e-05,0.1409468331761396,0.13893499906179807,0.061881799927743605,8.370117933695136,8.303428847841755e-16,70.05887422396495,8.30342884784173e-16,429
TAP,0.5937075424291516,-0.001808358343742416,0.11971744291229797,0.117655891256355,0.07790959753255022,7.620467326648731,1.6483915656127873e-13,58.07152227652087,1.6483915656128365e-13,429
TDG,0.8985234657639757,0.012980777491147184,0.27866411504048294,0.2755682528732747,0.09470648299837751,9.487454684378566,2.9081640768836317e-18,90.0117963881368,2.9081640768836367e-18,235
TDY,1.1296413243061716,0.0026600358150320608,0.2440301381614396,0.241583633754195,0.11310761361858028,9.987314630432664,1.5403032745307916e-20,99.74645352725433,1.5403032745307666e-20,311
TECH,0.8800982866730553,0.00632456395254022,0.15871218691835143,0.15674195784790268,0.09805830884596611,8.975254591179507,9.049568610917115e-18,80.55519497648879,9.049568610917419e-18,429
TEL,1.4390070827314674,-0.00422645646168807,0.658303147806014,0.6567357310528306,0.07021698987878235,20.493716481091937,9.746499491705923e-53,419.99241520737917,9.746499491705736e-53,220
TER,1.8941341307540747,-0.006978527510387002,0.34381511715372604,0.3422783844070134,0.12663315248992613,14.957648084333652,5.642822101812263e-41,223.73123621477018,5.642822101812303e-41,429
TFC,0.9125594770384579,-0.004271987463480922,0.29097430226451754,0.28931382053679977,0.0689367670623519,13.23763088879794,9.29915521220423e-34,175.2348715480573,9.299155212204314e-34,429
TGT,0.9692419475974094,-0.0037993503954055242,0.3046362234950134,0.30300773689898297,0.07086528275110847,13.67724660044835,1.4274983695831822e-35,187.06707456947592,1.427498369583208e-35,429
TJX,0.7935437472538168,0.004894256370496036,0.19509678691213253,0.19321176767773462,0.0780016354334421,10.173424478143648,6.509345313848699e-22,103.49856561249238,6.509345313848891e-22,429
TKO,0.887793264787544,0.00318184992495397,0.13779596596923305,0.13501466263365003,0.1261298189846364,7.038726226156593,1.2518000774431082e-11,49.54366688678464,1.2518000774431014e-11,312
TMO,0.9354168308373141,-0.0017134200127503427,0.29897559071090823,0.297333847363627,0.06931702995082813,13.494762131338819,8.134617498121785e-35,182.10860498141616,8.134617498121563e-35,429
TMUS,0.6137686212015407,0.004094172490244914,0.08613519585841678,0.08198126493050051,0.13478575449189545,4.553660908122499,8.728201551072813e-06,20.735827666163022,8.72820155107278e-06,222
TPL,0.9566076386815916,0.005737700198133088,0.15802209980856957,0.15605025460905797,0.10685905740627272,8.952050129401927,1.0803738174984415e-17,80.13920151932506,1.0803738174984214e-17,429
TPR,1.4435157087417985,0.0008792176016202864,0.37790615452970494,0.3758185912898717,0.10728755601772641,13.454642479723333,1.4386460459274287e-32,181.02740425717565,1.4386460459274812e-32,300
TRGP,1.9486918249461125,-0.0011039882389277944,0.3719594828949512,0.36839107086594514,0.19086787700437127,10.20963744937281,1.630068903930627e-19,104.23669684763581,1.6300689039305975e-19,178
TRMB,1.3978104705170245,-0.004602409772545602,0.2761940019458777,0.27447474779373016,0.11028366968617272,12.674682248919405,2.0737291154807963e-31,160.64757011107264,2.073729115481125e-31,423
TROW,1.3815269651373352,-0.005584054204327673,0.5216054515261129,0.520485089585893,0.06402763767820333,21.57704102845017,2.297394630078175e-70,465.56869954342216,2.297394630078221e-70,429
TRV,0.7539201996862017,-0.0010206872036739433,0.25620661591731037,0.25446471103655466,0.06216449749660373,12.127825849913627,2.718654696729258e-29,147.08415984583323,2.718654696729302e-29,429
TSCO,0.9337481772541512,0.005546921010425459,0.16765131781959156,0.16544933717890264,0.1070121351820459,8.72562887999278,8.568478568691308e-17,76.13659935136405,8.568478568691106e-17,380
TSLA,1.3545257528955552,0.025932086058716285,0.11018183814369588,0.10529272736426565,0.28532984382470855,4.747227751358893,4.1622811031297905e-06,22.536171323272004,4.162281103129808e-06,184
TSN,0.8003491894549625,-0.004004106427150338,0.17727182332549232,0.17534505944569245,0.08343992435970445,9.591921320598347,7.325024335197224e-20,92.00495462054916,7.325024335197442e-20,429
TT,1.3594102512600703,-0.004852501154126868,0.4701247557699774,0.4688838301394622,0.06984203058616553,19.464071130963728,7.249392241127567e-61,378.85006499121573,7.249392241127836e-61,429
TTD,1.6682730275979967,0.022826167772740328,0.16730209858318537,0.15951987520545807,0.3598058996979519,4.636591642878758,1.0059463052663255e-05,21.49798206281315,1.0059463052663258e-05,109
TTWO,1.0031514380459585,0.006099132661708393,0.11934823455032714,0.11675808229900464,0.14778186635479873,6.788055008302339,5.0731150339526616e-11,46.07769079573848,5.0731150339526125e-11,342
TXN,1.267678200086143,-0.0028285165045898487,0.3218908950653701,0.3203028175362491,0.08904110193787565,14.237000357100337,6.500843362200992e-38,202.69217916807509,6.500843362201111e-38,429
TXT,1.4995462476645463,-0.010018737895489665,0.44914706273812616,0.4478570090208853,0.0803654682972525,18.659086787351082,2.9522976422485414e-57,348.16151973789965,2.952297642248568e-57,429
TYL,0.7992214752545622,0.0052845264226742475,0.10254903648198821,0.10044727778522478,0.11441758565791228,6.985127947412636,1.097354871654827e-11,48.79201244172505,1.0973548716548324e-11,429
UAL,1.1930953540034912,0.0019310125001063307,0.12883680103394113,0.12511388138024004,0.202813574733068,5.882719416458081,1.3862081366002223e-08,34.60638773277291,1.3862081366002033e-08,236
UBER,1.2663909390760506,0.002043602820093743,0.27638977737869785,0.2667416410770804,0.236607508059894,5.3522855190017085,9.118397245624776e-07,28.646960276915383,9.11839724562478e-07,77
UDR,0.6658936967160669,-0.001530791726190129,0.230670754245514,0.22886904641002337,0.058850589802680625,11.314987648360589,3.860342837719551e-26,128.0289454825527,3.8603428377196655e-26,429
UHS,1.077744369332878,9.24598174602137e-05,0.2696745370847476,0.2679641730029788,0.08583019029866525,12.556704879514152,5.359355287261038e-31,157.67083743121447,5.3593552872607975e-31,429
ULTA,1.2518411922024497,0.0035844930718680786,0.2995939855172535,0.2963210602159323,0.1308430742185262,9.567500608489985,2.791349048238805e-18,91.53706789345625,2.7913490482387487e-18,216
UNH,0.8555656420285433,0.007233562660505051,0.2008125441817107,0.1989409107957193,0.08259776734205451,10.35821753493007,1.401603279396204e-22,107.29267050093276,1.401603279396202e-22,429
UNP,0.8601403304448179,-0.0016959588748418023,0.35046012454163217,0.34893895387311136,0.05666814249599479,15.178551696936442,6.36265099222051e-42,230.3884316165721,6.362650992220294e-42,429
UPS,0.7582654631724894,-0.005422315998786415,0.3042604472176558,0.3020088629044443,0.06522928724628818,11.624616720239235,3.7141885611425145e-26,135.1317138924655,3.714188561142517e-26,311
URI,2.039551299706398,-0.004531273789166564,0.4343262614691221,0.4326224249072822,0.12774401301243005,15.965924755377308,5.577214564646381e-43,254.91075329436995,5.57721456464642e-43,334
USB,0.9146600094827413,-0.0016363148373243278,0.2846128360923164,0.2829374563173569,0.07017607660917317,13.033786636102425,6.3295117033405e-33,169.87959407544216,6.329511703340792e-33,429
V,0.764186077428609,0.006464996453906552,0.36735312376883844,0.3643261052222778,0.06936889769961244,11.0162638123177,1.5020786040771618e-22,121.35806838258047,1.502078604077146e-22,211
VICI,0.9785749154732093,-0.002036050135826393,0.5479290156670232,0.5429612026523751,0.09317825004909683,10.502181731869674,2.290831134067586e-17,110.2958211292171,2.2908311340675834e-17,93
VLO,1.2492476411460374,-0.0008921557200315677,0.24675960222011603,0.2449955731855028,0.10562442842821762,11.827260603781882,4.098471705173322e-28,139.884093389771,4.098471705173356e-28,429
VLTO,1.0817990689163275,-0.0011847151059105852,0.47305574232083886,0.4491037306081497,0.24342290539303058,4.444113700679297,0.0002038867850250821,19.750146584565435,0.0002038867850250825,24
VMC,0.8731693304412242,-0.0026706672870658484,0.2751910697392317,0.27349362493768425,0.06857710305887688,12.732665736719218,1.0513630601593328e-31,162.12077676302354,1.051363060159341e-31,429
VRSK,0.5684191591828007,0.0037927902470075714,0.19408646230886203,0.18984481211048754,0.08403080246262881,6.764414268631969,1.6086460619634376e-10,45.75730039767179,1.608646061963436e-10,192
VRSN,1.1436076713364973,0.006637063247123827,0.12725124925629597,0.12461454608184364,0.1646177470561251,6.94704970629074,1.98613082889152e-11,48.261499621674275,1.9861308288915488e-11,333
VRTX,0.9423446507990548,0.007001799252536458,0.08210925665979218,0.07986502501348369,0.1557928601572595,6.048702423511829,3.298153456681436e-09,36.58680100819786,3.298153456681596e-09,411
VST,1.0002586737487698,0.018116886726712238,0.19861223788447227,0.19105197597772205,0.19515412884872343,5.125480458187666,1.3426675641227935e-06,26.270549927263655,1.3426675641227998e-06,108
VTR,0.9415582864923127,-0.0008131493818531507,0.1989182122519604,0.1965551391317597,0.10262390027859837,9.17484410489385,4.5229681802964255e-18,84.17776434910543,4.522968180296417e-18,341
VTRS,0.8562663617832749,-0.005202682580074642,0.15351976015327592,0.15153737083279184,0.0973018765964268,8.800101208065696,3.4211170566748653e-17,77.44178127219932,3.421117056674858e-17,429
VZ,0.4537677366017756,-0.0013282213395202185,0.11418516121581179,0.11211065339664517,0.06116265328132846,7.41903289438067,6.424790215717959e-13,55.04204908790239,6.424790215718085e-13,429
WAB,1.2089499172390963,-0.003431941352281578,0.3434394920347961,0.34162578897411877,0.0878549601800617,13.760747426910362,6.009519592198992e-35,189.3581697472202,6.00951959219875e-35,364
WAT,0.9537165818564964,0.0033437017332089806,0.21100029480898566,0.20879021160116762,0.09760725851396024,9.770959623049873,3.863351978428118e-20,95.47165195527091,3.863351978428377e-20,359
WBD,1.1596670772652808,-0.003613697257183267,0.2253067744780958,0.22209227976638668,0.13851683525634764,8.372029833912467,4.658932217616415e-15,70.09088353992041,4.658932217616438e-15,243
WDAY,1.220972454098478,-0.002059019474325163,0.2819973929221395,0.2773350383307248,0.1569950536752674,7.777139632844541,9.936472073095147e-13,60.4839008687613,9.936472073095062e-13,156
WDC,1.5358879395551976,-0.000636357442657727,0.1775986865997111,0.175672688207673,0.1599438756724924,9.602668017749828,6.723169599547662e-20,92.21123305911539,6.723169599547886e-20,429
WEC,0.27327053799335094,0.004068873308396082,0.06923668933905172,0.06705691577778483,0.048487562847313204,5.635889328029887,3.1681216102968283e-08,31.763248517801177,3.1681216102969183e-08,429
WELL,0.6298688357060457,0.0029701288089091695,0.1973690116726433,0.19548931380770806,0.06146878968343553,10.246969867958557,3.5396305001521337e-22,105.0003914748506,3.539630500152207e-22,429
WFC,1.0293689255655862,-0.0023936885805978508,0.33072333456957376,0.329155941910486,0.07086430608979136,14.525915547120219,3.904160712087715e-39,211.0022224820689,3.9041607120877786e-39,429
WM,0.6392978628710079,0.006821449256144786,0.08017684530977653,0.07802269272268003,0.10478931512388581,6.100792453077933,2.368079171872226e-09,37.21966855553267,2.36807917187226e-09,429
WMB,1.1966422006988109,-0.0031627185078967612,0.2510467702839267,0.2492927814555519,0.10002312218143745,11.963655748799319,1.2014423150751362e-28,143.129058875779,1.2014423150751515e-28,429
WMT,0.4833718758816793,0.003694116736690051,0.13024590378856182,0.12820900894965914,0.06044823786452938,7.9964593337685805,1.2126133192602378e-14,63.94336187661464,1.2126133192602413e-14,429
WRB,0.5465403779236577,0.004365004844041714,0.11575982019167808,0.11368900009845018,0.07309951847400988,7.476661807532659,4.365391836717246e-13,55.90047178421753,4.3653918367173564e-13,429
WSM,1.5253394111137188,-0.0013123805606010605,0.28817806255368655,0.28651103225521735,0.11601329974952604,13.147970227611344,2.1650243590715086e-33,172.8691211061543,2.1650243590715045e-33,429
WST,0.7335892899281083,0.001523434120734338,0.203452639684708,0.20158718919216645,0.07024463846071766,10.443349215020127,6.871318272686438e-23,109.06354282686151,6.87131827268636e-23,429
WTW,0.6421016172580803,0.0009269514798048231,0.24222963971258613,0.23961663847021575,0.06668987912644878,9.628171855591608,3.211233682311675e-19,92.70169328080637,3.2112336823117454e-19,292
WY,1.1277000815931202,-0.007083906514914131,0.19680884292103282,0.1949278331854849,0.11024701245370849,10.228849349243173,4.1138706379823064e-22,104.62935900951251,4.1138706379823375e-22,429
WYNN,1.9327627969349468,-0.006932791272672129,0.4103184962890159,0.4081663740126984,0.13997532406210636,13.807882281289732,2.808493067443322e-33,190.65761309395492,2.808493067443384e-33,276
XEL,0.4173241190082349,0.001513305025210165,0.09709955859363387,0.09498503765357202,0.0615844195693628,6.776456154436934,4.1022438517319404e-11,45.920358013006194,4.102243851732075e-11,429
XOM,0.5822145538493738,-0.0004436669885804368,0.21710736277153958,0.215273890553206,0.05350359307081474,10.881784202395213,1.6595064635650354e-24,118.41322742749806,1.659506463565031e-24,429
XYL,1.012826377492908,-0.0009353851252546855,0.4103796478918944,0.4068277180599178,0.09422676582860516,10.74881822151468,8.679901468208012e-21,115.53709315916602,8.679901468208048e-21,168
XYZ,2.502577281962022,-0.0009731901411248779,0.47510688146677726,0.47062061549640777,0.2431836351400321,10.29089511109975,4.453750403538409e-18,105.9025221876567,4.453750403538355e-18,119
YUM,0.7449643434463393,0.002363276898456555,0.228582221555497,0.22627948191834923,0.07477160104691774,9.963199035672496,1.1921796204855769e-20,99.26533502442533,1.1921796204855644e-20,337
ZBH,0.8285703348454583,-0.004089300220303104,0.3048103186288926,0.302404818001311,0.0736066894216453,11.256726003517324,1.2873300915573548e-24,126.7138803182631,1.2873300915573541e-24,291
ZBRA,1.216960433679473,-0.002718140084029501,0.269417979016822,0.2676273368085299,0.09921277112115902,12.266167146902049,1.1662078304123048e-29,150.4588564757391,1.1662078304123277e-29,410
ZTS,0.7795183189228212,0.001001952903424485,0.30594055936782405,0.30131349643027616,0.09586509366237207,8.131409349770335,1.4751723270317522e-13,66.11981801353245,1.4751723270317572e-13,152
