Ticker,ME,PB,ROE,RevGrowth,BM_proxy,Size,Value,Profitability,Investment
MMM,89801367552.0,19.352617,0.72920996,0.035,0.05167259807807906,Big,Low,Robust,Conservative
AOS,9610087424.0,5.1770215,0.28209,0.044,0.19316126077513873,Small,Low,Robust,Conservative
ABT,214563782656.0,4.207078,0.3062,0.069,0.2376946659890784,Big,Low,Robust,Conservative
ABBV,395858804736.0,-149.8194,1.37961,0.091,-0.006674703009089611,Big,Low,Robust,Aggressive
ACN,168400666624.0,5.389614,0.25509,0.073,0.18554204438388353,Big,Low,Robust,Conservative
ADBE,148652408832.0,12.572382,0.55426,0.105,0.07953942220336609,Big,Low,Robust,Aggressive
AMD,360497250304.0,5.9301014,0.05317,0.356,0.16863118057306745,Big,Low,Weak,Aggressive
AES,9969693696.0,2.579694,0.05106,0.019,0.3876428754728274,Small,High,Weak,Conservative
AFL,58216407040.0,1.9946856,0.1558,0.607,0.501332139761775,Big,High,Robust,Aggressive
A,40503701504.0,5.99916,0.20618999,0.094,0.16669000326712408,Big,Low,Robust,Aggressive
APD,54251917312.0,3.6107614,-0.01923,-0.006,0.27694989760331434,Big,High,Weak,Conservative
ABNB,78366162944.0,9.03891,0.30776,0.097,0.11063280860192214,Big,Low,Robust,Aggressive
AKAM,12293283840.0,2.5961595,0.10642,0.05,0.38518434633927534,Small,High,Weak,Conservative
ALB,15840911360.0,2.0410051,0.00209,-0.035,0.48995467968208406,Small,High,Weak,Conservative
ARE,7875637760.0,0.466509,-0.01084,-0.05,2.1435813671333244,Small,High,Weak,Conservative
ALGN,11878340608.0,2.9830341,0.095769994,0.018,0.33522915477231724,Small,High,Weak,Conservative
ALLE,14170322944.0,7.2793565,0.36411,0.107,0.1373747803119685,Small,Low,Robust,Aggressive
LNT,16690496512.0,2.2841763,0.11461,0.119,0.4377945782906512,Small,High,Weak,Aggressive
ALL,54498172928.0,2.1246302,0.34469002,0.038,0.47067014297358667,Big,High,Robust,Conservative
GOOGL,3784190197760.0,9.753379,0.3545,0.159,0.10252856984230797,Big,Low,Robust,Aggressive
GOOG,3786934321152.0,9.793026,0.3545,0.159,0.10211348361578945,Big,Low,Robust,Aggressive
MO,98643197952.0,-37.258884,,-0.017,-0.026839236516048092,Big,Low,Weak,Conservative
AMZN,2461742923776.0,6.6579924,0.24327,0.134,0.15019542527564314,Big,Low,Robust,Aggressive
AMCR,19228637184.0,1.6384736,0.07467,0.713,0.6103241455950221,Small,High,Weak,Aggressive
AEE,26305630208.0,2.0583754,0.11387,0.248,0.48582003069022295,Small,High,Weak,Aggressive
AEP,61159448576.0,2.0120094,0.12923001,0.109,0.49701557060319895,Big,High,Weak,Aggressive
AXP,267838128128.0,8.18062,0.33935001,0.122,0.122240123609213,Big,Low,Robust,Aggressive
AIG,45899218944.0,1.0979909,0.07688,-0.041,0.9107543605324961,Big,High,Weak,Conservative
AMT,85085937664.0,21.527071,0.28839,0.077,0.046453138004701154,Big,Low,Robust,Aggressive
AWK,25383624704.0,2.3272746,0.10457,0.097,0.4296871542361181,Small,High,Weak,Aggressive
AMP,47004745728.0,7.1935997,0.59589,0.073,0.13901246131335332,Big,Low,Robust,Conservative
AME,47077654528.0,4.4576626,0.14632,0.108,0.22433281513948589,Big,Low,Weak,Aggressive
AMGN,170902994944.0,17.767452,0.8171,0.124,0.056282690393647895,Big,Low,Robust,Aggressive
APH,170253877248.0,13.593627,0.34807998,0.534,0.07356388401712068,Big,Low,Robust,Aggressive
ADI,138763091968.0,4.1035337,0.06573,0.259,0.24369240588909993,Big,Low,Weak,Aggressive
AON,74908680192.0,9.416931,0.3769,0.074,0.10619170937962698,Big,Low,Robust,Aggressive
APA,9284558848.0,1.5472217,0.27427998,-0.164,0.64631978726772,Small,High,Robust,Conservative
APO,87254925312.0,4.0135093,0.16549,0.264,0.24915851073273956,Big,Low,Robust,Aggressive
AAPL,4126073421824.0,55.70627,1.7142199,0.079,0.017951300634560526,Big,Low,Robust,Aggressive
AMAT,215181082624.0,10.505211,0.35508,-0.035,0.09519085337743335,Big,Low,Robust,Conservative
APTV,17399009280.0,1.8640786,0.03294,0.074,0.5364580656631109,Small,High,Weak,Aggressive
ACGL,34948345856.0,1.4963964,0.17811,0.082,0.6682721236164427,Small,High,Robust,Aggressive
ADM,28795738112.0,1.2786206,0.05242,0.022,0.7820928272233374,Small,High,Weak,Conservative
ANET,169235333120.0,14.21214,0.31736,0.275,0.07036238033118165,Big,Low,Robust,Aggressive
AJG,63590051840.0,2.7402203,0.090670004,0.2,0.3649341624102267,Big,High,Weak,Aggressive
AIZ,11505710080.0,1.987674,0.15413,0.089,0.5031006090535973,Small,High,Robust,Aggressive
T,173754368000.0,1.560393,0.19139999,0.016,0.640864192546365,Big,High,Robust,Conservative
ATO,27017340928.0,1.9910629,0.09323,0.121,0.5022443037836726,Small,High,Weak,Aggressive
ADSK,64097021952.0,22.05225,0.40333998,0.18,0.04534684669364804,Big,Low,Robust,Aggressive
ADP,107223138304.0,16.814255,0.70572996,0.071,0.05947334568198234,Big,Low,Robust,Conservative
AZO,57535025152.0,-17.820415,,0.082,-0.05611541594289471,Big,Low,Weak,Aggressive
AVB,25069379584.0,2.0858161,0.09754,0.044,0.4794286514520623,Small,High,Weak,Conservative
AVY,14041481216.0,6.3713527,0.30211002,0.015,0.156952541647867,Small,Low,Robust,Conservative
AXON,45849350144.0,15.139269,0.10028,0.306,0.06605338738614129,Big,Low,Weak,Aggressive
BKR,46832287744.0,2.578367,0.1689,0.015,0.38784238240715924,Big,High,Robust,Conservative
BALL,13392446464.0,2.4368625,0.117469996,0.096,0.4103637361566358,Small,High,Weak,Aggressive
BAC,404123058176.0,1.4376433,0.09871,0.126,0.6955828333773754,Big,High,Weak,Aggressive
BAX,9715654656.0,1.341472,-0.04658,0.05,0.7454497745759882,Small,High,Weak,Conservative
BDX,57448738816.0,2.2529843,0.06544,0.083,0.4438557339258866,Big,High,Weak,Aggressive
BRK-B,1069714440192.0,0.0010217931,0.1017,0.021,978.6717095662517,Big,High,Weak,Conservative
BBY,15751291904.0,5.9344573,0.22493,0.024,0.16850740504948952,Small,Low,Robust,Conservative
TECH,9389273088.0,4.774204,0.038,-0.01,0.20945900091407907,Small,Low,Weak,Conservative
BIIB,25306142720.0,1.3898513,0.09307,0.028,0.7195014315560233,Small,High,Weak,Conservative
BLK,170951475200.0,3.0786252,0.120740004,0.252,0.3248203126512445,Big,High,Weak,Aggressive
BX,189102030848.0,14.373251,0.26457,-0.196,0.06957368239099143,Big,Low,Robust,Conservative
XYZ,38775640064.0,1.7218417,0.14692001,0.023,0.5807734822544953,Big,High,Weak,Conservative
BK,83697983488.0,2.11974,0.121520005,0.1,0.4717559700718012,Big,High,Weak,Aggressive
BA,157170237440.0,-18.46798,,0.304,-0.05414777360599264,Big,Low,Weak,Aggressive
BKNG,171113840640.0,-36.015175,,0.127,-0.02776607360647283,Big,Low,Weak,Aggressive
BSX,136014053376.0,5.8135853,0.12488,0.203,0.17201089317464732,Big,Low,Weak,Aggressive
BMY,104230559744.0,5.6189637,0.33777002,0.028,0.17796875961309377,Big,Low,Robust,Conservative
AVGO,1919027380224.0,6.8619237,0.27083,0.164,0.14573172826156605,Big,Low,Robust,Aggressive
BR,27022430208.0,10.252436,0.38215,0.117,0.09753779492015362,Small,Low,Robust,Aggressive
BRO,27160025088.0,2.1643903,0.10695,0.342,0.4620238780408506,Small,High,Weak,Aggressive
BF-B,14303906816.0,3.5051076,0.20666,-0.054,0.28529794634549877,Small,High,Robust,Conservative
BLDR,12149488640.0,2.814149,0.13555999,-0.069,0.355347211537129,Small,High,Weak,Conservative
BG,18659782656.0,1.1440662,0.09758,0.716,0.8740752938947065,Small,High,Weak,Aggressive
BXP,12669331456.0,2.2691126,-0.01883,0.018,0.44070091541512746,Small,High,Weak,Conservative
CHRW,18878320640.0,10.190027,0.34318,-0.109,0.09813516686462165,Small,Low,Robust,Conservative
CDNS,91401314304.0,17.561779,0.21736,0.101,0.0569418394343762,Big,Low,Robust,Aggressive
CZR,5012596224.0,1.306304,-0.04259,-0.002,0.7655185929155848,Small,High,Weak,Conservative
CPT,11130848256.0,2.489782,0.059310004,0.021,0.4016415895046233,Small,High,Weak,Conservative
CPB,8475956736.0,2.1409745,0.14815,-0.034,0.4670770249715725,Small,High,Weak,Conservative
COF,153030098944.0,1.4032875,0.01615,0.679,0.7126123477904563,Big,High,Weak,Aggressive
CAH,47119851520.0,-16.394148,,0.224,-0.060997375404931074,Big,Low,Weak,Aggressive
KMX,6250505728.0,0.99195015,0.084180005,-0.053,1.008115175949114,Small,High,Weak,Conservative
CCL,37747757056.0,3.0623696,0.25733998,0.033,0.32654451637712184,Small,High,Robust,Conservative
CARR,46082887680.0,3.149721,0.0998,-0.068,0.31748843786481407,Big,High,Weak,Conservative
CAT,293085085696.0,14.172348,0.46283,0.095,0.07055993826852121,Big,Low,Robust,Aggressive
CBOE,26276237312.0,5.378601,0.21621001,0.081,0.18592195256721963,Small,Low,Robust,Aggressive
CBRE,47751774208.0,5.510492,0.14091,0.135,0.18147199923346227,Big,Low,Weak,Aggressive
CDW,19640762368.0,7.6886773,0.43007,0.04,0.13006138259957925,Small,Low,Robust,Conservative
COR,66830741504.0,44.302982,1.23751,0.059,0.022571844035238983,Big,Low,Robust,Conservative
CNC,19886819328.0,0.94914144,-0.2186,0.215,1.0535837524910934,Small,High,Weak,Aggressive
CNP,24371574784.0,2.2086143,0.09606,0.071,0.45277258233816564,Small,High,Weak,Conservative
CF,12740793344.0,2.5579658,0.21967,0.211,0.39093564112546,Small,High,Robust,Aggressive
CRL,9568963584.0,2.809885,-0.021879999,-0.005,0.35588645086898574,Small,High,Weak,Conservative
SCHW,176167043072.0,4.06833,0.17046,0.266,0.24580110266374658,Big,Low,Robust,Aggressive
CHTR,28965484544.0,1.7889471,0.31327,-0.009,0.5589880215015861,Small,High,Robust,Conservative
CVX,303674032128.0,1.5985746,0.07316,-0.014,0.6255572933537165,Big,High,Weak,Conservative
CMG,46756659200.0,14.349793,0.44958,0.075,0.06968741639687764,Big,Low,Robust,Aggressive
CB,121991266304.0,1.6791514,0.1364,0.091,0.5955389132867948,Big,High,Weak,Aggressive
CHD,20358379520.0,4.7512646,0.18594,0.05,0.2104702819539876,Small,Low,Robust,Conservative
CI,72727683072.0,1.7362635,0.15538,0.095,0.5759494454614752,Big,High,Robust,Aggressive
CINF,25805236224.0,1.6709871,0.14529,0.122,0.5984486654624682,Small,High,Weak,Aggressive
CTAS,76089147392.0,15.99983,0.42187,0.087,0.06250066406955575,Big,Low,Robust,Aggressive
CSCO,313203261440.0,6.6596656,0.22418,0.075,0.1501576895993096,Big,Low,Robust,Aggressive
C,205701922816.0,1.0307262,0.06995,0.116,0.9701897555335258,Big,High,Weak,Aggressive
CFG,25169213440.0,1.0614494,0.067140006,0.136,0.9421080270053381,Small,High,Weak,Aggressive
CLX,12543242240.0,-568.1216,4.43646,-0.189,-0.0017601865516114863,Small,Low,Robust,Conservative
CME,98229182464.0,3.4772592,0.13346,-0.03,0.2875828180999564,Big,High,Weak,Conservative
CMS,21223260160.0,2.4562392,0.11233,0.16,0.40712647204718494,Small,High,Weak,Aggressive
KO,297426452480.0,9.515352,0.42442,0.051,0.1050933270781785,Big,Low,Robust,Conservative
CTSH,40937349120.0,2.7176344,0.14501001,0.074,0.36796708195922156,Big,High,Weak,Aggressive
COIN,72543281152.0,4.5119414,0.26005,0.589,0.22163408416607536,Big,Low,Robust,Aggressive
CL,62435057664.0,72.74011,2.93635,0.019,0.013747573381453507,Big,Low,Robust,Conservative
CMCSA,101904900096.0,1.038961,0.24186,-0.027,0.9625000360937513,Big,High,Robust,Conservative
CAG,8418989056.0,0.94425666,0.096540004,-0.058,1.0590340977843884,Small,High,Weak,Conservative
COP,120785215488.0,1.8407278,0.15421,0.14,0.5432633765839794,Big,High,Robust,Aggressive
ED,34519883776.0,1.4285928,0.08839,0.107,0.6999895281566587,Small,High,Weak,Aggressive
STZ,26031675392.0,3.4895933,0.15912,-0.15,0.2865663457114042,Small,High,Robust,Conservative
CEG,118276751360.0,8.238853,0.19839,0.003,0.12137611873885842,Big,Low,Robust,Conservative
COO,16324201472.0,1.9523504,0.045939997,0.046,0.5122031373056803,Small,High,Weak,Conservative
CPRT,37452603392.0,3.9009879,0.18124,0.007,0.2563453221682641,Small,Low,Robust,Conservative
GLW,82280873984.0,6.722,0.12739,0.209,0.14876524843796488,Big,Low,Weak,Aggressive
CPAY,22335328256.0,5.435735,0.29097,0.139,0.18396776148947658,Small,Low,Robust,Aggressive
CTVA,44847767552.0,1.7721723,0.06705,0.126,0.5642792182227427,Big,High,Weak,Aggressive
CSGP,28595322880.0,3.316457,0.00252,0.204,0.3015265990181691,Small,High,Weak,Aggressive
COST,392671690752.0,13.442354,0.30686,0.081,0.07439173228141441,Big,Low,Robust,Aggressive
CTRA,20215576576.0,1.3751038,0.118549995,0.349,0.7272178289377137,Small,High,Weak,Aggressive
CRWD,130498756608.0,32.487137,-0.088149995,0.222,0.030781413579165195,Big,Low,Weak,Aggressive
CCI,39994388480.0,-26.759907,-2.06679,-0.043,-0.037369337643811694,Big,Low,Weak,Conservative
CSX,69257895936.0,5.42415,0.22589001,-0.009,0.1843606832406921,Big,Low,Robust,Conservative
CMI,72249556992.0,5.988878,0.22767,-0.016,0.16697618485465893,Big,Low,Robust,Conservative
CVS,102608224256.0,1.4075997,0.0057800002,0.078,0.710429250588786,Big,High,Weak,Aggressive
DHR,166388908032.0,3.213614,0.06843,0.044,0.31117614000934773,Big,High,Weak,Conservative
DRI,21371846656.0,9.58682,0.50411,0.104,0.10430987543314676,Small,Low,Robust,Aggressive
DDOG,52565544960.0,15.278769,0.03519,0.284,0.06545029903914379,Big,Low,Weak,Aggressive
DVA,8603594752.0,-14.934839,0.61618,0.048,-0.06695753466107,Small,Low,Robust,Conservative
DAY,11068018688.0,4.106401,-0.05706,0.095,0.24352224734018912,Small,Low,Weak,Aggressive
DECK,15036083200.0,6.0047398,0.43312,0.091,0.1665351094813467,Small,Low,Robust,Aggressive
DE,128660578304.0,4.957502,0.20427999,0.131,0.2017144925004569,Big,Low,Robust,Aggressive
DELL,92889751552.0,-35.285133,,0.108,-0.028340547844895467,Big,Low,Weak,Aggressive
DAL,46073049088.0,2.4315941,0.28514,0.064,0.4112528484914485,Big,High,Robust,Conservative
DVN,23830392832.0,1.5382725,0.18586999,0.071,0.6500798785650788,Small,High,Robust,Conservative
DXCM,27035185152.0,9.862661,0.30635,0.216,0.10139251465704845,Small,Low,Robust,Aggressive
FANG,45460897792.0,1.1525533,0.10901,0.42,0.8676388328418305,Big,High,Weak,Aggressive
DLR,55540076544.0,2.4438734,0.05825,0.111,0.4091864987769006,Big,High,Weak,Aggressive
DG,29205368832.0,3.5676255,0.16450001,0.046,0.2802984786379624,Small,High,Robust,Conservative
DLTR,26509701120.0,7.528383,0.20066999,0.094,0.1328306490251625,Small,Low,Robust,Aggressive
D,49672134656.0,1.860547,0.09204,0.149,0.5374763443223955,Big,High,Weak,Aggressive
DPZ,14722628608.0,-3.8418677,,0.031,-0.26029006672978355,Small,Low,Weak,Conservative
DASH,96767795200.0,10.189244,0.100430004,0.273,0.09814270813418542,Big,Low,Weak,Aggressive
DOV,27606198272.0,3.6025846,0.15883,0.048,0.2775784918416628,Small,High,Robust,Conservative
DOW,17470662656.0,0.9959884,-0.05287,-0.083,1.004027757753002,Small,High,Weak,Conservative
DHI,46268768256.0,1.8892729,0.14321,-0.032,0.5293041571707295,Big,High,Weak,Conservative
DTE,27154552832.0,2.2334774,0.11658,0.214,0.4477323119544438,Small,High,Weak,Aggressive
DUK,88956665856.0,1.7626663,0.09905,0.048,0.5673223570451197,Big,High,Weak,Conservative
DD,17383286784.0,0.75909764,0.03217,0.073,1.3173535884000376,Small,High,Weak,Conservative
EMN,7560565760.0,1.3008258,0.12116,-0.106,0.768742440379027,Small,High,Weak,Conservative
ETN,136395145216.0,7.2218328,0.20653,0.101,0.13846900471027246,Big,Low,Robust,Aggressive
EBAY,38570799104.0,8.1200695,0.42430001,0.095,0.12315165529063514,Small,Low,Robust,Aggressive
ECL,74119692288.0,11.140335,0.21869,0.178,0.08976390745879724,Big,Low,Robust,Aggressive
EIX,22293434368.0,1.4371837,0.15765001,0.106,0.6958052752755267,Small,High,Robust,Aggressive
EW,49457303552.0,4.793445,0.13492,0.147,0.20861822760040014,Big,Low,Weak,Aggressive
EA,50936614912.0,8.463616,0.13201,-0.092,0.11815280844499561,Big,Low,Weak,Conservative
ELV,81113726976.0,1.8197157,0.12569,0.123,0.5495363918660481,Big,High,Weak,Aggressive
EMR,78549999616.0,3.8728569,0.09363,0.051,0.2582073197695479,Big,High,Weak,Conservative
ENPH,4319678976.0,4.341136,0.20305,0.078,0.23035445100084403,Small,Low,Robust,Aggressive
ETR,41676423168.0,2.5013404,0.11188,0.125,0.3997856509253998,Big,High,Weak,Aggressive
EOG,59791740928.0,1.9663154,0.18476999,-0.024,0.5085654112254829,Big,High,Robust,Conservative
EPAM,11758175232.0,3.1281118,0.10207,0.194,0.3196816686667017,Small,High,Weak,Aggressive
EQT,34991435776.0,1.5114022,0.08488,0.514,0.6616372531414867,Small,High,Weak,Aggressive
EFX,27177340928.0,5.4765277,0.13066,0.072,0.1825974513011228,Small,Low,Weak,Conservative
EQIX,74045071360.0,5.2303305,0.077,0.066,0.19119250685974815,Big,Low,Weak,Conservative
EQR,23861657600.0,2.0846515,0.10444,0.046,0.47969648643910023,Small,High,Weak,Conservative
ERIE,14586780672.0,6.3177443,0.30444,0.067,0.15828434208709585,Small,Low,Robust,Conservative
ESS,17828644864.0,2.952183,0.15987,0.062,0.3387323888796867,Small,High,Robust,Conservative
EL,38039625728.0,9.778601,-0.20727,0.036,0.10226411733130332,Small,Low,Weak,Conservative
EG,13616841728.0,0.8861122,0.03595,-0.009,1.1285252589909043,Small,High,Weak,Conservative
EVRG,16890812416.0,1.641534,0.08454,-0.001,0.6091862855109915,Small,High,Weak,Conservative
ES,25325266944.0,1.5796494,0.0861,0.051,0.6330518658127556,Small,High,Weak,Conservative
EXC,43520352256.0,1.5484961,0.10308,0.09,0.6457878712125914,Big,High,Weak,Aggressive
EXE,27229941760.0,1.5001575,0.061189998,3.193,0.666596674015895,Small,High,Weak,Aggressive
EXPE,34782633984.0,25.871906,0.53886,0.087,0.038651964799191835,Small,Low,Robust,Aggressive
EXPD,20767649792.0,8.992713,0.36505002,-0.035,0.11120114697311034,Small,Low,Robust,Conservative
EXR,29477427200.0,2.0732868,0.06786,0.034,0.4823259377332649,Small,High,Weak,Conservative
XOM,509628547072.0,1.9347426,0.11424,-0.051,0.5168646206477285,Big,High,Weak,Conservative
FFIV,15361799168.0,4.2468286,0.20602,0.085,0.2354698280029479,Small,Low,Robust,Aggressive
FDS,11022565376.0,5.019973,0.29132,0.062,0.1992042586683235,Small,Low,Robust,Conservative
FICO,43826593792.0,-24.853737,,0.136,-0.040235398000711124,Big,Low,Weak,Aggressive
FAST,47930490880.0,12.3083725,0.32742,0.117,0.08124550991611604,Big,Low,Robust,Aggressive
FRT,8574028800.0,2.7895286,0.10516,0.06,0.35848350864730333,Small,High,Weak,Conservative
FDX,67195396096.0,2.4200757,0.15004,0.139,0.4132102148705514,Big,High,Weak,Aggressive
FIS,35124736000.0,2.518069,0.011829999,0.057,0.3971297053416725,Small,High,Weak,Conservative
FITB,31987957760.0,1.6540762,0.115109995,0.067,0.6045670689173812,Small,High,Weak,Conservative
FSLR,29276878848.0,3.2474735,0.16864,0.797,0.30793168904996454,Small,High,Robust,Aggressive
FE,25463498752.0,1.9896187,0.11192001,0.112,0.5026088667140091,Small,High,Weak,Aggressive
FI,34314950656.0,1.3638307,0.1354,0.009,0.73322883844747,Small,High,Weak,Conservative
F,54308716544.0,1.1459559,0.10295,0.094,0.8726339294557496,Big,High,Weak,Aggressive
FTNT,63193960448.0,83.30303,2.28043,0.144,0.012004365267385832,Big,Low,Robust,Aggressive
FTV,18764134400.0,2.7082722,0.103649996,0.023,0.3692391038094324,Small,High,Weak,Conservative
FOXA,31883966464.0,2.6164887,0.17272,0.049,0.3821915989929557,Small,High,Robust,Conservative
FOX,29874700288.0,2.3111954,0.17272,0.049,0.4326765274801084,Small,High,Robust,Conservative
BEN,12227179520.0,1.012336,0.03818,0.06,0.9878143225174252,Small,High,Weak,Conservative
FCX,69082619904.0,3.6948009,0.14538999,0.027,0.27065057822195504,Big,High,Weak,Conservative
GRMN,40575799296.0,4.7831807,0.19655001,0.117,0.2090659046186568,Big,Low,Robust,Aggressive
IT,17620688896.0,30.480808,1.0925701,0.027,0.03280752924922463,Small,Low,Robust,Conservative
GE,305851924480.0,16.172482,0.42131,0.238,0.06183342791786691,Big,Low,Robust,Aggressive
GEHC,39287164928.0,3.9224179,0.24450001,0.058,0.25494478800945714,Big,Low,Robust,Conservative
GEV,191700090880.0,22.09879,0.16723,0.118,0.045251346340682,Big,Low,Robust,Aggressive
GEN,17132374016.0,6.9763937,0.25027,0.253,0.1433405342361914,Small,Low,Robust,Aggressive
GNRC,9838383104.0,3.7214205,0.11969,-0.05,0.2687145943329973,Small,High,Weak,Conservative
GD,92240732160.0,3.7694278,0.17782,0.106,0.2652922547024246,Big,High,Robust,Aggressive
GIS,24718526464.0,2.6002588,0.30866,-0.068,0.3845771044020695,Small,High,Robust,Conservative
GM,76975489024.0,1.1364914,0.04442,-0.003,0.8799010709627896,Big,High,Weak,Conservative
GPC,18635243520.0,3.8931677,0.16994,0.049,0.2568602426245343,Small,High,Robust,Conservative
GILD,152879824896.0,7.104307,0.40706003,0.03,0.1407596828233915,Big,Low,Robust,Conservative
GPN,19874373632.0,0.85509694,0.07233,0.005,1.1694580499843679,Small,High,Weak,Conservative
GL,11262731264.0,1.9627329,0.22277,0.04,0.5094936758842734,Small,High,Robust,Conservative
GDDY,17451499520.0,185.91446,3.69454,0.103,0.005378817763825364,Small,Low,Robust,Aggressive
GS,275788005376.0,2.6177595,0.13532,0.207,0.38200606281822297,Big,High,Weak,Aggressive
HAL,24827774976.0,2.4060152,0.12788,-0.017,0.4156249719453144,Small,High,Weak,Conservative
HIG,38039711744.0,2.088292,0.20069,0.07,0.4788602360206331,Small,High,Robust,Conservative
HAS,11782695936.0,28.991713,-0.62839,0.083,0.03449261518282828,Small,Low,Weak,Aggressive
HCA,112866770944.0,-20.781096,,0.096,-0.04812065735127733,Big,Low,Weak,Aggressive
DOC,11591762944.0,1.5257958,-0.00115,0.008,0.655395695806739,Small,High,Weak,Conservative
HSIC,9245502464.0,2.689526,0.08347999,0.052,0.3718127283394918,Small,High,Weak,Conservative
HSY,36821721088.0,8.066637,0.31013,0.065,0.12396739806191849,Small,Low,Robust,Conservative
HPE,32379305984.0,1.3111076,0.0023,0.144,0.7627139069287677,Small,High,Weak,Aggressive
HLT,65426198528.0,-13.144639,,0.035,-0.07607664234826077,Big,Low,Weak,Conservative
HOLX,16679998464.0,3.2992373,0.11116,0.062,0.303100355951965,Small,High,Weak,Conservative
HD,355855532032.0,29.355341,1.62909,0.028,0.03406535117408447,Big,Low,Robust,Conservative
HON,130629648384.0,7.3336363,0.34616002,0.07,0.1363580029186885,Big,Low,Robust,Conservative
HRL,13043042304.0,1.6507692,0.06002,0.015,0.6057782032763878,Small,High,Weak,Conservative
HST,12628930560.0,1.8717736,0.109239995,0.009,0.5342526467944627,Small,High,Weak,Conservative
HWM,78845722624.0,15.51604,0.30064,0.138,0.06444943426286603,Big,Low,Robust,Aggressive
HPQ,23866925056.0,-68.86179,,0.042,-0.014521841503103535,Small,Low,Weak,Conservative
HUBB,24596455424.0,6.6814885,0.24991,0.041,0.14966724854798447,Small,Low,Robust,Conservative
HUM,32051570688.0,1.7304544,0.07159,0.111,0.5778828959607373,Small,High,Weak,Aggressive
HBAN,28204724224.0,1.3392657,0.10434,0.148,0.7466778250200838,Small,High,Weak,Aggressive
HII,12820960256.0,2.5723958,0.12387,0.161,0.38874266549494446,Small,High,Weak,Aggressive
IBM,290459615232.0,10.409003,0.30156,0.091,0.0960706803523834,Big,Low,Robust,Aggressive
IEX,13645068288.0,3.3886137,0.12197,0.101,0.2951059307822547,Small,High,Weak,Aggressive
IDXX,56603324416.0,36.254166,0.64633006,0.133,0.0275830369398099,Big,Low,Robust,Aggressive
ITW,75035017216.0,23.278172,0.91683,0.023,0.0429586996779644,Big,Low,Robust,Conservative
INCY,18866612224.0,4.0522876,0.30389,0.2,0.246774192433923,Small,Low,Robust,Aggressive
IR,33163438080.0,3.2568307,0.05382,0.051,0.3070469705410232,Small,High,Weak,Conservative
PODD,20707373056.0,14.950702,0.19679001,0.299,0.06688649135003828,Small,Low,Robust,Aggressive
INTC,188462694400.0,1.7701613,0.0018600001,0.028,0.5649202702601169,Big,High,Weak,Conservative
ICE,93362208768.0,3.2455776,0.114930004,0.026,0.30811156695190406,Big,High,Weak,Conservative
IFF,16210158592.0,1.138327,-0.03232,-0.079,0.8784821936051767,Small,High,Weak,Conservative
IP,20619894784.0,1.1904036,-0.042779997,0.564,0.8400512229633714,Small,High,Weak,Aggressive
IPG,8999164928.0,2.4411328,0.14948,-0.048,0.40964588243621974,Small,High,Weak,Conservative
INTU,188201189376.0,9.744008,0.21987,0.41,0.10262717354090843,Big,Low,Robust,Aggressive
ISRG,196215701504.0,11.474331,0.16902,0.229,0.08715105046211409,Big,Low,Robust,Aggressive
IVZ,12041021440.0,1.0929847,0.06904,0.082,0.914925890545403,Small,High,Weak,Aggressive
INVH,16275696640.0,1.6908674,0.06,0.065,0.591412431276397,Small,High,Weak,Conservative
IQV,38484393984.0,6.247546,0.19374001,0.052,0.16006284707627602,Small,Low,Robust,Conservative
IRM,26020743168.0,-29.490788,,0.126,-0.03390889385526084,Small,Low,Weak,Aggressive
JBHT,19316295680.0,5.319631,0.15126,-0.005,0.18798296347998572,Small,Low,Weak,Conservative
JBL,25139437568.0,16.64062,0.40381,0.185,0.06009391477000257,Small,Low,Robust,Aggressive
JKHY,13601471488.0,6.247872,0.2345,0.073,0.16005449535457833,Small,Low,Robust,Conservative
J,16344221696.0,4.4721003,0.06523,,0.22360858051417137,Small,Low,Weak,Aggressive
JNJ,505976061952.0,6.374177,0.33619,0.068,0.15688299838551706,Big,Low,Robust,Conservative
JCI,77256744960.0,5.581241,0.11374,0.031,0.1791716215085498,Big,Low,Weak,Conservative
JPM,872716894208.0,2.5399137,0.16437,0.088,0.39371416438282925,Big,High,Robust,Aggressive
K,29031499776.0,6.907285,0.32112,0.008,0.1447746835406386,Small,Low,Robust,Conservative
KVUE,33238290432.0,3.1201584,0.13469,-0.035,0.320496549149556,Small,High,Weak,Conservative
KDP,40037445632.0,1.5810086,0.06291,0.107,0.6325076283582518,Big,High,Weak,Aggressive
KEY,22686912512.0,1.308169,0.058179997,2.026,0.7644272261458573,Small,High,Weak,Aggressive
KEYS,36801298432.0,6.2380567,0.15826,0.103,0.16030633386195417,Small,Low,Robust,Aggressive
KMB,34330753024.0,25.772297,1.3688201,0.001,0.03880135325151654,Small,Low,Robust,Conservative
KIM,13631937536.0,1.2999676,0.056700002,0.056,0.7692499413062295,Small,High,Weak,Conservative
KMI,59668070400.0,1.941087,0.08884,0.121,0.5151752600475918,Big,High,Weak,Aggressive
KKR,132193886208.0,4.675618,0.07672,0.132,0.21387547057950415,Big,Low,Weak,Aggressive
KLAC,164102635520.0,32.876404,0.99167997,0.13,0.03041695192698082,Big,Low,Robust,Aggressive
KHC,28869357568.0,0.6966979,-0.09693,-0.023,1.4353423485272454,Small,High,Weak,Conservative
KR,39938818048.0,5.042146,0.07997,0.007,0.1983282515024357,Big,Low,Weak,Conservative
LHX,54231293952.0,2.7776072,0.091309994,0.069,0.36002210823762265,Big,High,Weak,Conservative
LH,21999063040.0,2.5264838,0.10135999,0.086,0.39580701051793804,Small,High,Weak,Aggressive
LRCX,212748763136.0,20.84126,0.62261003,0.277,0.04798174390607862,Big,Low,Robust,Aggressive
LW,8288818688.0,4.630595,0.16219,0.003,0.21595496906984957,Small,Low,Robust,Conservative
LVS,45443227648.0,28.571428,0.65651,0.242,0.03500000070000001,Big,Low,Robust,Aggressive
LDOS,24444491776.0,4.9623647,0.2929,0.067,0.20151682926488654,Small,Low,Robust,Conservative
LEN,29426587648.0,1.3462669,0.10774,-0.064,0.7427947608308575,Small,High,Weak,Conservative
LII,18084085760.0,16.875122,0.92253995,-0.048,0.05925883083986,Small,Low,Robust,Conservative
LLY,904865513472.0,38.003765,0.9647,0.539,0.026313182391270968,Big,Low,Robust,Aggressive
LIN,189111205888.0,4.8767214,0.17979999,0.031,0.205055798348456,Big,Low,Robust,Conservative
LYV,32943525888.0,62.608116,0.5636,0.111,0.01597237009974873,Small,Low,Robust,Aggressive
LKQ,7986380800.0,1.2138276,0.10882,0.013,0.8238402224500416,Small,High,Weak,Conservative
LMT,110867890176.0,17.67061,0.62776,0.088,0.05659114201490498,Big,Low,Robust,Aggressive
L,21707173888.0,1.1839709,0.08182,0.046,0.8446153532996461,Small,High,Weak,Conservative
LOW,139160846336.0,-13.405382,,0.032,-0.07459690443733719,Big,Low,Weak,Conservative
LULU,22413242368.0,5.0700827,0.42422,0.065,0.19723544154417835,Small,Low,Robust,Conservative
LYB,14519689216.0,1.3697507,-0.10584,-0.102,0.7300598568776056,Small,High,Weak,Conservative
MTB,32152408064.0,1.207205,0.09628,0.08,0.8283597234935243,Small,High,Weak,Aggressive
MPC,56885243904.0,3.2941322,0.18887,-0.008,0.3035700874421494,Big,High,Robust,Conservative
MKTX,6645147136.0,4.7931547,0.15823,0.01,0.2086308626758907,Small,Low,Robust,Conservative
MAR,80476381184.0,-25.605457,,0.056,-0.039054175053388034,Big,Low,Weak,Conservative
MMC,90198261760.0,5.9329324,0.28734,0.115,0.16855071532586482,Big,Low,Robust,Aggressive
MLM,38118940672.0,3.9156508,0.12523,0.124,0.2553853882986706,Small,Low,Weak,Aggressive
MAS,13543734272.0,-172.04788,5.6387095,-0.033,-0.005812335496374614,Small,Low,Robust,Conservative
MA,509293133824.0,64.15784,1.8486099,0.167,0.015586559647269922,Big,Low,Robust,Aggressive
MTCH,7983842816.0,-35.41089,,0.021,-0.02823990021148861,Small,Low,Weak,Conservative
MKC,17696692224.0,3.0761335,0.1385,0.027,0.32508342046923516,Small,High,Weak,Conservative
MCD,221010411520.0,-101.97893,,0.03,-0.009805947169675148,Big,Low,Weak,Conservative
MCK,101440446464.0,-58.153164,,0.101,-0.017195968907211995,Big,Low,Weak,Aggressive
MDT,127940952064.0,2.6283891,0.09822,0.066,0.3804611729671227,Big,High,Weak,Conservative
MRK,247305535488.0,4.74982,0.39485002,0.037,0.21053429393113846,Big,Low,Robust,Conservative
META,1645173669888.0,8.478955,0.32643002,0.262,0.11793906206602112,Big,Low,Robust,Aggressive
MET,54698393600.0,1.8775967,0.12798001,-0.059,0.5325957379452148,Big,High,Weak,Conservative
MTD,29283182592.0,-116.53249,,0.079,-0.008581297799437736,Small,Low,Weak,Aggressive
MGM,10240080896.0,3.8087487,0.10293,0.016,0.2625534207599467,Small,High,Weak,Conservative
MCHP,37339471872.0,5.576721,-0.02854,-0.02,0.17931684228061615,Small,Low,Weak,Conservative
MU,290857877504.0,5.3539095,0.17198999,0.46,0.18677939924087247,Big,Low,Robust,Aggressive
MSFT,3593712959488.0,9.899058,0.32241002,0.184,0.1010197131888711,Big,Low,Robust,Aggressive
MAA,15959375872.0,2.6755745,0.09408,0.006,0.37375150645216565,Small,High,Weak,Conservative
MRNA,11577437184.0,1.2417232,-0.29317,-0.454,0.8053324605677014,Small,High,Weak,Conservative
MHK,6999781376.0,0.8366132,0.051999997,0.014,1.1952955081272925,Small,High,Weak,Conservative
MOH,9045980160.0,2.0310066,0.19708,0.116,0.4923666914721006,Small,High,Robust,Aggressive
TAP,9306388480.0,0.9007906,-0.17295,-0.023,1.110135918381031,Small,High,Weak,Conservative
MDLZ,69601329152.0,2.651321,0.13101,0.059,0.3771704746426404,Big,High,Weak,Conservative
MPWR,47019761664.0,13.177765,0.64029,0.189,0.07588540241839188,Big,Low,Robust,Aggressive
MNST,70824263680.0,9.143541,0.25538,0.168,0.10936681970365747,Big,Low,Robust,Aggressive
MCO,87080411136.0,21.888554,0.54914004,0.107,0.04568597816009226,Big,Low,Robust,Aggressive
MS,287803375616.0,2.8625183,0.15135,0.191,0.3493427448131947,Big,High,Weak,Aggressive
MOS,7995504640.0,0.62558985,0.101169996,0.228,1.5984914077490229,Small,High,Weak,Aggressive
MSI,61318557696.0,26.3665,1.1517,0.078,0.03792691483511274,Big,Low,Robust,Aggressive
MSCI,42520702976.0,-21.56602,,0.095,-0.046369241983453595,Big,Low,Weak,Aggressive
NDAQ,53850685440.0,4.4707503,0.14054,0.029,0.22367610197330862,Big,Low,Weak,Conservative
NTAP,23776546816.0,23.917671,1.25346,0.028,0.04181009095743478,Small,Low,Robust,Conservative
NFLX,398689730560.0,15.361632,0.42861,0.172,0.06509725008384526,Big,Low,Robust,Aggressive
NEM,109207863296.0,3.2705023,0.22875999,0.2,0.3057634296725613,Big,High,Robust,Aggressive
NWSA,15206693888.0,1.6908526,0.070250005,0.023,0.5914176078979327,Small,High,Weak,Conservative
NWS,16479031296.0,1.9150039,0.070250005,0.023,0.522192148015991,Small,High,Weak,Conservative
NEE,169128722432.0,3.1215405,0.08236,0.053,0.320354645406651,Big,High,Weak,Conservative
NKE,100133355520.0,7.4292607,0.21122,0.011,0.1346028952786648,Big,Low,Robust,Conservative
NI,19729063936.0,2.18158,0.09073,0.183,0.4583833735182758,Small,High,Weak,Aggressive
NDSN,13247392768.0,4.3192997,0.16215,0.01,0.23151901221394755,Small,Low,Robust,Conservative
NSC,65983131648.0,4.3579297,0.2048,0.017,0.22946675803421063,Big,Low,Robust,Conservative
NTRS,26709641216.0,2.1947703,0.13432,0.042,0.45562854572981965,Small,High,Weak,Conservative
NOC,80188194816.0,5.0017858,0.26152,0.043,0.19992859350354425,Big,Low,Robust,Conservative
NCLH,9355541504.0,4.2661405,0.39870998,0.047,0.23440390676303324,Small,Low,Robust,Conservative
NRG,33007032320.0,24.852898,0.64186996,0.057,0.04023675629296833,Small,Low,Robust,Conservative
NUE,38120988672.0,1.8353812,0.09014,0.145,0.5448459426303375,Small,High,Weak,Aggressive
NVDA,4405102903296.0,36.98487,1.07359,0.625,0.027038083410865037,Big,Low,Robust,Aggressive
NVR,20754116608.0,5.4171815,0.348,-0.049,0.18459783930075077,Small,Low,Robust,Conservative
NXPI,58447724544.0,5.81888,0.20872,-0.024,0.17185437747470303,Big,Low,Robust,Conservative
ORLY,79493193728.0,-88.97727,,0.078,-0.011238825376413549,Big,Low,Weak,Aggressive
OXY,40590671872.0,1.4509597,0.05955,-0.077,0.6891990177259919,Big,High,Weak,Conservative
ODFL,33399920640.0,7.806651,0.25059,-0.043,0.12809590181500366,Small,Low,Robust,Conservative
OMC,25409349632.0,3.3495083,0.27007,0.04,0.29855128288531185,Small,High,Robust,Conservative
ON,22890274816.0,2.8696678,0.03891,-0.12,0.34847239112485423,Small,High,Weak,Conservative
OKE,46362636288.0,2.099949,0.17847,0.719,0.47620204109718856,Big,High,Robust,Aggressive
ORCL,566880174080.0,18.699455,0.69026,0.142,0.05347749439756399,Big,Low,Robust,Aggressive
OTIS,34431852544.0,-6.3056135,,0.04,-0.1585888510293249,Small,Low,Weak,Conservative
PCAR,59237797888.0,3.058463,0.14151,-0.19,0.3269616143795102,Big,High,Weak,Conservative
PKG,18472644608.0,3.8582249,0.19811001,0.06,0.2591865497524522,Small,High,Robust,Conservative
PLTR,446989631488.0,67.82639,0.19504,0.628,0.014743523870281168,Big,Low,Robust,Aggressive
PANW,132680916992.0,15.2020445,0.15324001,0.157,0.0657806257572789,Big,Low,Robust,Aggressive
PSKY,15576719360.0,1.2913847,0.01279,-0.004,0.7743625892423845,Small,High,Weak,Conservative
PH,113779572736.0,8.235374,0.27294,0.037,0.12142739358285368,Big,Low,Robust,Conservative
PAYX,41254666240.0,10.38974,0.41266,0.168,0.09624879929622879,Big,Low,Robust,Aggressive
PAYC,9343094784.0,5.2361436,0.28557,0.092,0.19098024737136696,Small,Low,Robust,Aggressive
PYPL,58937294848.0,2.8741148,0.24358,0.073,0.34793321408038397,Big,High,Robust,Conservative
PNR,17358682112.0,4.5812063,0.17966999,0.029,0.21828311901168915,Small,Low,Robust,Conservative
PEP,204047269888.0,10.523937,0.37162,0.027,0.09502147342767255,Big,Low,Robust,Conservative
PFE,146691260416.0,1.5807855,0.105979994,-0.059,0.632596895657254,Big,High,Weak,Conservative
PCG,32595013632.0,1.072229,0.0876,0.052,0.9326365916236177,Small,High,Weak,Conservative
PM,234974609408.0,-21.53045,,0.094,-0.0464458476251077,Big,Low,Weak,Aggressive
PSX,57963540480.0,2.1469948,0.056199998,-0.029,0.4657673134559991,Big,High,Weak,Conservative
PNW,10383141888.0,1.4485372,0.087749995,0.029,0.6903516181703859,Small,High,Weak,Conservative
PNC,83102244864.0,1.5588331,0.11486,0.108,0.6415054953606002,Big,High,Weak,Aggressive
POOL,8967143424.0,6.498012,0.29307,0.013,0.1538932214960514,Small,Low,Robust,Conservative
PPG,23192932352.0,2.9563568,0.1616,0.012,0.33825416472057773,Small,High,Robust,Conservative
PPL,24751673344.0,1.7168659,0.076620005,0.084,0.5824566729410842,Small,High,Weak,Aggressive
PFG,20392224768.0,1.7304021,0.13767,0.222,0.5779003620025658,Small,High,Weak,Aggressive
PG,329446719488.0,6.265189,0.31902,0.03,0.1596121042796953,Big,Low,Robust,Conservative
PGR,135130013696.0,3.8098073,0.34223998,0.142,0.2624804671879336,Big,High,Robust,Aggressive
PLD,121272877056.0,2.3063061,0.05963,0.087,0.4335937887863194,Big,High,Weak,Aggressive
PRU,41194921984.0,1.2761945,0.085,-0.083,0.7835796189373956,Big,High,Weak,Conservative
PEG,39413198848.0,2.3164937,0.12579,0.221,0.4316869068109272,Big,High,Weak,Aggressive
PTC,21323102208.0,5.560936,0.2085,0.427,0.17982584226828002,Small,Low,Robust,Aggressive
PSA,48025976832.0,9.678571,0.19933,0.031,0.1033210377854334,Big,Low,Robust,Conservative
PHM,25169250304.0,1.9412023,0.21569,-0.016,0.5151446606054403,Small,High,Robust,Conservative
PWR,69623701504.0,8.292514,0.13369,0.175,0.12059069179744525,Big,Low,Weak,Aggressive
QCOM,195590340608.0,9.180552,0.2334,0.1,0.10892591208023221,Big,Low,Robust,Aggressive
DGX,20303781888.0,2.7768517,0.14353,0.132,0.36012005970646543,Small,High,Weak,Aggressive
RL,22292717568.0,8.641748,0.34005,0.165,0.11571732941067016,Small,Low,Robust,Aggressive
RJF,32681027584.0,2.6140697,0.17666,0.07,0.38254527031165236,Small,High,Robust,Conservative
RTX,237879754752.0,3.6872623,0.10702,0.119,0.2712039227586277,Big,High,Weak,Aggressive
O,52637011968.0,1.3479071,0.02488,0.103,0.7418908914419993,Big,High,Weak,Aggressive
REG,12467680256.0,1.8738421,0.0602,0.077,0.5336628950753107,Small,High,Weak,Aggressive
REGN,79151415296.0,2.4798603,0.15188,0.009,0.4032485217010007,Big,High,Weak,Conservative
RF,24841865216.0,1.3922088,0.11401,0.156,0.7182830621383804,Small,High,Weak,Aggressive
RSG,65933733888.0,5.514702,0.18249,0.033,0.18133346099208988,Big,Low,Robust,Conservative
RMD,36840431616.0,6.0174522,0.25413,0.091,0.16618328933298382,Small,Low,Robust,Aggressive
RVTY,12062262272.0,1.6065797,0.0304,0.022,0.6224403308469539,Small,High,Weak,Conservative
ROK,46441025536.0,12.705712,0.20282,0.138,0.07870475893047159,Big,Low,Robust,Aggressive
ROL,28623646720.0,18.819994,0.36208,0.12,0.05313497974547707,Small,Low,Robust,Aggressive
ROP,47989071872.0,2.4003186,0.081549995,0.143,0.4166113615084264,Big,High,Weak,Aggressive
ROST,59558690816.0,10.075929,0.37425,0.104,0.09924643176822702,Big,Low,Robust,Aggressive
RCL,76277817344.0,7.543761,0.46677,0.052,0.1325598729864321,Big,Low,Robust,Conservative
SPGI,151905075200.0,4.55616,0.119940005,0.088,0.21948307346537435,Big,Low,Weak,Aggressive
CRM,249757204480.0,4.1174254,0.12184,0.086,0.24287021690787644,Big,Low,Weak,Aggressive
SBAC,20548542464.0,-4.1729064,,0.097,-0.2396411287825675,Small,Low,Weak,Aggressive
SLB,60264878080.0,2.3508158,0.15182,-0.025,0.42538424320612445,Big,High,Weak,Conservative
STX,67070820352.0,-1043.5425,,0.213,-0.0009582743395693036,Big,Low,Weak,Aggressive
SRE,58069078016.0,1.8635973,0.0677,0.135,0.5365966134421852,Big,High,Weak,Aggressive
NOW,180568915968.0,15.933035,0.16813,0.218,0.06276268143514402,Big,Low,Robust,Aggressive
SHW,82105458688.0,18.340294,0.59939,0.032,0.05452475298378532,Big,Low,Robust,Conservative
SPG,68595097600.0,25.71045,0.82455003,0.082,0.03889469068024869,Big,Low,Robust,Aggressive
SWKS,10232738816.0,1.762837,0.0789,0.073,0.5672674217752407,Small,High,Weak,Conservative
SJM,10766525440.0,1.7766159,-0.17438,0.026,0.5628678658116254,Small,High,Weak,Conservative
SW,19848302592.0,1.0737592,0.04099,0.043,0.9313075035818086,Small,High,Weak,Conservative
SNA,18334902272.0,3.1411362,0.18330999,0.036,0.31835614132236606,Small,High,Robust,Conservative
SOLV,14359723008.0,2.8798525,0.37271,0.007,0.3472400062155961,Small,High,Robust,Conservative
SO,93296623616.0,2.6654713,0.11429,0.075,0.3751681738235185,Big,High,Weak,Aggressive
LUV,21396148224.0,2.7094972,0.04168,0.012,0.36907216586162184,Small,High,Weak,Conservative
SWK,11854895104.0,1.320247,0.04918,0.001,0.7574340256027849,Small,High,Weak,Conservative
SBUX,96357851136.0,-11.898342,,0.055,-0.08404532328958102,Big,Low,Weak,Conservative
STT,36766916608.0,1.5187204,0.111499995,0.094,0.6584490469740184,Small,High,Weak,Aggressive
STLD,25467865088.0,2.8111138,0.12550999,0.112,0.35573088503211786,Small,High,Weak,Aggressive
STE,24867893248.0,3.5338495,0.101339996,0.099,0.2829775291788742,Small,High,Weak,Aggressive
SYK,134984073216.0,6.196152,0.14036,0.102,0.16139048880660126,Big,Low,Weak,Aggressive
SMCI,20308959232.0,3.1125343,0.12787,-0.155,0.3212816000132111,Small,High,Weak,Conservative
SYF,31870449664.0,1.9472165,0.21636999,0.207,0.5135535776324821,Small,High,Robust,Aggressive
SNPS,90951622656.0,3.1336012,0.0716,0.378,0.3191216546636502,Big,High,Weak,Aggressive
SYY,35545858048.0,17.18685,0.8346,0.032,0.05818401859561234,Small,Low,Robust,Conservative
TMUS,219828092928.0,3.612606,0.19034,0.089,0.27680848672675623,Big,High,Robust,Aggressive
TROW,23061311488.0,2.1224194,0.1867,0.06,0.4711604124990565,Small,High,Robust,Conservative
TTWO,44792238080.0,13.046123,-0.86609,0.311,0.07665112462913312,Big,Low,Weak,Aggressive
TPR,25563109376.0,63.58908,0.16053,0.131,0.015725970559725033,Small,Low,Robust,Aggressive
TRGP,39967584256.0,14.741646,0.4985,0.078,0.067835030090941,Big,Low,Robust,Aggressive
TGT,44063084544.0,2.832564,0.25094998,-0.016,0.35303703640941564,Big,High,Robust,Conservative
TEL,71957610496.0,5.7177296,0.14618,0.167,0.1748945945257712,Big,Low,Weak,Aggressive
TDY,24560531456.0,2.3255947,0.08127,0.067,0.42999753998407375,Small,High,Weak,Conservative
TER,32446228480.0,11.803137,0.15767999,0.043,0.08472323925410677,Small,Low,Robust,Conservative
TSLA,1486275346432.0,18.575525,0.06791,0.116,0.0538342792464816,Big,Low,Weak,Aggressive
TXN,165162942464.0,9.931664,0.29757,0.142,0.1006880619400737,Big,Low,Robust,Aggressive
TPL,20458569728.0,14.955484,0.3937,0.17,0.06686510446602731,Small,Low,Robust,Aggressive
TXT,15477129216.0,2.0416079,0.11465,0.051,0.48981001689893544,Small,High,Weak,Conservative
TMO,217497403392.0,4.263138,0.13116999,0.049,0.2345689958898821,Big,Low,Weak,Conservative
TJX,173151010816.0,18.459894,0.58396,0.075,0.054171491992315884,Big,Low,Robust,Aggressive
TKO,16780566528.0,4.2190695,0.08129,-0.273,0.2370190867915307,Small,Low,Weak,Conservative
TTD,18100666368.0,6.90028,0.16783,0.177,0.1449216553531161,Small,Low,Robust,Aggressive
TSCO,27376590848.0,10.651728,0.45459,0.072,0.09388148101416033,Small,Low,Robust,Conservative
TT,89758244864.0,10.755079,0.3721,0.055,0.09297932632572944,Big,Low,Robust,Conservative
TDG,74240933888.0,-7.668207,,0.115,-0.13040858182362577,Big,Low,Weak,Aggressive
TRV,63685861376.0,1.9957106,0.19809,0.048,0.5010746548121757,Big,High,Robust,Conservative
TRMB,19832342528.0,3.4242747,0.06131,0.029,0.2920326456285765,Small,High,Weak,Conservative
TFC,64084926464.0,1.0642626,0.07982,0.025,0.9396177221674425,Big,High,Weak,Conservative
TYL,19629182976.0,5.4174776,0.091680005,0.097,0.1845877498413653,Small,Low,Weak,Aggressive
TSN,21027901440.0,1.1625547,0.0276,0.022,0.860174579312268,Small,High,Weak,Conservative
USB,83380633600.0,1.4750984,0.1172,0.072,0.6779208763293351,Big,High,Weak,Conservative
UBER,178178179072.0,6.3162565,0.72994006,0.204,0.15832162610875605,Big,Low,Robust,Aggressive
UDR,13410539520.0,3.6454813,0.03649,0.066,0.27431220124486716,Small,High,Weak,Conservative
ULTA,26607532032.0,10.029577,0.47967,0.129,0.09970510221916637,Small,Low,Robust,Aggressive
UNP,140057149440.0,8.093508,0.41619,0.025,0.12355581782337152,Big,Low,Robust,Conservative
UAL,35089960960.0,2.452318,0.25588,0.026,0.40777745789901637,Small,High,Robust,Conservative
UPS,85245788160.0,5.385069,0.33618,-0.037,0.18569864193012198,Big,Low,Robust,Conservative
URI,53650927616.0,5.9079638,0.28781,0.059,0.1692630547262324,Big,Low,Robust,Conservative
UNH,305023025152.0,3.184961,0.17476,0.122,0.31397558714219737,Big,High,Robust,Aggressive
UHS,14291977216.0,1.9571754,0.20028,0.134,0.5109404093266245,Small,High,Robust,Aggressive
VLO,53404143616.0,2.2073987,0.052389998,-0.032,0.4530219212324443,Big,High,Weak,Conservative
VTR,36296253440.0,2.9343407,0.021559998,0.218,0.34079205594633233,Small,High,Weak,Aggressive
VLTO,24514398208.0,8.610676,0.37978,0.068,0.11613490044219525,Small,Low,Robust,Conservative
VRSN,22798235648.0,-11.057901,,0.073,-0.09043307586132306,Small,Low,Weak,Conservative
VRSK,30218950656.0,80.01849,2.68133,0.059,0.012497111605080276,Small,Low,Robust,Conservative
VZ,169584640000.0,1.6144183,0.19875,0.015,0.619418152036557,Big,High,Robust,Conservative
VRTX,114332286976.0,6.538851,0.22307,0.11,0.15293206711699042,Big,Low,Robust,Aggressive
VTRS,13380275200.0,0.8828458,-0.21087,0.002,1.1327006369628763,Small,High,Weak,Conservative
VICI,30054977536.0,1.0860498,0.10357001,0.044,0.9207680900083955,Small,High,Weak,Conservative
V,667030388736.0,17.832525,0.52068,0.115,0.056077308177052886,Big,Low,Robust,Aggressive
VST,59158933504.0,21.62765,0.1731,-0.209,0.04623710851618183,Big,Low,Robust,Conservative
VMC,39542812672.0,4.522881,0.13520999,0.144,0.2210980125278556,Big,Low,Weak,Aggressive
WRB,26350667776.0,2.6881177,0.20887,0.108,0.3720075203552285,Small,High,Robust,Aggressive
GWW,49381531648.0,13.807174,0.46719003,0.061,0.07242611703162428,Big,Low,Robust,Conservative
WAB,37229346816.0,3.3686538,0.11147001,0.084,0.2968544882825299,Small,High,Weak,Aggressive
WMT,921023741952.0,9.583541,0.23661,0.058,0.10434556496393138,Big,Low,Robust,Conservative
DIS,200397701120.0,1.816937,0.12203,-0.005,0.550376815486723,Big,High,Weak,Conservative
WBD,73087975424.0,2.0280585,0.00969,-0.06,0.49308242341135616,Big,High,Weak,Conservative
WM,85427953664.0,8.974522,0.29328,0.149,0.11142654728574959,Big,Low,Robust,Aggressive
WAT,23350120448.0,10.016856,0.32987,0.08,0.09983172364662125,Small,Low,Robust,Aggressive
WEC,33661448192.0,2.4808805,0.12807,0.129,0.4030826958412547,Small,High,Weak,Aggressive
WFC,296606597120.0,1.7719216,0.115200005,0.075,0.5643590551636145,Big,High,Weak,Aggressive
WELL,126950105088.0,3.2649639,0.0275,0.306,0.3062821000869259,Big,High,Weak,Aggressive
WST,19607457792.0,6.4216204,0.16945,0.077,0.15572393534815604,Small,Low,Robust,Aggressive
WDC,64171319296.0,10.873606,0.29707,,0.09196581152563371,Big,Low,Robust,Aggressive
WY,16739055616.0,1.7719392,0.03419,0.021,0.5643534495991736,Small,High,Weak,Conservative
WSM,22596380672.0,11.020027,0.56918997,0.046,0.09074387930265507,Small,Low,Robust,Conservative
WMB,74396647424.0,5.962611,0.16902,0.083,0.1677117625147775,Big,Low,Robust,Aggressive
WTW,31759673344.0,4.0428147,0.27633,-0.0,0.24735242008494723,Small,Low,Robust,Conservative
WDAY,59818676224.0,6.6613145,0.073359996,0.126,0.15012052050687594,Big,Low,Weak,Aggressive
WYNN,12981469184.0,-34.738453,,0.083,-0.028786543833716486,Small,Low,Weak,Aggressive
XEL,44176191488.0,2.0852764,0.09449001,0.074,0.47955273459192266,Big,High,Weak,Aggressive
XYL,34100275200.0,3.0431285,0.08555,0.078,0.32860919280930795,Small,High,Weak,Aggressive
YUM,41125937152.0,-5.4867387,,0.084,-0.1822576314778759,Big,Low,Weak,Aggressive
ZBRA,13908183040.0,3.7039447,0.14286,0.052,0.2699824325130988,Small,High,Weak,Conservative
ZBH,18321883136.0,1.4364065,0.06421,0.097,0.6961817563482204,Small,High,Weak,Aggressive
ZTS,52144971776.0,9.622966,0.49868,0.005,0.10391806434731246,Big,Low,Robust,Conservative
