Date;Close;Log_Weekly_Returns
2000-01-03; $145,75 ;
2000-01-10; $146,97 ;0,008327494
2000-01-18; $144,44 ;-0,017373431
2000-01-24; $135,88 ;-0,061111543
2000-01-31; $142,59 ;0,048264683
2000-02-07; $138,69 ;-0,027776828
2000-02-14; $135,31 ;-0,024636282
2000-02-22; $133,33 ;-0,014773911
2000-02-28; $141,13 ;0,056833015
2000-03-06; $140,13 ;-0,007111141
2000-03-13; $146,94 ;0,047472445
2000-03-20; $153,56 ;0,044100324
2000-03-27; $150,38 ;-0,020975476
2000-04-03; $151,44 ;0,007040824
2000-04-10; $136,00 ;-0,107518113
2000-04-17; $143,81 ;0,055855482
2000-04-24; $145,09 ;0,008870062
2000-05-01; $143,53 ;-0,0108273
2000-05-08; $142,81 ;-0,005020549
2000-05-15; $141,13 ;-0,011886559
2000-05-22; $138,00 ;-0,022392337
2000-05-30; $147,84 ;0,068902626
2000-06-05; $146,59 ;-0,008490814
2000-06-12; $146,59 ;0
2000-06-19; $144,38 ;-0,015251415
2000-06-26; $145,28 ;0,006257782
2000-07-03; $148,09 ;0,019173994
2000-07-10; $151,25 ;0,02108824
2000-07-17; $147,69 ;-0,023835542
2000-07-24; $142,09 ;-0,038611152
2000-07-31; $146,38 ;0,029684419
2000-08-07; $147,41 ;0,007020898
2000-08-14; $149,69 ;0,015357068
2000-08-21; $151,25 ;0,010384309
2000-08-28; $152,50 ;0,008230499
2000-09-05; $149,81 ;-0,017780084
2000-09-11; $146,00 ;-0,02577789
2000-09-18; $145,28 ;-0,004934759
2000-09-25; $143,63 ;-0,011466127
2000-10-02; $141,06 ;-0,018002682
2000-10-09; $137,56 ;-0,025124695
2000-10-16; $139,91 ;0,016894554
2000-10-23; $139,28 ;-0,004477284
2000-10-30; $142,78 ;0,02481846
2000-11-06; $136,63 ;-0,044074142
2000-11-13; $136,64 ;0,000114175
2000-11-20; $134,84 ;-0,01323705
2000-11-27; $132,22 ;-0,019658945
2000-12-04; $133,97 ;0,013148811
2000-12-11; $130,97 ;-0,02264781
2000-12-18; $130,94 ;-0,000239017
2000-12-26; $131,19 ;0,001907487
2001-01-02; $129,19 ;-0,01536276
2001-01-08; $132,00 ;0,021537085
2001-01-16; $134,02 ;0,015154288
2001-01-22; $135,88 ;0,013779134
2001-01-29; $134,80 ;-0,007943147
2001-02-05; $131,84 ;-0,022203132
2001-02-12; $130,40 ;-0,010982417
2001-02-20; $124,96 ;-0,042612963
2001-02-26; $123,61 ;-0,010862238
2001-03-05; $123,36 ;-0,002024538
2001-03-12; $115,01 ;-0,070087829
2001-03-19; $114,48 ;-0,004618946
2001-03-26; $116,69 ;0,019120711
2001-04-02; $113,30 ;-0,029481678
2001-04-09; $118,85 ;0,047823026
2001-04-16; $124,50 ;0,046443522
2001-04-23; $125,78 ;0,010228633
2001-04-30; $127,34 ;0,012326325
2001-05-07; $125,15 ;-0,017347657
2001-05-14; $129,74 ;0,03601943
2001-05-21; $128,10 ;-0,012721239
2001-05-29; $126,73 ;-0,01075237
2001-06-04; $127,00 ;0,002128247
2001-06-11; $121,85 ;-0,041396306
2001-06-18; $122,85 ;0,008173319
2001-06-25; $122,60 ;-0,002037075
2001-07-02; $119,05 ;-0,029383451
2001-07-09; $122,24 ;0,026442752
2001-07-16; $121,34 ;-0,007389803
2001-07-23; $120,81 ;-0,004377459
2001-07-30; $121,94 ;0,009310057
2001-08-06; $119,29 ;-0,021971617
2001-08-13; $116,75 ;-0,021522607
2001-08-20; $119,02 ;0,01925665
2001-08-27; $114,15 ;-0,041778173
2001-09-04; $108,72 ;-0,048737603
2001-09-10; $110,05 ;0,012159038
2001-09-17; $97,28 ;-0,12334139
2001-09-24; $104,44 ;0,071019326
2001-10-01; $107,23 ;0,026363316
2001-10-08; $109,50 ;0,020948489
2001-10-15; $107,35 ;-0,019830025
2001-10-22; $110,32 ;0,027290709
2001-10-29; $109,25 ;-0,0097464
2001-11-05; $112,72 ;0,031268034
2001-11-12; $114,36 ;0,0144445
2001-11-19; $115,68 ;0,011476391
2001-11-26; $114,05 ;-0,01419081
2001-12-03; $116,56 ;0,021769213
2001-12-10; $113,13 ;-0,029868562
2001-12-17; $114,95 ;0,015959651
2001-12-24; $116,00 ;0,00909294
2001-12-31; $117,62 ;0,013868898
2002-01-07; $114,94 ;-0,023048836
2002-01-14; $113,15 ;-0,015695881
2002-01-22; $113,55 ;0,003528896
2002-01-28; $112,65 ;-0,007957602
2002-02-04; $110,09 ;-0,022987454
2002-02-11; $110,89 ;0,007240506
2002-02-19; $109,64 ;-0,011336448
2002-02-25; $113,74 ;0,03671287
2002-03-04; $116,99 ;0,028173319
2002-03-11; $116,65 ;-0,002910463
2002-03-18; $115,04 ;-0,013898104
2002-03-25; $114,52 ;-0,004530414
2002-04-01; $112,69 ;-0,016108794
2002-04-08; $111,42 ;-0,011333841
2002-04-15; $112,88 ;0,013018463
2002-04-22; $107,39 ;-0,04985824
2002-04-29; $107,58 ;0,001767689
2002-05-06; $105,72 ;-0,017440667
2002-05-13; $110,90 ;0,047834805
2002-05-20; $108,69 ;-0,020129101
2002-05-28; $107,22 ;-0,013616995
2002-06-03; $103,34 ;-0,036858276
2002-06-10; $101,40 ;-0,018951432
2002-06-17; $99,28 ;-0,02112895
2002-06-24; $98,96 ;-0,003228413
2002-07-01; $99,31 ;0,003530543
2002-07-08; $91,85 ;-0,078089459
2002-07-15; $84,71 ;-0,080923153
2002-07-22; $85,60 ;0,010451625
2002-07-29; $86,79 ;0,013806125
2002-08-05; $91,29 ;0,050549845
2002-08-12; $93,22 ;0,020921038
2002-08-19; $94,60 ;0,014695185
2002-08-26; $91,78 ;-0,030263067
2002-09-03; $90,00 ;-0,019584739
2002-09-09; $89,67 ;-0,003673405
2002-09-16; $84,35 ;-0,061161456
2002-09-23; $82,75 ;-0,019150795
2002-09-30; $80,80 ;-0,023847049
2002-10-07; $84,16 ;0,040742783
2002-10-14; $88,64 ;0,051863474
2002-10-21; $90,20 ;0,017446204
2002-10-28; $90,27 ;0,000775752
2002-11-04; $89,65 ;-0,006891979
2002-11-11; $91,40 ;0,019332278
2002-11-18; $93,42 ;0,021859977
2002-11-25; $93,98 ;0,005976539
2002-12-02; $92,03 ;-0,020967383
2002-12-09; $89,34 ;-0,029665295
2002-12-16; $89,99 ;0,007249237
2002-12-23; $87,38 ;-0,02943213
2002-12-30; $91,35 ;0,044431859
2003-01-06; $93,06 ;0,018546164
2003-01-13; $90,66 ;-0,026128201
2003-01-21; $86,38 ;-0,048360078
2003-01-27; $86,06 ;-0,00371144
2003-02-03; $83,42 ;-0,031156639
2003-02-10; $84,15 ;0,008712832
2003-02-18; $85,18 ;0,012165744
2003-02-24; $84,90 ;-0,003292571
2003-03-03; $83,32 ;-0,018785477
2003-03-10; $84,13 ;0,009674605
2003-03-17; $89,67 ;0,063773043
2003-03-24; $86,71 ;-0,033567048
2003-03-31; $88,22 ;0,017264477
2003-04-07; $87,15 ;-0,012202923
2003-04-14; $89,56 ;0,02727802
2003-04-21; $90,23 ;0,007453174
2003-04-28; $93,21 ;0,032493046
2003-05-05; $93,73 ;0,005563297
2003-05-12; $94,87 ;0,012089225
2003-05-19; $93,76 ;-0,011769208
2003-05-27; $96,95 ;0,033457056
2003-06-02; $99,26 ;0,023547288
2003-06-09; $99,56 ;0,003017807
2003-06-16; $99,44 ;-0,00120603
2003-06-23; $97,66 ;-0,018062389
2003-06-30; $98,74 ;0,010998074
2003-07-07; $100,24 ;0,015077178
2003-07-14; $99,51 ;-0,007309169
2003-07-21; $100,23 ;0,007209403
2003-07-28; $98,51 ;-0,017309479
2003-08-04; $98,28 ;-0,002337518
2003-08-11; $99,62 ;0,0135424
2003-08-18; $99,77 ;0,001504589
2003-08-25; $101,44 ;0,016599954
2003-09-02; $102,83 ;0,013609649
2003-09-08; $102,45 ;-0,003702265
2003-09-15; $103,67 ;0,011837903
2003-09-22; $99,95 ;-0,036542716
2003-09-29; $103,39 ;0,033838185
2003-10-06; $104,57 ;0,011348458
2003-10-13; $104,26 ;-0,002968924
2003-10-20; $103,58 ;-0,006543518
2003-10-27; $105,30 ;0,016469158
2003-11-03; $105,61 ;0,002939645
2003-11-10; $105,46 ;-0,00142133
2003-11-17; $104,21 ;-0,01192364
2003-11-24; $106,45 ;0,021267297
2003-12-01; $106,85 ;0,00375059
2003-12-08; $108,14 ;0,012000702
2003-12-15; $108,90 ;0,007003346
2003-12-22; $109,70 ;0,007319337
2003-12-29; $111,23 ;0,013850762
2004-01-05; $112,39 ;0,010374836
2004-01-12; $114,23 ;0,016238994
2004-01-20; $114,43 ;0,001749323
2004-01-26; $113,48 ;-0,008336672
2004-02-02; $114,45 ;0,008511436
2004-02-09; $115,13 ;0,005923878
2004-02-17; $114,88 ;-0,002173819
2004-02-23; $115,02 ;0,001217921
2004-03-01; $116,38 ;0,011754673
2004-03-08; $112,58 ;-0,033196619
2004-03-15; $111,06 ;-0,013593484
2004-03-22; $111,03 ;-0,000270161
2004-03-29; $114,64 ;0,031996348
2004-04-05; $114,37 ;-0,002357977
2004-04-12; $113,83 ;-0,004732699
2004-04-19; $114,36 ;0,00464526
2004-04-26; $110,96 ;-0,030181591
2004-05-03; $109,96 ;-0,009053113
2004-05-10; $110,04 ;0,000727273
2004-05-17; $109,81 ;-0,002092336
2004-05-24; $112,86 ;0,027396513
2004-06-01; $112,98 ;0,001062699
2004-06-07; $114,35 ;0,012053109
2004-06-14; $113,63 ;-0,006316365
2004-06-21; $113,84 ;0,001846398
2004-06-28; $112,88 ;-0,008468646
2004-07-06; $111,73 ;-0,010240061
2004-07-12; $110,71 ;-0,009171077
2004-07-19; $108,96 ;-0,015933327
2004-07-26; $110,84 ;0,017106878
2004-08-02; $106,85 ;-0,036661738
2004-08-09; $107,19 ;0,003176979
2004-08-16; $110,48 ;0,030231548
2004-08-23; $111,45 ;0,008741551
2004-08-30; $112,12 ;0,005993666
2004-09-07; $113,06 ;0,008348925
2004-09-13; $113,15 ;0,000795721
2004-09-20; $111,46 ;-0,01504859
2004-09-27; $113,65 ;0,019457768
2004-10-04; $112,51 ;-0,010081444
2004-10-11; $111,26 ;-0,011172302
2004-10-18; $109,99 ;-0,011480352
2004-10-25; $113,20 ;0,028766713
2004-11-01; $117,28 ;0,035408072
2004-11-08; $118,79 ;0,01279299
2004-11-15; $117,42 ;-0,011599978
2004-11-22; $118,35 ;0,007889085
2004-11-29; $119,25 ;0,007575794
2004-12-06; $119,33 ;0,000670635
2004-12-13; $119,44 ;0,000921389
2004-12-20; $120,77 ;0,011073757
2004-12-27; $120,87 ;0,000827678
2005-01-03; $118,44 ;-0,020309085
2005-01-10; $118,24 ;-0,001690046
2005-01-18; $116,78 ;-0,012424634
2005-01-24; $117,43 ;0,005550589
2005-01-31; $120,23 ;0,023564164
2005-02-07; $120,77 ;0,004481335
2005-02-14; $120,39 ;-0,003151437
2005-02-22; $121,43 ;0,008601492
2005-02-28; $122,73 ;0,010648856
2005-03-07; $120,39 ;-0,019250348
2005-03-14; $118,54 ;-0,015486017
2005-03-21; $117,14 ;-0,011880656
2005-03-28; $117,43 ;0,002472611
2005-04-04; $118,00 ;0,004842213
2005-04-11; $114,15 ;-0,033171251
2005-04-18; $115,57 ;0,012363034
2005-04-25; $115,75 ;0,001556286
2005-05-02; $117,09 ;0,011510177
2005-05-09; $115,72 ;-0,01176939
2005-05-16; $119,12 ;0,028957908
2005-05-23; $120,25 ;0,009441521
2005-05-31; $120,15 ;-0,000831947
2005-06-06; $120,20 ;0,00041606
2005-06-13; $121,36 ;0,009604313
2005-06-20; $118,98 ;-0,019805923
2005-06-27; $119,53 ;0,004611974
2005-07-05; $121,32 ;0,014864297
2005-07-11; $122,84 ;0,012451013
2005-07-18; $123,54 ;0,005682295
2005-07-25; $123,74 ;0,0016176
2005-08-01; $122,88 ;-0,006974321
2005-08-08; $123,06 ;0,001463772
2005-08-15; $122,47 ;-0,004805939
2005-08-22; $120,76 ;-0,014060997
2005-08-29; $122,27 ;0,012426609
2005-09-06; $124,60 ;0,018876892
2005-09-12; $123,50 ;-0,00886745
2005-09-19; $121,44 ;-0,016820842
2005-09-26; $123,04 ;0,013089192
2005-10-03; $119,61 ;-0,028273056
2005-10-10; $118,67 ;-0,007889918
2005-10-17; $118,13 ;-0,004560819
2005-10-24; $119,80 ;0,014037973
2005-10-31; $122,11 ;0,019098592
2005-11-07; $123,76 ;0,013421928
2005-11-14; $125,13 ;0,011008991
2005-11-21; $127,13 ;0,015856988
2005-11-28; $126,85 ;-0,002204899
2005-12-05; $126,33 ;-0,004107755
2005-12-12; $126,36 ;0,000237445
2005-12-19; $126,76 ;0,003160559
2005-12-27; $124,51 ;-0,017909501
2006-01-03; $128,44 ;0,031075835
2006-01-09; $128,68 ;0,001866833
2006-01-17; $125,97 ;-0,021284919
2006-01-23; $128,54 ;0,020196357
2006-01-30; $126,27 ;-0,017817668
2006-02-06; $126,64 ;0,002925944
2006-02-13; $128,81 ;0,016990035
2006-02-21; $129,41 ;0,004647208
2006-02-27; $128,76 ;-0,005035452
2006-03-06; $128,59 ;-0,001321158
2006-03-13; $130,62 ;0,015663296
2006-03-20; $130,21 ;-0,003143813
2006-03-27; $129,83 ;-0,002922629
2006-04-03; $129,54 ;-0,002236189
2006-04-10; $128,71 ;-0,006427902
2006-04-17; $131,15 ;0,018779895
2006-04-24; $131,47 ;0,002436982
2006-05-01; $132,52 ;0,007954889
2006-05-08; $129,24 ;-0,025062436
2006-05-15; $127,10 ;-0,016696963
2006-05-22; $128,38 ;0,010020438
2006-05-30; $129,00 ;0,004817788
2006-06-05; $125,35 ;-0,02870258
2006-06-12; $124,65 ;-0,005600015
2006-06-19; $124,44 ;-0,001686138
2006-06-26; $127,23 ;0,0221728
2006-07-03; $126,61 ;-0,004884977
2006-07-10; $123,52 ;-0,024708409
2006-07-17; $123,95 ;0,003475172
2006-07-24; $127,98 ;0,031995743
2006-07-31; $128,20 ;0,001717543
2006-08-07; $127,01 ;-0,009325721
2006-08-14; $130,69 ;0,028562283
2006-08-21; $129,81 ;-0,006756264
2006-08-28; $131,42 ;0,012326459
2006-09-05; $130,28 ;-0,008712321
2006-09-11; $131,96 ;0,012812866
2006-09-18; $131,47 ;-0,003720158
2006-09-25; $133,58 ;0,015921861
2006-10-02; $135,01 ;0,0106483
2006-10-09; $136,63 ;0,011927693
2006-10-16; $136,84 ;0,001535818
2006-10-23; $137,91 ;0,007788938
2006-10-30; $136,54 ;-0,009983686
2006-11-06; $138,24 ;0,012373693
2006-11-13; $140,42 ;0,015646627
2006-11-20; $140,35 ;-0,000498629
2006-11-27; $140,22 ;-0,000926685
2006-12-04; $141,42 ;0,008521568
2006-12-11; $142,34 ;0,006484376
2006-12-18; $140,75 ;-0,011233295
2006-12-26; $141,62 ;0,006162147
2007-01-03; $140,54 ;-0,007655268
2007-01-08; $143,24 ;0,019029399
2007-01-16; $142,82 ;-0,002936449
2007-01-22; $142,16 ;-0,004631912
2007-01-29; $144,81 ;0,018469354
2007-02-05; $143,94 ;-0,006025992
2007-02-12; $145,73 ;0,012359048
2007-02-20; $145,30 ;-0,002955024
2007-02-26; $138,67 ;-0,046703561
2007-03-05; $140,78 ;0,015101378
2007-03-12; $138,53 ;-0,01611148
2007-03-19; $143,39 ;0,034481282
2007-03-26; $142,00 ;-0,009741133
2007-04-02; $144,24 ;0,015651521
2007-04-09; $145,32 ;0,007459628
2007-04-16; $148,62 ;0,022454505
2007-04-23; $149,53 ;0,006104329
2007-04-30; $150,92 ;0,009252854
2007-05-07; $150,86 ;-0,000397641
2007-05-14; $152,62 ;0,011598917
2007-05-21; $151,69 ;-0,006112207
2007-05-29; $154,08 ;0,015632983
2007-06-04; $151,04 ;-0,019927246
2007-06-11; $153,07 ;0,013350631
2007-06-18; $150,55 ;-0,016600078
2007-06-25; $150,43 ;-0,000797395
2007-07-02; $152,98 ;0,016809334
2007-07-09; $154,85 ;0,012149713
2007-07-16; $153,50 ;-0,008756339
2007-07-23; $145,11 ;-0,056208492
2007-07-30; $143,80 ;-0,00906863
2007-08-06; $144,71 ;0,006308294
2007-08-13; $144,71 ;0
2007-08-20; $148,33 ;0,024707782
2007-08-27; $147,59 ;-0,005001362
2007-09-04; $146,07 ;-0,0103522
2007-09-10; $148,90 ;0,019188981
2007-09-17; $151,97 ;0,020408193
2007-09-24; $152,58 ;0,004005916
2007-10-01; $155,85 ;0,021204958
2007-10-08; $156,33 ;0,003075151
2007-10-15; $149,67 ;-0,043536287
2007-10-22; $153,62 ;0,02604915
2007-10-29; $151,20 ;-0,015878557
2007-11-05; $145,14 ;-0,04090467
2007-11-12; $145,79 ;0,004468436
2007-11-19; $144,13 ;-0,01145156
2007-11-26; $148,66 ;0,030946149
2007-12-03; $150,91 ;0,015021813
2007-12-10; $147,17 ;-0,025095251
2007-12-17; $148,13 ;0,006501885
2007-12-24; $147,30 ;-0,005618943
2007-12-31; $141,31 ;-0,041515265
2008-01-07; $140,15 ;-0,008242781
2008-01-14; $132,06 ;-0,059456913
2008-01-22; $133,04 ;0,00739347
2008-01-28; $139,58 ;0,047988079
2008-02-04; $133,07 ;-0,047762608
2008-02-11; $135,14 ;0,015435973
2008-02-19; $135,62 ;0,003545579
2008-02-25; $133,82 ;-0,013361244
2008-03-03; $129,71 ;-0,031194424
2008-03-10; $129,61 ;-0,000771248
2008-03-17; $132,08 ;0,018877858
2008-03-24; $131,51 ;-0,004324905
2008-03-31; $136,89 ;0,040094789
2008-04-07; $133,38 ;-0,025975486
2008-04-14; $138,48 ;0,037523714
2008-04-21; $139,60 ;0,008055279
2008-04-28; $141,51 ;0,013589196
2008-05-05; $138,90 ;-0,018616136
2008-05-12; $142,66 ;0,026709927
2008-05-19; $137,64 ;-0,035822596
2008-05-27; $140,35 ;0,019497722
2008-06-02; $136,29 ;-0,029354334
2008-06-09; $136,15 ;-0,001027749
2008-06-16; $131,58 ;-0,034142187
2008-06-23; $127,53 ;-0,031263401
2008-06-30; $126,31 ;-0,009612428
2008-07-07; $123,84 ;-0,019748793
2008-07-14; $125,98 ;0,017132754
2008-07-21; $125,48 ;-0,003976781
2008-07-28; $126,16 ;0,005404559
2008-08-04; $129,37 ;0,025125573
2008-08-11; $130,17 ;0,006164773
2008-08-18; $129,65 ;-0,004002776
2008-08-25; $128,79 ;-0,006655341
2008-09-02; $124,42 ;-0,034520232
2008-09-08; $126,09 ;0,013332999
2008-09-15; $124,12 ;-0,015747098
2008-09-22; $120,85 ;-0,026698732
2008-09-29; $110,34 ;-0,090983599
2008-10-06; $88,50 ;-0,220563956
2008-10-13; $93,21 ;0,05185246
2008-10-20; $87,04 ;-0,068487229
2008-10-27; $96,83 ;0,106589081
2008-11-03; $93,86 ;-0,031152553
2008-11-10; $86,62 ;-0,080273575
2008-11-17; $79,52 ;-0,085522173
2008-11-24; $90,09 ;0,124800608
2008-12-01; $87,93 ;-0,024268127
2008-12-08; $88,99 ;0,01198296
2008-12-15; $88,19 ;-0,009030426
2008-12-22; $87,16 ;-0,011748068
2008-12-29; $92,96 ;0,064423783
2009-01-05; $89,09 ;-0,042522198
2009-01-12; $85,06 ;-0,046290205
2009-01-20; $83,11 ;-0,023191858
2009-01-26; $82,83 ;-0,003374717
2009-02-02; $86,98 ;0,048876396
2009-02-09; $82,76 ;-0,049721857
2009-02-17; $77,42 ;-0,066699708
2009-02-23; $73,93 ;-0,046126446
2009-03-02; $68,92 ;-0,070172288
2009-03-09; $76,09 ;0,098970439
2009-03-16; $76,71 ;0,008115228
2009-03-23; $81,61 ;0,061919726
2009-03-30; $84,26 ;0,031955453
2009-04-06; $85,81 ;0,018228293
2009-04-13; $87,08 ;0,014691687
2009-04-20; $86,66 ;-0,00483482
2009-04-27; $87,89 ;0,014093616
2009-05-04; $92,98 ;0,056298384
2009-05-11; $88,71 ;-0,047011794
2009-05-18; $89,02 ;0,003488441
2009-05-26; $92,53 ;0,038671853
2009-06-01; $94,55 ;0,021595879
2009-06-08; $95,08 ;0,005589847
2009-06-15; $92,04 ;-0,032495377
2009-06-22; $91,84 ;-0,002175333
2009-06-29; $89,81 ;-0,022351605
2009-07-06; $87,96 ;-0,020814162
2009-07-13; $94,13 ;0,06779464
2009-07-20; $98,06 ;0,040902731
2009-07-27; $98,81 ;0,007619278
2009-08-03; $101,20 ;0,023919705
2009-08-10; $100,79 ;-0,004079375
2009-08-17; $102,97 ;0,021398539
2009-08-24; $103,38 ;0,003973836
2009-08-31; $102,06 ;-0,012850644
2009-09-08; $104,77 ;0,026206596
2009-09-14; $106,72 ;0,018441111
2009-09-21; $104,45 ;-0,021500094
2009-09-28; $102,49 ;-0,018943255
2009-10-05; $107,26 ;0,045490561
2009-10-12; $108,89 ;0,015082405
2009-10-19; $108,08 ;-0,007466505
2009-10-26; $103,56 ;-0,042720539
2009-11-02; $107,13 ;0,033891895
2009-11-09; $109,62 ;0,022976789
2009-11-16; $109,43 ;-0,001734764
2009-11-23; $109,57 ;0,001278539
2009-11-30; $111,01 ;0,013056673
2009-12-07; $111,11 ;0,000900414
2009-12-14; $110,21 ;-0,008133065
2009-12-21; $112,48 ;0,020387791
2009-12-28; $111,44 ;-0,009289099
2010-01-04; $114,57 ;0,02769966
2010-01-11; $113,64 ;-0,008150433
2010-01-19; $109,21 ;-0,039762923
2010-01-25; $107,39 ;-0,016805566
2010-02-01; $106,66 ;-0,006820863
2010-02-08; $108,04 ;0,012855324
2010-02-16; $111,14 ;0,028289139
2010-02-22; $110,74 ;-0,003605556
2010-03-01; $114,25 ;0,031203918
2010-03-08; $115,46 ;0,01053512
2010-03-15; $115,97 ;0,004407387
2010-03-22; $116,58 ;0,005263351
2010-03-29; $117,80 ;0,010393383
2010-04-05; $119,55 ;0,014746423
2010-04-12; $119,36 ;-0,001590557
2010-04-19; $121,81 ;0,020338841
2010-04-26; $118,81 ;-0,024936357
2010-05-03; $111,26 ;-0,065676816
2010-05-10; $113,89 ;0,023363266
2010-05-17; $109,12 ;-0,042830698
2010-05-24; $109,37 ;0,002325114
2010-06-01; $106,82 ;-0,023582311
2010-06-07; $109,68 ;0,02642186
2010-06-14; $111,73 ;0,018509261
2010-06-21; $107,87 ;-0,035172674
2010-06-28; $102,20 ;-0,053971944
2010-07-06; $107,96 ;0,05482911
2010-07-12; $106,66 ;-0,012114583
2010-07-19; $110,41 ;0,034554504
2010-07-26; $110,27 ;-0,001268806
2010-08-02; $112,39 ;0,019060857
2010-08-09; $108,31 ;-0,036995275
2010-08-16; $107,53 ;-0,007227607
2010-08-23; $106,86 ;-0,006250312
2010-08-30; $110,89 ;0,037019152
2010-09-07; $111,48 ;0,005324424
2010-09-13; $112,49 ;0,009001186
2010-09-20; $114,82 ;0,020501356
2010-09-27; $114,61 ;-0,001830624
2010-10-04; $116,54 ;0,016678049
2010-10-11; $117,70 ;0,009925905
2010-10-18; $118,35 ;0,005481973
2010-10-25; $118,49 ;0,001207582
2010-11-01; $122,73 ;0,035117511
2010-11-08; $120,20 ;-0,020805697
2010-11-15; $120,29 ;0,000765111
2010-11-22; $119,29 ;-0,008347991
2010-11-29; $122,89 ;0,029732143
2010-12-06; $124,48 ;0,012855414
2010-12-13; $124,30 ;-0,001447062
2010-12-20; $125,60 ;0,010404256
2010-12-27; $125,75 ;0,001193555
2011-01-03; $127,14 ;0,010993033
2011-01-10; $129,30 ;0,016846444
2011-01-18; $128,37 ;-0,007218567
2011-01-24; $127,72 ;-0,005076351
2011-01-31; $131,15 ;0,026501338
2011-02-07; $133,11 ;0,014834148
2011-02-14; $134,53 ;0,010611368
2011-02-22; $132,33 ;-0,01648842
2011-02-28; $132,47 ;0,001057402
2011-03-07; $130,84 ;-0,012381002
2011-03-14; $127,76 ;-0,023821699
2011-03-21; $131,30 ;0,027331277
2011-03-28; $133,15 ;0,013991531
2011-04-04; $132,86 ;-0,00218037
2011-04-11; $132,04 ;-0,006191035
2011-04-18; $133,78 ;0,013091753
2011-04-25; $136,43 ;0,019615003
2011-05-02; $134,20 ;-0,016480438
2011-05-09; $134,04 ;-0,001192962
2011-05-16; $133,61 ;-0,003213154
2011-05-23; $133,51 ;-0,000748727
2011-05-31; $130,42 ;-0,023416369
2011-06-06; $127,60 ;-0,021859641
2011-06-13; $127,05 ;-0,004319661
2011-06-20; $126,81 ;-0,001890807
2011-06-27; $133,92 ;0,054552703
2011-07-05; $134,40 ;0,003577821
2011-07-11; $131,69 ;-0,020369752
2011-07-18; $134,58 ;0,021708142
2011-07-25; $129,33 ;-0,03979154
2011-08-01; $120,08 ;-0,07420909
2011-08-08; $118,12 ;-0,01645713
2011-08-15; $112,64 ;-0,047504164
2011-08-22; $117,97 ;0,046233462
2011-08-29; $117,85 ;-0,001017725
2011-09-06; $115,92 ;-0,016512331
2011-09-12; $121,52 ;0,047186789
2011-09-19; $113,54 ;-0,06793189
2011-09-26; $113,15 ;-0,003440826
2011-10-03; $115,71 ;0,022372689
2011-10-10; $122,57 ;0,057595234
2011-10-17; $123,97 ;0,011357305
2011-10-24; $128,60 ;0,036667211
2011-10-31; $125,48 ;-0,024552459
2011-11-07; $126,66 ;0,009351978
2011-11-14; $121,98 ;-0,037657432
2011-11-21; $116,34 ;-0,04733196
2011-11-28; $124,86 ;0,070676171
2011-12-05; $126,05 ;0,009485544
2011-12-12; $121,59 ;-0,036023924
2011-12-19; $126,39 ;0,038717635
2011-12-27; $125,50 ;-0,007066606
2012-01-03; $127,71 ;0,01745631
2012-01-09; $128,84 ;0,008809256
2012-01-17; $131,95 ;0,023851738
2012-01-23; $131,82 ;-0,000985707
2012-01-30; $134,54 ;0,020424197
2012-02-06; $134,36 ;-0,001331345
2012-02-13; $136,41 ;0,015134849
2012-02-21; $136,93 ;0,00380479
2012-02-27; $137,31 ;0,002785862
2012-03-05; $137,57 ;0,00187717
2012-03-12; $140,30 ;0,019650109
2012-03-19; $139,65 ;-0,004643695
2012-03-26; $140,81 ;0,008272172
2012-04-02; $139,79 ;-0,007270167
2012-04-09; $137,14 ;-0,019138995
2012-04-16; $137,95 ;0,005888999
2012-04-23; $140,39 ;0,017532963
2012-04-30; $137,00 ;-0,024443338
2012-05-07; $135,61 ;-0,010197807
2012-05-14; $129,74 ;-0,044250671
2012-05-21; $132,10 ;0,018026764
2012-05-29; $128,16 ;-0,030279728
2012-06-04; $133,10 ;0,037821242
2012-06-11; $134,14 ;0,007783305
2012-06-18; $133,46 ;-0,005082223
2012-06-25; $136,11 ;0,019624839
2012-07-02; $135,49 ;-0,00452881
2012-07-09; $135,75 ;0,001917122
2012-07-16; $136,47 ;0,005289851
2012-07-23; $138,68 ;0,016028256
2012-07-30; $139,35 ;0,004848512
2012-08-06; $140,84 ;0,010642917
2012-08-13; $142,18 ;0,009469366
2012-08-20; $141,51 ;-0,004723475
2012-08-27; $141,16 ;-0,002476387
2012-09-04; $144,33 ;0,022208346
2012-09-10; $147,24 ;0,019961564
2012-09-17; $145,87 ;-0,009348094
2012-09-24; $143,97 ;-0,01311087
2012-10-01; $146,14 ;0,014960122
2012-10-08; $142,89 ;-0,022489963
2012-10-15; $143,39 ;0,003490298
2012-10-22; $141,35 ;-0,014326317
2012-10-31; $141,56 ;0,001484571
2012-11-05; $138,16 ;-0,024311222
2012-11-12; $136,37 ;-0,013040654
2012-11-19; $141,35 ;0,035867304
2012-11-26; $142,16 ;0,005678927
2012-12-03; $142,42 ;0,001827319
2012-12-10; $142,11 ;-0,002178406
2012-12-17; $142,79 ;0,004808095
2012-12-24; $140,03 ;-0,019518334
2012-12-31; $146,37 ;0,044280977
2013-01-07; $147,07 ;0,004771001
2013-01-14; $148,33 ;0,008530857
2013-01-22; $150,25 ;0,012861052
2013-01-28; $151,24 ;0,006567406
2013-02-04; $151,80 ;0,003695886
2013-02-11; $152,11 ;0,002040078
2013-02-19; $151,89 ;-0,001447369
2013-02-25; $152,11 ;0,001447369
2013-03-04; $155,44 ;0,021655862
2013-03-11; $155,83 ;0,002505864
2013-03-18; $155,60 ;-0,001477058
2013-03-25; $156,67 ;0,006853071
2013-04-01; $155,16 ;-0,00969773
2013-04-08; $158,80 ;0,023201596
2013-04-15; $155,48 ;-0,021128443
2013-04-22; $158,24 ;0,017595762
2013-04-29; $161,37 ;0,019574603
2013-05-06; $163,41 ;0,012574909
2013-05-13; $166,94 ;0,021372086
2013-05-20; $165,31 ;-0,009824066
2013-05-28; $163,45 ;-0,011333858
2013-06-03; $164,80 ;0,008256075
2013-06-10; $163,18 ;-0,009909373
2013-06-17; $159,07 ;-0,025478888
2013-06-24; $160,42 ;0,008451019
2013-07-01; $163,02 ;0,016077517
2013-07-08; $167,51 ;0,027170158
2013-07-15; $169,17 ;0,009861076
2013-07-22; $169,11 ;-0,000354736
2013-07-29; $170,95 ;0,010821725
2013-08-05; $169,31 ;-0,009639762
2013-08-12; $165,83 ;-0,020768187
2013-08-19; $166,62 ;0,004752603
2013-08-26; $163,65 ;-0,01798577
2013-09-03; $166,04 ;0,014498722
2013-09-09; $169,33 ;0,01962075
2013-09-16; $170,72 ;0,008175314
2013-09-23; $168,91 ;-0,010664679
2013-09-30; $168,89 ;-0,000112493
2013-10-07; $170,26 ;0,008079065
2013-10-14; $174,39 ;0,023956021
2013-10-21; $175,95 ;0,008917162
2013-10-28; $176,21 ;0,001476602
2013-11-04; $177,29 ;0,006110344
2013-11-11; $180,05 ;0,01544778
2013-11-18; $180,81 ;0,004212166
2013-11-25; $181,00 ;0,001050275
2013-12-02; $180,94 ;-0,000331547
2013-12-09; $178,11 ;-0,015764148
2013-12-16; $181,56 ;0,019184841
2013-12-23; $183,85 ;0,012506834
2013-12-30; $182,89 ;-0,005235471
2014-01-06; $184,14 ;0,006838798
2014-01-13; $183,64 ;-0,002746246
2014-01-21; $178,89 ;-0,026179
2014-01-27; $178,18 ;-0,003976817
2014-02-03; $179,68 ;0,008383216
2014-02-10; $184,02 ;0,023866956
2014-02-18; $183,89 ;-0,000706695
2014-02-24; $186,29 ;0,012966847
2014-03-03; $188,26 ;0,010519387
2014-03-10; $184,66 ;-0,01930769
2014-03-17; $186,20 ;0,008305068
2014-03-24; $185,49 ;-0,003820393
2014-03-31; $186,40 ;0,00489393
2014-04-07; $181,51 ;-0,026584154
2014-04-14; $186,39 ;0,026530504
2014-04-21; $186,29 ;-0,000536653
2014-04-28; $188,06 ;0,009456462
2014-05-05; $187,96 ;-0,000531887
2014-05-12; $188,05 ;0,000478711
2014-05-19; $190,35 ;0,012156598
2014-05-27; $192,68 ;0,012166299
2014-06-02; $195,38 ;0,013890007
2014-06-09; $194,13 ;-0,006392751
2014-06-16; $195,94 ;0,009280452
2014-06-23; $195,82 ;-0,00061262
2014-06-30; $198,20 ;0,012080752
2014-07-07; $196,61 ;-0,008054551
2014-07-14; $197,71 ;0,005578734
2014-07-21; $197,72 ;5,10836E-05
2014-07-28; $192,50 ;-0,026755735
2014-08-04; $193,24 ;0,003836786
2014-08-11; $195,72 ;0,012752127
2014-08-18; $199,19 ;0,017574077
2014-08-25; $200,71 ;0,007601937
2014-09-02; $201,11 ;0,001990942
2014-09-08; $199,13 ;-0,009894144
2014-09-15; $200,70 ;0,007853378
2014-09-22; $197,90 ;-0,014049403
2014-09-29; $196,52 ;-0,006997645
2014-10-06; $190,54 ;-0,030902061
2014-10-13; $188,47 ;-0,010923303
2014-10-20; $196,43 ;0,041367291
2014-10-27; $201,66 ;0,026276977
2014-11-03; $203,34 ;0,008296344
2014-11-10; $204,24 ;0,004416318
2014-11-17; $206,68 ;0,01187593
2014-11-24; $207,20 ;0,002512807
2014-12-01; $208,00 ;0,003853569
2014-12-08; $200,89 ;-0,034780585
2014-12-15; $206,52 ;0,027639765
2014-12-22; $208,44 ;0,00925397
2014-12-29; $205,43 ;-0,014545887
2015-01-05; $204,25 ;-0,00576061
2015-01-12; $201,63 ;-0,012910399
2015-01-20; $204,97 ;0,016429292
2015-01-26; $199,45 ;-0,027300049
2015-02-02; $205,55 ;0,030125735
2015-02-09; $209,78 ;0,020370049
2015-02-17; $211,24 ;0,006930831
2015-02-23; $210,66 ;-0,002744734
2015-03-02; $207,50 ;-0,01511412
2015-03-09; $205,83 ;-0,008094358
2015-03-16; $210,41 ;0,022021026
2015-03-23; $205,74 ;-0,022444773
2015-03-30; $206,44 ;0,003372357
2015-04-06; $210,04 ;0,017312396
2015-04-13; $207,95 ;-0,010000323
2015-04-20; $211,65 ;0,017635828
2015-04-27; $210,72 ;-0,004403256
2015-05-04; $211,62 ;0,004261975
2015-05-11; $212,44 ;0,003867382
2015-05-18; $212,99 ;0,002585621
2015-05-26; $211,14 ;-0,008723796
2015-06-01; $209,77 ;-0,006509728
2015-06-08; $210,01 ;0,001143456
2015-06-15; $210,81 ;0,003802105
2015-06-22; $209,82 ;-0,004707234
2015-06-29; $207,31 ;-0,012034763
2015-07-06; $207,48 ;0,000819692
2015-07-13; $212,48 ;0,023812917
2015-07-20; $208,00 ;-0,021309787
2015-07-27; $210,50 ;0,011947573
2015-08-03; $207,95 ;-0,012187987
2015-08-10; $209,42 ;0,007044139
2015-08-17; $197,83 ;-0,056933729
2015-08-24; $199,28 ;0,007302795
2015-08-31; $192,59 ;-0,034147294
2015-09-08; $196,74 ;0,021319483
2015-09-14; $195,45 ;-0,006578468
2015-09-21; $192,85 ;-0,013391908
2015-09-28; $195,00 ;0,011086874
2015-10-05; $201,33 ;0,031945794
2015-10-12; $203,27 ;0,009589792
2015-10-19; $207,51 ;0,020644387
2015-10-26; $207,93 ;0,002021953
2015-11-02; $210,04 ;0,010096504
2015-11-09; $202,54 ;-0,036360591
2015-11-16; $209,31 ;0,032882831
2015-11-23; $209,56 ;0,001189866
2015-11-30; $209,62 ;0,000286273
2015-12-07; $201,88 ;-0,037622906
2015-12-14; $200,02 ;-0,0092521
2015-12-21; $205,68 ;0,027900202
2015-12-28; $203,87 ;-0,008839027
2016-01-04; $191,92 ;-0,060388286
2016-01-11; $187,81 ;-0,021663436
2016-01-19; $190,52 ;0,014326362
2016-01-25; $193,72 ;0,016660771
2016-02-01; $187,95 ;-0,030241977
2016-02-08; $186,63 ;-0,007047923
2016-02-16; $192,00 ;0,028367325
2016-02-22; $195,09 ;0,015961518
2016-02-29; $200,43 ;0,027008169
2016-03-07; $202,76 ;0,011557955
2016-03-14; $204,38 ;0,007957993
2016-03-21; $203,12 ;-0,006184069
2016-03-28; $206,92 ;0,018535308
2016-04-04; $204,50 ;-0,011768182
2016-04-11; $207,78 ;0,015915764
2016-04-18; $208,97 ;0,005710873
2016-04-25; $206,33 ;-0,012709995
2016-05-02; $205,72 ;-0,002964685
2016-05-09; $204,76 ;-0,004677459
2016-05-16; $205,49 ;0,003558809
2016-05-23; $210,24 ;0,022852364
2016-05-31; $210,28 ;0,000190241
2016-06-06; $210,07 ;-0,000999167
2016-06-13; $206,52 ;-0,017043548
2016-06-20; $203,13 ;-0,016551092
2016-06-27; $209,92 ;0,032884149
2016-07-05; $212,65 ;0,012917305
2016-07-11; $215,83 ;0,014843439
2016-07-18; $217,24 ;0,006511672
2016-07-25; $217,12 ;-0,000552537
2016-08-01; $218,18 ;0,004870214
2016-08-08; $218,46 ;0,001282521
2016-08-15; $218,54 ;0,000366133
2016-08-22; $217,29 ;-0,005736197
2016-08-29; $218,37 ;0,004958005
2016-09-06; $213,28 ;-0,023585015
2016-09-12; $213,37 ;0,000421891
2016-09-19; $215,99 ;0,012204362
2016-09-26; $216,30 ;0,001434223
2016-10-03; $215,04 ;-0,005842276
2016-10-10; $213,12 ;-0,00896867
2016-10-17; $213,98 ;0,004027165
2016-10-24; $212,54 ;-0,006752347
2016-10-31; $208,55 ;-0,018951385
2016-11-07; $216,42 ;0,037042144
2016-11-14; $218,50 ;0,00956505
2016-11-21; $221,52 ;0,013726864
2016-11-28; $219,68 ;-0,008340937
2016-12-05; $226,51 ;0,030617152
2016-12-12; $225,04 ;-0,00651093
2016-12-19; $225,71 ;0,002972825
2016-12-27; $223,53 ;-0,009705356
2017-01-03; $227,21 ;0,016329067
2017-01-09; $227,05 ;-0,000704442
2017-01-17; $226,74 ;-0,001366271
2017-01-23; $228,97 ;0,009787004
2017-01-30; $229,34 ;0,001614628
2017-02-06; $231,51 ;0,009417451
2017-02-13; $235,09 ;0,01534535
2017-02-21; $236,74 ;0,006994073
2017-02-27; $238,42 ;0,007071332
2017-03-06; $237,69 ;-0,003066521
2017-03-13; $237,03 ;-0,002780588
2017-03-20; $233,86 ;-0,01346407
2017-03-27; $235,74 ;0,008006857
2017-04-03; $235,20 ;-0,002293287
2017-04-10; $232,51 ;-0,011502981
2017-04-17; $234,59 ;0,008906075
2017-04-24; $238,08 ;0,014767442
2017-05-01; $239,70 ;0,00678139
2017-05-08; $238,98 ;-0,003008275
2017-05-15; $238,31 ;-0,002807519
2017-05-22; $241,71 ;0,014166313
2017-05-30; $244,17 ;0,010126044
2017-06-05; $243,41 ;-0,00311744
2017-06-12; $242,64 ;-0,003168401
2017-06-19; $243,13 ;0,002017416
2017-06-26; $241,80 ;-0,005485342
2017-07-03; $242,11 ;0,00128123
2017-07-10; $245,56 ;0,014149148
2017-07-17; $246,88 ;0,005361072
2017-07-24; $246,91 ;0,000121509
2017-07-31; $247,41 ;0,002022982
2017-08-07; $244,12 ;-0,013386972
2017-08-14; $242,71 ;-0,005792593
2017-08-21; $244,56 ;0,007593363
2017-08-28; $247,84 ;0,013322699
2017-09-05; $246,58 ;-0,005096892
2017-09-11; $249,19 ;0,010529173
2017-09-18; $249,44 ;0,001002748
2017-09-25; $251,23 ;0,007150449
2017-10-02; $254,37 ;0,012421046
2017-10-09; $254,95 ;0,002277548
2017-10-16; $257,11 ;0,008436561
2017-10-23; $257,71 ;0,002330913
2017-10-30; $258,45 ;0,00286733
2017-11-06; $258,09 ;-0,00139389
2017-11-13; $257,86 ;-0,000891559
2017-11-20; $260,36 ;0,009648487
2017-11-27; $264,46 ;0,015624722
2017-12-04; $265,51 ;0,003962494
2017-12-11; $266,51 ;0,003759262
2017-12-18; $267,51 ;0,003745182
2017-12-26; $266,86 ;-0,002432773
2018-01-02; $273,42 ;0,024284898
2018-01-08; $277,92 ;0,016324228
2018-01-16; $280,41 ;0,008919515
2018-01-22; $286,58 ;0,021764911
2018-01-29; $275,45 ;-0,039611605
2018-02-05; $261,50 ;-0,05197184
2018-02-12; $273,11 ;0,043440361
2018-02-20; $274,71 ;0,005841351
2018-02-26; $269,08 ;-0,020707263
2018-03-05; $278,87 ;0,03573699
2018-03-12; $274,20 ;-0,016887956
2018-03-19; $258,05 ;-0,060704403
2018-03-26; $263,15 ;0,019570847
2018-04-02; $259,72 ;-0,013120084
2018-04-09; $265,15 ;0,020691576
2018-04-16; $266,61 ;0,005491213
2018-04-23; $266,56 ;-0,000187557
2018-04-30; $266,02 ;-0,002027865
2018-05-07; $272,85 ;0,0253507
2018-05-14; $271,33 ;-0,005586401
2018-05-21; $272,15 ;0,003017593
2018-05-29; $273,60 ;0,005313801
2018-06-04; $278,19 ;0,016637148
2018-06-11; $277,13 ;-0,003817623
2018-06-18; $274,74 ;-0,008661514
2018-06-25; $271,28 ;-0,012673698
2018-07-02; $275,42 ;0,015145707
2018-07-09; $279,59 ;0,015027039
2018-07-16; $279,68 ;0,000321848
2018-07-23; $281,42 ;0,006202123
2018-07-30; $283,60 ;0,007716579
2018-08-06; $283,16 ;-0,001552686
2018-08-13; $285,06 ;0,006687576
2018-08-20; $287,51 ;0,008557958
2018-08-27; $290,31 ;0,009691675
2018-09-04; $287,60 ;-0,009378692
2018-09-10; $290,88 ;0,011340185
2018-09-17; $291,99 ;0,003808744
2018-09-24; $290,72 ;-0,00435895
2018-10-01; $287,82 ;-0,01002532
2018-10-08; $275,95 ;-0,042115595
2018-10-15; $276,25 ;0,001086563
2018-10-22; $265,33 ;-0,040331919
2018-10-29; $271,89 ;0,024423238
2018-11-05; $277,76 ;0,021359859
2018-11-12; $273,73 ;-0,014615212
2018-11-19; $263,25 ;-0,039038068
2018-11-26; $275,65 ;0,046027794
2018-12-03; $263,57 ;-0,044812958
2018-12-10; $260,47 ;-0,011831296
2018-12-17; $240,70 ;-0,078936347
2018-12-24; $247,75 ;0,028868828
2018-12-31; $252,39 ;0,018555337
2019-01-07; $258,98 ;0,025775328
2019-01-14; $266,46 ;0,0284733
2019-01-22; $265,78 ;-0,00255524
2019-01-28; $270,06 ;0,015975258
2019-02-04; $270,47 ;0,00151703
2019-02-11; $277,37 ;0,025191169
2019-02-19; $279,14 ;0,006361093
2019-02-25; $280,42 ;0,004575031
2019-03-04; $274,46 ;-0,021482948
2019-03-11; $281,31 ;0,024651733
2019-03-18; $279,25 ;-0,007349826
2019-03-25; $282,48 ;0,011500314
2019-04-01; $288,57 ;0,021329939
2019-04-08; $290,16 ;0,005494804
2019-04-15; $290,02 ;-0,000482609
2019-04-22; $293,41 ;0,011621062
2019-04-29; $294,03 ;0,002110855
2019-05-06; $288,10 ;-0,020374161
2019-05-13; $285,84 ;-0,007875428
2019-05-20; $282,78 ;-0,010763004
2019-05-28; $275,27 ;-0,026916776
2019-06-03; $287,65 ;0,043992029
2019-06-10; $289,26 ;0,005581474
2019-06-17; $294,00 ;0,01625383
2019-06-24; $293,00 ;-0,003407158
2019-07-01; $298,46 ;0,018463311
2019-07-08; $300,65 ;0,007310877
2019-07-15; $297,17 ;-0,011642432
2019-07-22; $302,01 ;0,016155764
2019-07-29; $292,62 ;-0,03158529
2019-08-05; $291,62 ;-0,003423254
2019-08-12; $288,85 ;-0,009544063
2019-08-19; $284,85 ;-0,013944796
2019-08-26; $292,45 ;0,026330986
2019-09-03; $298,05 ;0,018967546
2019-09-09; $301,09 ;0,010147966
2019-09-16; $298,28 ;-0,009376581
2019-09-23; $295,40 ;-0,009702273
2019-09-30; $294,35 ;-0,003560835
2019-10-07; $296,28 ;0,006535418
2019-10-14; $297,97 ;0,005687857
2019-10-21; $301,60 ;0,012108826
2019-10-28; $306,14 ;0,014940878
2019-11-04; $308,94 ;0,00910457
2019-11-11; $311,79 ;0,009182801
2019-11-18; $310,96 ;-0,002665598
2019-11-25; $314,31 ;0,010715473
2019-12-02; $314,87 ;0,001780095
2019-12-09; $317,32 ;0,007750873
2019-12-16; $320,73 ;0,010688919
2019-12-23; $322,86 ;0,006619145
2019-12-30; $322,41 ;-0,001394765
2020-01-06; $325,71 ;0,010183387
2020-01-13; $331,95 ;0,01897694
2020-01-21; $328,77 ;-0,009625937
2020-01-27; $321,73 ;-0,021645734
2020-02-03; $332,20 ;0,032024513
2020-02-10; $337,60 ;0,016124566
2020-02-18; $333,48 ;-0,012278869
2020-02-24; $296,26 ;-0,118345446
2020-03-02; $297,46 ;0,004042315
2020-03-09; $269,32 ;-0,099379498
2020-03-16; $228,80 ;-0,163052004
2020-03-23; $253,42 ;0,102199932
2020-03-30; $248,19 ;-0,02085361
2020-04-06; $278,20 ;0,114145698
2020-04-13; $286,64 ;0,029886794
2020-04-20; $282,97 ;-0,012886188
2020-04-27; $282,79 ;-0,000636312
2020-05-04; $292,44 ;0,033554945
2020-05-11; $286,28 ;-0,021289165
2020-05-18; $295,44 ;0,031495418
2020-05-26; $304,32 ;0,029614009
2020-06-01; $319,34 ;0,048176587
2020-06-08; $304,21 ;-0,048538114
2020-06-15; $308,64 ;0,014457297
2020-06-22; $300,05 ;-0,028226422
2020-06-29; $312,23 ;0,039790968
2020-07-06; $317,59 ;0,017021147
2020-07-13; $321,72 ;0,012920359
2020-07-20; $320,88 ;-0,002614381
2020-07-27; $326,52 ;0,017423981
2020-08-03; $334,57 ;0,024354923
2020-08-10; $336,84 ;0,006761915
2020-08-17; $339,48 ;0,007806995
2020-08-24; $350,58 ;0,032173891
2020-08-31; $342,57 ;-0,023112909
2020-09-08; $334,06 ;-0,025155399
2020-09-14; $330,65 ;-0,010260203
2020-09-21; $328,73 ;-0,005823669
2020-09-28; $333,84 ;0,015425091
2020-10-05; $346,85 ;0,038230574
2020-10-12; $347,29 ;0,001267756
2020-10-19; $345,78 ;-0,004357431
2020-10-26; $326,54 ;-0,057250282
2020-11-02; $350,16 ;0,06983774
2020-11-09; $358,10 ;0,022422084
2020-11-16; $355,33 ;-0,007765342
2020-11-23; $363,67 ;0,023199928
2020-11-30; $369,85 ;0,016850655
2020-12-07; $366,30 ;-0,009644848
2020-12-14; $369,18 ;0,00783166
2020-12-21; $369,00 ;-0,000487686
2020-12-28; $373,88 ;0,013138246
2021-01-04; $381,26 ;0,019546667
2021-01-11; $375,70 ;-0,014690605
2021-01-19; $382,88 ;0,018930672
2021-01-25; $370,07 ;-0,034029447
2021-02-01; $387,71 ;0,046565461
2021-02-08; $392,64 ;0,012635524
2021-02-16; $390,03 ;-0,006669502
2021-02-22; $380,36 ;-0,025105487
2021-03-01; $383,63 ;0,008560374
2021-03-08; $394,06 ;0,026824636
2021-03-15; $389,48 ;-0,011690666
2021-03-22; $395,98 ;0,016551189
2021-03-29; $400,61 ;0,011624681
2021-04-05; $411,49 ;0,026796333
2021-04-12; $417,26 ;0,01392481
2021-04-19; $416,74 ;-0,001247003
2021-04-26; $417,30 ;0,001342861
2021-05-03; $422,12 ;0,011484246
2021-05-10; $416,58 ;-0,013211114
2021-05-17; $414,94 ;-0,003944589
2021-05-24; $420,04 ;0,012216013
2021-06-01; $422,60 ;0,00607616
2021-06-07; $424,31 ;0,004038215
2021-06-14; $414,92 ;-0,02237859
2021-06-21; $426,61 ;0,027784516
2021-06-28; $433,72 ;0,016528918
2021-07-06; $435,52 ;0,004141555
2021-07-12; $431,34 ;-0,009644077
2021-07-19; $439,94 ;0,019741712
2021-07-26; $438,51 ;-0,003255737
2021-08-02; $442,49 ;0,009035249
2021-08-09; $445,92 ;0,007721698
2021-08-16; $443,36 ;-0,005757483
2021-08-23; $450,25 ;0,015420903
2021-08-30; $453,08 ;0,006265726
2021-09-07; $445,44 ;-0,017006153
2021-09-13; $441,40 ;-0,009111064
2021-09-20; $443,91 ;0,005670345
2021-09-27; $434,24 ;-0,022024463
2021-10-04; $437,86 ;0,008301848
2021-10-11; $445,87 ;0,018128205
2021-10-18; $453,12 ;0,016129561
2021-10-25; $459,25 ;0,013437733
2021-11-01; $468,53 ;0,02000541
2021-11-08; $467,27 ;-0,002692885
2021-11-15; $468,89 ;0,00346095
2021-11-22; $458,97 ;-0,021383351
2021-11-29; $453,42 ;-0,012166
2021-12-06; $470,74 ;0,037487076
2021-12-13; $459,87 ;-0,023362084
2021-12-20; $470,60 ;0,023064635
2021-12-27; $474,96 ;0,009222114
2022-01-03; $466,09 ;-0,018851841
2022-01-10; $464,72 ;-0,002943675
2022-01-18; $437,98 ;-0,059261826
2022-01-24; $441,95 ;0,009023506
2022-01-31; $448,70 ;0,015157759
2022-02-07; $440,46 ;-0,018534878
2022-02-14; $434,23 ;-0,014245288
2022-02-22; $437,75 ;0,008073624
2022-02-28; $432,17 ;-0,012828942
2022-03-07; $420,07 ;-0,028397665
2022-03-14; $444,52 ;0,056573684
2022-03-21; $452,69 ;0,018212516
2022-03-28; $452,92 ;0,000507945
2022-04-04; $447,57 ;-0,011882559
2022-04-11; $437,79 ;-0,022093607
2022-04-18; $426,04 ;-0,027206105
2022-04-25; $412,00 ;-0,033509889
2022-05-02; $411,34 ;-0,001603226
2022-05-09; $401,72 ;-0,023664795
2022-05-16; $389,63 ;-0,030557758
2022-05-23; $415,26 ;0,063707259
2022-05-31; $410,54 ;-0,011431464
2022-06-06; $389,80 ;-0,051839579
2022-06-13; $365,86 ;-0,063383041
2022-06-21; $390,08 ;0,0641011
2022-06-27; $381,24 ;-0,022922748
2022-07-05; $388,67 ;0,019301556
2022-07-11; $385,13 ;-0,009149715
2022-07-18; $395,09 ;0,025532647
2022-07-25; $411,99 ;0,04188549
2022-08-01; $413,47 ;0,003585883
2022-08-08; $427,10 ;0,032433217
2022-08-15; $422,14 ;-0,011681165
2022-08-22; $405,31 ;-0,040684806
2022-08-29; $392,24 ;-0,032778309
2022-09-06; $406,60 ;0,035956004
2022-09-12; $385,56 ;-0,053133078
2022-09-19; $367,95 ;-0,046749764
2022-09-26; $357,18 ;-0,029707203
2022-10-03; $362,79 ;0,015584298
2022-10-10; $357,63 ;-0,014325222
2022-10-17; $374,29 ;0,045531966
2022-10-24; $389,02 ;0,038599858
2022-10-31; $376,35 ;-0,033111195
2022-11-07; $398,51 ;0,057213031
2022-11-14; $396,03 ;-0,006242626
2022-11-21; $402,33 ;0,015782681
2022-11-28; $406,91 ;0,011319383
2022-12-05; $393,28 ;-0,034070204
2022-12-12; $383,27 ;-0,025782125
2022-12-19; $382,91 ;-0,000939727
2022-12-27; $382,43 ;-0,001254345
2023-01-03; $388,08 ;0,014665874
2023-01-09; $398,50 ;0,026495994
2023-01-17; $395,88 ;-0,006596363
2023-01-23; $405,68 ;0,024453536
2023-01-30; $412,35 ;0,016307832
2023-02-06; $408,04 ;-0,010507294
2023-02-13; $407,26 ;-0,001913407
2023-02-21; $396,38 ;-0,027078455
2023-02-27; $404,19 ;0,019511717
2023-03-06; $385,91 ;-0,046280883
2023-03-13; $389,99 ;0,010516916
2023-03-20; $395,75 ;0,014661601
2023-03-27; $409,39 ;0,033885548
2023-04-03; $409,19 ;-0,000488651
2023-04-10; $412,46 ;0,007959636
2023-04-17; $412,20 ;-0,000630563
2023-04-24; $415,93 ;0,009008308
2023-05-01; $412,63 ;-0,007965669
2023-05-08; $411,59 ;-0,002523599
2023-05-15; $418,62 ;0,016935879
2023-05-22; $420,02 ;0,003338742
2023-05-30; $427,92 ;0,018633933
2023-06-05; $429,90 ;0,004616361
2023-06-12; $439,46 ;0,021994077
2023-06-20; $433,21 ;-0,014324102
2023-06-26; $443,28 ;0,022979026
2023-07-03; $438,55 ;-0,010727794
2023-07-10; $449,28 ;0,024172471
2023-07-17; $452,18 ;0,006434029
2023-07-24; $456,92 ;0,01042799
2023-07-31; $446,81 ;-0,022374873
2023-08-07; $445,65 ;-0,002599558
2023-08-14; $436,50 ;-0,020745515
2023-08-21; $439,97 ;0,007918167
2023-08-28; $451,19 ;0,025181994
2023-09-05; $445,52 ;-0,012646398
2023-09-11; $443,37 ;-0,004837503
2023-09-18; $430,42 ;-0,02964316
2023-09-25; $427,48 ;-0,006853973
2023-10-02; $429,54 ;0,004807365
2023-10-09; $431,50 ;0,004552642
2023-10-16; $421,19 ;-0,024183472
2023-10-23; $410,68 ;-0,025269716
2023-10-30; $434,69 ;0,056818811
2023-11-06; $440,61 ;0,013526997
2023-11-13; $450,79 ;0,022841469
2023-11-20; $455,30 ;0,009954943
2023-11-27; $459,10 ;0,008311509
2023-12-04; $460,20 ;0,002393126
2023-12-11; $469,33 ;0,019644968
2023-12-18; $473,65 ;0,009162507
2023-12-26; $475,31 ;0,00349857
2024-01-02; $467,92 ;-0,015669882
2024-01-08; $476,68 ;0,018548065
2024-01-16; $482,43 ;0,011990426
2024-01-22; $487,41 ;0,010269825
2024-01-29; $494,35 ;0,01413811
2024-02-05; $501,20 ;0,013761455
2024-02-12; $499,51 ;-0,003377605
2024-02-20; $507,85 ;0,01655851
2024-02-26; $512,85 ;0,009797276
2024-03-04; $511,72 ;-0,002205804
2024-03-11; $509,83 ;-0,003700264
2024-03-18; $521,21 ;0,022075695
2024-03-25; $523,07 ;0,003562267
2024-04-01; $518,43 ;-0,008910285
2024-04-08; $510,85 ;-0,014729009
2024-04-15; $495,16 ;-0,031195062
2024-04-22; $508,26 ;0,026112185
2024-04-29; $511,29 ;0,005943816
2024-05-06; $520,84 ;0,018505949
2024-05-13; $529,45 ;0,016395839
2024-05-20; $529,44 ;-1,88877E-05
2024-05-28; $527,37 ;-0,003917455
2024-06-03; $534,01 ;0,012512176
2024-06-10; $542,78 ;0,016289516
2024-06-17; $544,51 ;0,003182226
2024-06-24; $544,22 ;-0,000532731
2024-07-01; $554,64 ;0,018965678
2024-07-08; $559,99 ;0,009599672
2024-07-15; $548,99 ;-0,0198387
2024-07-22; $544,44 ;-0,008322483
2024-07-29; $532,90 ;-0,021423954
2024-08-05; $532,99 ;0,000168873
2024-08-12; $554,31 ;0,039221435
2024-08-19; $562,13 ;0,014009043
2024-08-26; $563,68 ;0,002753575
2024-09-03; $540,36 ;-0,04225113
2024-09-09; $562,01 ;0,039284059
2024-09-16; $568,25 ;0,011041819
2024-09-23; $571,47 ;0,005650526
2024-09-30; $572,98 ;0,002638824
2024-10-07; $579,58 ;0,011452891
2024-10-14; $584,59 ;0,008607044
2024-10-21; $579,04 ;-0,009539187
2024-10-28; $571,04 ;-0,0139123
2024-11-04; $598,19 ;0,046449169
2024-11-11; $585,75 ;-0,021015352
2024-11-18; $595,51 ;0,016525104
2024-11-25; $602,55 ;0,011752468
2024-12-02; $607,81 ;0,008691684
2024-12-09; $604,21 ;-0,005940514
2024-12-16; $591,15 ;-0,021852027
2024-12-23; $595,01 ;0,00650842
2024-12-30; $591,95 ;-0,00515604
