Symbol,ExpRet,LastRet,Beta_MKT,Beta_SMB,Beta_HML,Beta_RMW,Beta_CMA,Sector,Weight,Side,Beta_MKT_contrib,Beta_SMB_contrib,Beta_HML_contrib,Beta_RMW_contrib,Beta_CMA_contrib
EQT,0.033648043761042294,0.015435000664557733,1.072380743886712,0.0121513413378363,-0.4728607964984722,-0.3325410057940047,1.744696210802592,Unknown,0.010571197842284892,Long,0.00430959836183016,4.8832843206209794e-05,-0.0019002953247534266,-0.001336389320659597,0.007011446237569193
CF,0.013806765114349232,-0.047187081084406314,0.9424212536405282,0.4938945235590884,0.5738115237206156,-0.330418241358218,0.5598042388415867,Unknown,0.00954820470230711,Long,0.0037873275084396754,0.001984823992580001,0.0023059880706762055,-0.0013278585239372867,0.0022496967093174
TPL,0.03147917929961756,-0.37276604949143255,1.352996013864789,1.3475478494603432,0.930114413733098,1.0380398584397226,-0.2053052868740603,Unknown,0.008916945363803054,Long,0.005437312669174908,0.0054154180197920005,0.0037378697599611457,0.0041715919452567415,-0.0008250645426369119
KR,0.013911075306589433,0.00315661089980893,0.5852225177863583,0.0315633759846928,-0.7218639100124951,0.0590193526272408,1.4155298844570192,Unknown,0.008781454012213651,Long,0.0023518456652040064,0.00012684438266249908,-0.002900969214328608,0.00023718227583682108,0.005688618810020388
FCX,0.022753545251151835,-0.1524555798832479,1.7261808750924288,0.7010139561505031,0.4276258448016509,0.4022852167583262,0.350972421017113,Unknown,0.008268469747365417,Long,0.006937038280413926,0.0028171790796025714,0.0017185087020064205,0.001616671803380799,0.0014104600248423557
AXON,0.03472549853432483,-0.08828652902538194,0.9963756525735704,0.6907168550003556,-0.7686213946842528,-1.1132321600179471,0.5938408095306271,Unknown,0.008099563003896595,Long,0.004004155151588715,0.0027757979092474993,-0.00308887447138719,-0.004473768780817291,0.002386480169967922
FANG,0.016669621208904757,-0.0791173413563634,1.7976645862152232,0.230153275345691,1.8291353409036952,-0.5500537042722519,-0.1939436552852064,Unknown,0.007942267383333366,Long,0.00722431132789125,0.0009249216605706025,0.007350783491462033,-0.0022105120372254024,-0.0007794053221015093
IRM,0.025921414084587546,-0.16602916060153752,1.059332638595355,0.2820332958759723,0.0714370935139663,0.0493598733752518,0.6306024653589722,Unknown,0.00783497082815501,Long,0.004257161675038477,0.0011334129569348676,0.00028708570434217017,0.0001983635296053036,0.0025342149858335983
TKO,0.017043320847341534,0.026217689047341456,1.09146892544577,0.2132739379012267,0.1839848155898094,-0.6673785902804164,0.4551703713910062,Unknown,0.007576029022402909,Long,0.004386308426278989,0.0008570883230045128,0.0007393835299519608,-0.0026820079489387433,0.001829202452657554
CAT,0.019338854473473947,-0.11630242399423321,1.0813896041410258,0.1175691939084219,0.3460806560170183,-0.2237033746206399,0.4959646832977826,Unknown,0.007475357045427572,Long,0.0043458024522292785,0.000472477716853664,0.0013908013890909724,-0.0008990013130101808,0.00199314338573347
ABBV,0.015724061739720182,-0.03242680331535971,0.536339292029664,0.2801550885521667,-0.106546035628205,0.4174241838389844,0.603962725649907,Unknown,0.007364882671949776,Long,0.0021553976491024804,0.0011258649668651156,-0.00042817872590531864,0.0016775110790788507,0.0024271573206673374
COR,0.01931730168952924,-0.11412244241924321,0.598809397779149,-0.2584137896939226,-0.1119997028906409,-0.1723679809335481,0.9424584838148948,Unknown,0.007305582673042079,Long,0.0024064475368742234,-0.0010384927658276762,-0.00045009548973583686,-0.0006926987196458515,0.003787477126100544
DE,0.017685000645807473,-0.09836517188219977,0.9935622106562816,0.0883210772160821,0.2433324084473549,-0.1213377193631298,0.5089723135526548,Unknown,0.007199698155831269,Long,0.003992848715188237,0.00035493771391862354,0.0009778849114952877,-0.0004876223669405926,0.0020454174146707256
LLY,0.0290686340398187,-0.031562780915265744,0.585031642712771,-0.2601799209979365,-0.9944747364397224,-0.0963047503442325,1.3210187583434103,Unknown,0.007001102936813608,Long,0.002351078591653744,-0.001045590353711406,-0.003996515901161002,-0.0003870218639097569,0.005308805020379122
ON,0.017336260107525734,-0.1238605129563824,1.2780775423969448,1.582884174816507,0.2807903130724584,0.6906919850998823,-0.6266812020132662,Unknown,0.006940559195166962,Long,0.0051362362802624744,0.006361168909124638,0.0011284177565973534,0.002775697964071357,-0.002518456524869714
TMUS,0.01785906269210542,-0.11202563643499529,0.5045485432488915,0.4594026844151519,-0.2561609000904789,0.0696360952833563,0.3632471307037384,Unknown,0.006917923443922917,Long,0.002027639518748132,0.00184621093530664,-0.0010294390324407862,0.000279847996029575,0.0014597886509473855
DHI,0.01686776616120832,-0.18926860062700998,1.4639324557767566,1.00175862667035,0.1578562654434226,1.4015394007794186,0.0079905658572444,Unknown,0.006809033360088464,Long,0.0058831352103353345,0.004025787819352942,0.0006343801927046432,0.0056323949679923475,3.211184994208957e-05
MOH,0.013240459079060397,-0.02668274089650953,0.5472388544704981,0.1904762634036607,-0.4541659217772702,0.0903470427842007,0.6410928215319525,Unknown,0.006725693234896806,Long,0.002199199942930918,0.0007654708436453097,-0.00182516585051361,0.00036307950305765964,0.0025763727940894933
MCK,0.024159127325128735,-0.10127739808411564,0.4559716322784141,0.2314800905606116,-0.0068329041517887,0.2790866491319077,0.3986869060260612,Unknown,0.00670722797722047,Long,0.0018324224961238852,0.0009302537599292211,-2.7459531241081218e-05,0.0011215712075809139,0.001602211198669714
TSCO,0.018488569350761295,-0.06645789114819356,0.7988783396581903,0.2626163134391221,-0.4417626837514525,0.3470397968355185,0.5994461328317846,Unknown,0.006540982595098836,Long,0.0032104686731079936,0.0010553815336940427,-0.0017753207049511115,0.0013946559078556338,0.002409006397013592
CAH,0.015449803013349073,-0.036436121274614576,0.7259165888561705,-0.2118409579031861,-0.0116923660090079,-0.2990136151369568,0.6525774048574646,Unknown,0.0065186912440258595,Long,0.0029172557974338083,-0.0008513295770672176,-4.698834969351362e-05,-0.001201652112186076,0.0026225261232760513
AFL,0.013687206460833688,-0.09611721229244448,0.9635293793914372,-0.1316911413485161,0.5924617739321072,0.2273948166398552,0.3516481901834063,Unknown,0.006344283474125138,Long,0.003872155163799955,-0.0005292298749846485,0.0023809382114889335,0.0009138361863231259,0.0014131757521702053
HWM,0.02644465222255235,-0.08186347677335014,1.1932126059523334,1.0414353259292517,1.0192371858630005,0.6588715031328917,-0.7656024287263997,Unknown,0.006162546305682979,Long,0.0047951878297345756,0.00418523737969217,0.004096029261576894,0.0026478203443552803,-0.00307674209133416
STLD,0.026952709933922542,-0.24520171161903662,1.286999421982289,0.1377377184517474,0.7198253276697808,0.0333625637198651,0.0154977173614564,Unknown,0.006106981566799571,Long,0.005172090819673625,0.0005535293776820956,0.002892776721900242,0.0001340748151001619,6.228099276659058e-05
SNA,0.014620972327912233,-0.08267124054626944,0.7800802268159864,0.5337107749168211,0.6933103394278212,0.6424031019155263,-0.2569242192819377,Unknown,0.006090899382262791,Long,0.0031349243137262306,0.0021448343737843372,0.0027862203979985823,0.002581638444584225,-0.0010325065988399567
GS,0.016214821071639587,-0.06430958488173784,1.2032950533892963,0.4704524822496002,0.6107809160082184,-0.0905975488413333,-0.2541594282309161,Unknown,0.0060064004802424876,Long,0.004835706366835578,0.0018906169831747685,0.0024545577212865496,-0.00036408621685740054,-0.001021395676667762
LEN,0.01576277961765157,-0.24934244384368448,1.4286293920770627,0.8746258726784588,0.0964520417962998,1.160700382973643,-0.1072327207526984,Unknown,0.005977919541963612,Long,0.005741262068398483,0.0035148768285861295,0.00038761378707152523,0.0046645302963098404,-0.00043093832141696885
CMI,0.014825169213636791,-0.07158118159246987,0.9499209212513108,0.0035359403832717,0.4223600328333691,-0.3011252174339993,0.1453502164044706,Unknown,0.005957957547492021,Long,0.003817466575589051,1.4209955717823524e-05,0.0016973468760769815,-0.0012101380513938138,0.0005841218784272947
NUE,0.019994561010798995,-0.2851507408904066,1.4417519302404989,0.3831247163604864,0.5284603927402418,0.6326102174630713,-0.0136066016085431,Unknown,0.005952338821485864,Long,0.005793997880090913,0.0015396711097399407,0.002123734555873434,0.0025422835801533973,-5.468112732957436e-05
LOW,0.01421728888673302,-0.10222337414371233,0.9496157007023291,0.5547005736018413,-0.045884599895118,0.7375667417032644,0.0859945571835082,Unknown,0.005910891308107185,Long,0.003816239979545261,0.0022291865057521825,-0.00018439737720814847,0.002964074504232791,0.00034558808042482714
URI,0.030307818891856193,-0.20802277333039876,1.3943204054415796,0.7130494251079158,0.6816118017966085,-0.1934960701570194,-0.5508731381087812,Unknown,0.005727832994287799,Long,0.005603383844229297,0.0028655462641108778,0.002739207246281072,-0.0007776066026203824,-0.0022138051126929232
MS,0.016695137004032804,-0.049205811064961656,1.2197617984856888,0.3968873348241367,0.7393755224963697,-0.1367545883087449,-0.3466352490646547,Unknown,0.005676086890091738,Long,0.00490188161111951,0.001594979225186395,0.002971343488487976,-0.0005495784525299027,-0.0013930301434799347
PKG,0.01705621422420503,-0.10359226585415307,0.8343499083939768,-0.1888227789089467,0.2830797065267864,-0.0831553277228577,0.277533652267999,Unknown,0.005494216502134888,Long,0.003353018989669292,-0.0007588259517910377,0.0011376181887541236,-0.000334178011098021,0.0011153301474175514
NVR,0.013219581701221783,-0.12492570282374067,1.0440239460440344,0.5042887612898937,0.1220381217074926,0.8033082502889629,-0.0437583958210121,Unknown,0.00547886408896316,Long,0.004195640320130689,0.0020265955276924253,0.0004904370881234328,0.0032282712452879436,-0.00017585275754118863
NRG,0.018275041425476465,-0.1177872373564311,1.242941802862405,-0.3804311949956002,0.1709590233398003,-0.6339352822691289,0.4120562282446847,Unknown,0.005351005432079369,Long,0.004995035567359949,-0.0015288466005086425,0.0006870365130345165,-0.002547608645108226,0.0016559387664767747
FAST,0.015338498951336528,-0.15356949078241514,0.9478431511862996,0.2252107590676361,-0.28675157063318,0.4543047733664853,0.2708672262365669,Unknown,0.00527574386397535,Long,0.0038091165986620336,0.0009050590696236372,-0.0011523743839096092,0.0018257238562264411,0.0010885396451933182
JBL,0.019998000252816832,0.05491465608354823,1.02986026702227,0.5879017398794666,0.0515898168173417,0.6881921969989997,-0.1525579390984817,Unknown,0.005252659501385187,Long,0.0041387204544415185,0.0023626127096602416,0.00020732504878567763,0.002765652014658427,-0.0006130877005867401
LIN,0.01331371969527169,-0.0997131918489988,0.9685134195112034,-0.2386553814173633,-0.0233293225581027,0.4955135973567395,0.5100590504717437,Unknown,0.0052184766101305334,Long,0.0038921846274562973,-0.0009590892476029711,-9.375402426064823e-05,0.001991330597464335,0.0020497847064865704
PCAR,0.015471953777494486,-0.11843874037988067,0.9525547808223704,-0.2850899409227992,0.3607761523606834,-0.4195312992204593,0.1975889832233991,Unknown,0.005177083677320426,Long,0.0038280513207529653,-0.001145696758711052,0.0014498584798956825,-0.0016859789866275063,0.00079405487581676
WAB,0.015724025777725865,-0.05896454626987894,1.2025210356185565,0.0410054366695364,0.5639981091261111,0.1603512055335829,-0.0715803787870325,Unknown,0.005085258566828183,Long,0.0048325958058377015,0.00016478938446495744,0.0022665507013449036,0.0006444066593180302,-0.00028766152779069877
AZO,0.016902986398694392,0.006769201858485497,0.6481444828044156,-0.0640218202822059,0.1965249033630828,0.6537390261074766,0.1897341925977648,Unknown,0.004987887242273774,Long,0.0026047114490319948,-0.00025728579460461377,0.0007897786363849933,0.002627194354279505,0.0007624886685664659
PH,0.021287592874688475,-0.10102297363362278,1.1681616966567665,0.6800125719259801,0.5048145741828134,0.5659724698420924,-0.5373606808533289,Unknown,0.0049356721494803425,Long,0.004694515229748077,0.0027327803885908914,0.002028708622686786,0.002274485105012407,-0.0021595023251947646
ODFL,0.019624129040901103,-0.24738843625594684,0.7583025415749681,0.9952940553606082,-0.2256101376071143,0.9480856405439207,-0.4163608080344633,Unknown,0.004920328232359236,Long,0.0030474058859904,0.003999808514814683,-0.0009066640603037637,0.0038100910955879835,-0.0016732376690504643
NWS,0.013245159357855403,-0.05653539884563056,1.2578560525274065,0.3445539211395577,0.4454504574573295,0.0807597678025628,-0.3225755619117963,Unknown,0.00485421358647246,Long,0.005054971766597602,0.0013846658685080437,0.0017901408363384453,0.00032455092559968284,-0.0012963409881298473
MPC,0.018880841368277987,-0.11042539377655122,1.387106464194577,-0.1364432388870664,1.8850649776408104,-0.4040595390703976,-0.7412677351133677,Unknown,0.004753904101344594,Long,0.005574393031444144,-0.0005483272262604348,0.007575549063050374,-0.001623802308635628,-0.0029789477619150554
AAPL,0.017823755838867267,0.05136762195405097,1.1758913937340434,0.1097319558858221,-0.7748497548249225,0.530433055806914,0.4994014852013618,Unknown,0.004682636221997473,Long,0.004725578721004868,0.00044098204860709093,-0.0031139045092838363,0.0021316621371630434,0.0020069549316214705
VST,0.03400094918285431,-0.151282079458657,1.246540370076087,-0.3362157915388464,-0.0969640457260115,0.1497473663124987,0.4543014895504131,Unknown,0.00462335836393718,Long,0.005009497202798135,-0.0013511572570630876,-0.00038967138770387044,0.0006017927944227439,0.0018257106594878332
PNR,0.015324430243578449,-0.08312625150692089,0.9556494388229064,0.7115030801282254,0.3068130809830516,0.6563145503473361,-0.5539532553056483,Unknown,0.004611456075717883,Long,0.003840487885961323,0.0028593319360102586,0.0012329959846167353,0.002637544666058439,-0.0022261832424770828
FTNT,0.02239504376862023,-0.009434827063706467,0.9379498687331574,0.3028672731903158,-0.4732607209016576,0.1162134856102117,0.0738658904826352,Unknown,0.0045827191844479654,Long,0.0037693582627386793,0.0012171388863830997,-0.0019019025091071638,0.0004670295042720854,0.0002968463602445288
GDDY,0.016575865122461602,-0.004432807412328707,1.041463519043908,0.1552899976744488,-0.0040162021000541,-0.1468154293897615,-0.0740250909884348,Unknown,0.00457349326368958,Long,0.004185350679936911,0.0006240670800940018,-1.613999327183039e-05,-0.0005900101597276991,-0.0002974861425633625
WMB,0.020846380184557475,-0.08158471616482074,1.1566780330509718,-0.5652898965392744,1.0371784979563674,-0.2462591683827024,-0.016729938852653,Unknown,0.004561624442094354,Long,0.004648365596657902,-0.002271742033762366,0.0041681303783187166,-0.0009896467413255483,-6.723294639886671e-05
WMT,0.014504002023284519,-0.02693750999311372,0.596693629643091,-0.2604082382550993,-0.3979989842309834,0.1280539916631408,0.4433765981434575,Unknown,0.004528182626487534,Long,0.0023979448563242905,-0.0010465078969282675,-0.00159944663332477,0.0005146131873807537,0.001781806575626773
ERIE,0.016564137352607266,-0.06988521686052898,0.4066004296311996,0.2130441935800687,-0.0197510897392096,-0.0940218901019266,-0.1923102001569573,Unknown,0.0045083424073193564,Long,0.0016340134373423357,0.0008561650448164751,-7.937410706942936e-05,-0.0003778476869053552,-0.0007728409226706583
TTD,0.024942275815784957,-0.09304428113543078,1.2697468713014632,1.036105747666995,-0.8402349699656143,-0.3385973024261814,-0.3939664718802457,Unknown,0.004496469811759542,Long,0.005102757642464567,0.004163819294856908,-0.0033766694066065415,-0.001360727883426203,-0.0015832410937159434
EME,0.02982115123368929,-0.12018897316846586,0.9480809718535276,0.2054268409119537,0.5091139224896848,0.3456819738791605,-0.3397791099742636,Unknown,0.004430487279778474,Long,0.0038100723334267036,0.000825553034327541,0.002045986501393444,0.0013891991970542375,-0.0013654772375173202
KLAC,0.02251059752074118,-0.027131928089274837,1.1406216385691976,0.1459139738781957,-0.1931752459671167,0.4660322878188453,0.0947048897880574,Unknown,0.0044035191027819,Long,0.004583839436756188,0.0005863874620822469,-0.0007763172999066568,0.001872853457685948,0.0003805924716707097
HCA,0.013447806812376974,-0.08977034047219326,1.5955856614178412,-0.2710243759069987,0.491982569848292,0.4593540068043467,0.0759399147612471,Unknown,0.004146689568083016,Long,0.006412212632319001,-0.0010891711857782419,0.0019771403852167435,0.0018460153135995364,0.00030518128390336514
NTAP,0.01477476740252605,-0.05839345847108931,1.1719732611226354,-0.0634745346368386,0.1243222955943924,-0.257761917523452,-0.091744816433343,Unknown,0.00405926291606572,Long,0.004709832841586745,-0.00025508640662215177,0.00049961654429815,-0.0010358730738442108,-0.0003686967645227623
PWR,0.0356898154775677,-0.08967166160254035,0.8700294448152925,0.512870278392716,0.3076803329030446,-0.1805287775356635,-0.6743817059393097,Unknown,0.004055016561215661,Long,0.0034964050702089903,0.0020610822454549065,0.0012364812275913058,-0.000725494679353443,-0.0027101515126341223
PHM,0.017985955752476454,-0.2202626313325605,1.4551540849776514,0.5304442639864473,0.7909010959030176,1.1145446802869667,-0.6662311929684431,Unknown,0.004026391972985877,Long,0.005847857392609657,0.002131707179702674,0.003178410360969144,0.0044790434327853365,-0.002677396879965119
GWW,0.022890903196422212,-0.13581587652760138,1.071091582517986,-0.0422369172860573,0.106019682269559,0.4582003056145449,-0.0105777550682235,Unknown,0.004006004149469014,Long,0.004304417582751025,-0.00016973836072906755,0.00042606345893032323,0.0018413789111035434,-4.2509039978316165e-05
TPR,0.015208910553225765,0.04439107329428559,1.4464534602435883,0.5850777476291715,1.185507600270027,-0.4113743375427962,-1.1601890153683707,Unknown,0.003993678660928713,Long,0.005812892014580846,0.0023512638744213853,0.004764223566290223,-0.0016531984384090073,-0.004662475252887495
RJF,0.016883308149403867,-0.08942206976080662,1.0199967080581174,-0.1534738904863665,1.0665863531119024,-0.7811615563345062,-0.6080828866233895,Unknown,0.003992188186969668,Long,0.004099081568909443,-0.0006167686531059337,0.004286312325472945,-0.0031392698747111487,-0.002443715095583587
AXP,0.013872640826522502,-0.029657150617704863,1.2196356079619777,-0.2428639069248899,0.8936942723379571,-0.6826170675368213,-0.413392974230009,Unknown,0.003981334785185595,Long,0.004901374486688786,-0.0009760021348739804,0.003591507395111835,-0.00274324712820913,-0.0016613107748249076
IBKR,0.0226734193150752,-0.08057324851089027,0.7731658311336473,0.170773863113004,0.2806614480004124,-0.3913369440996053,-0.4517305368593939,Unknown,0.003957707330940716,Long,0.003107137290809674,0.0006862924058555818,0.0011278998839046996,-0.0015726737568065145,-0.00181537871948544
AMAT,0.017764739088812428,-0.07272086428979677,1.3793196683989974,0.2294270845097036,0.15247346883189,0.0779535337457625,-0.3263689501766044,Unknown,0.003820665240543009,Long,0.0055431000764038394,0.0009220033026506305,0.0006127482382039976,0.00031327345557512204,-0.0013115855548986905
AMP,0.02094797874135431,-0.07562319200803783,1.255151491440039,-0.0241470478165798,0.8989727118946587,-0.2292801668911501,-0.5790302164013738,Unknown,0.003734391508842974,Long,0.005044102891808463,-9.704023343071176e-05,0.0036127199677883394,-0.0009214128818212269,-0.002326960537364088
WSM,0.027256855870212506,0.07029756840163712,1.47634847596023,0.5626307701681248,0.7672812990200785,-0.0273713515108975,-0.953820051425041,Unknown,0.00364851952570682,Long,0.005933031723815438,0.0022610557483937277,0.0030834890016163607,-0.00010999780843220995,-0.0038331360895234095
FSLR,0.02196900633470042,-0.1262339102644449,1.290181876326216,0.5454525699443551,-0.4207774792311195,-0.2557403796654082,-0.4063165951920964,Unknown,0.0036293524276978053,Long,0.0051848802138373794,0.0021920213648824838,-0.0016909870356465722,-0.0010277490784339355,-0.0016328727860943873
BLDR,0.03276820642829417,-0.26933535954688836,1.6826477014418624,1.2412927819184276,0.4981591551082716,1.120364018795165,-1.1702235096372302,Unknown,0.0036243577347762003,Long,0.006762090627801499,0.004988408613268036,0.002001962354344645,0.004502429727107417,-0.004702801079614051
GRMN,0.013498729396986136,-0.03369496172167127,0.9006956357011539,0.0696029384806074,0.2331514852066357,0.0769597876003936,-0.3613896500973167,Unknown,0.0035382837128473247,Long,0.0036196439168207683,0.00027971474811028447,0.0009369706276737598,0.0003092798676777537,-0.0014523239557594125
HUBB,0.019714061728760505,-0.09435273128028311,0.7238580628096518,0.3253532191880379,0.2578856544165511,0.530463537841504,-0.5317317060401412,Unknown,0.003528237804094153,Long,0.0029089831568363013,0.001307503616063682,0.0010363703378195644,0.002131784635936994,-0.0021368810493354326
LRCX,0.014639960605806543,-0.02600652825686808,1.365976228005437,0.1007780552324548,0.0431911872648213,0.053232373654529,-0.280636410064999,Unknown,0.0033866539007226335,Long,0.005489476520414903,0.0004049988254769503,0.0001735733049507623,0.00021392602543982684,-0.001127799263443118
ORLY,0.01727568666297316,-0.05070710677534678,0.8870692186270757,-0.2455692159670164,0.1926594586473058,0.4569144671884542,-0.0643327949853213,Unknown,0.0033855629720063824,Long,0.0035648831566758013,-0.0009868740154841606,0.0007742444948873748,0.0018362114860017325,-0.0002585355149849513
AVGO,0.02916824532132253,0.35453754347017624,1.0642696867681454,-0.1646433149186175,-0.2638377379291357,0.1408323233654446,0.0683061455957775,Unknown,0.003384819517128677,Long,0.004277002291199319,-0.0006616554468218974,-0.0010602900971975085,0.000565965729549292,0.00027450330010177156
GE,0.01690525508251586,-0.09156986955060896,1.0858927928879265,-0.063237014859078,1.101882155512318,-0.6112657103139715,-0.861792888331988,Unknown,0.0032003397072091996,Long,0.004363899508668689,-0.0002541318810481197,0.0044281562862783265,-0.0024565059740482747,-0.0034633046527220825
TT,0.023258243682074853,-0.12288906384949386,1.0001071029050912,-0.0141315392177834,0.299135523997431,0.3662410143197213,-0.363161840983161,Unknown,0.0031613170871814806,Long,0.004019150807122111,-5.679070480356528e-05,0.0012021420298094457,0.0014718202320817006,-0.0014594458954082018
COST,0.019369909592481232,-0.061013265576265345,0.7940434124946885,-0.0729195253703675,-0.4324505638641625,0.2873689406140842,0.0057301427171055,Unknown,0.003121704400668468,Long,0.003191038452729478,-0.0002930431834710069,-0.0017378978988813387,0.0011548554212403473,2.302784137766993e-05
IR,0.016705101831435046,-0.144344635265281,1.2539829946060836,0.1736065456083169,0.5313107938743625,0.3290377668665937,-0.6196537351381417,Unknown,0.0031198614269637593,Long,0.005039407029755619,0.0006976761647592899,0.002135189521032211,0.0013223107829492399,-0.0024902151004451336
CMG,0.01982331851425663,-0.023450174999669896,1.301486375371279,-0.2448889195097702,-0.6602688733890714,-0.0383606829863528,0.2421526033115667,Unknown,0.0030304243085008046,Long,0.005230309834654089,-0.000984140094239845,-0.0026534359846968588,-0.00015416085891051463,0.0009731436045392867
ISRG,0.01637006269134604,-0.04109493619129763,1.5066302243925946,-0.6663357300803595,-0.4617014730760737,-0.2162565666067686,0.4790125802623933,Unknown,0.0030280812777233007,Long,0.006054725603700378,-0.0026778169853883408,-0.0018554491241717216,-0.0008690746738007454,0.0019250176236034035
LII,0.01717899379873486,-0.09409407627143516,0.9114858031078612,0.4055268176616951,0.161473187577206,0.5340112511486961,-0.6569999103535058,Unknown,0.00300543044202814,Long,0.0036630065825949422,0.00162969889102901,0.000648915591434506,0.002146041903744232,-0.0026402989362900617
CTAS,0.01903893814220243,-0.2133812977569086,1.2654839175321195,0.0788345837321137,0.3674961789209743,0.4107469888575937,-0.481327892309132,Unknown,0.0029791695110347387,Long,0.0050856260232279744,0.00031681414912031566,0.0014768643876581819,0.0016506772994558348,-0.0019343222153359876
TRGP,0.029778918837771,-0.13842084424278772,2.2697663420791514,0.5762826311879445,2.6825238855109195,0.1828800066647852,-1.9699136033288351,Unknown,0.002975494845705433,Long,0.009121556280569421,0.002315918760642261,0.010780313436688692,0.0007349436117973668,-0.007916531965208194
MSI,0.016994956400559445,-0.0813653322665498,0.9826759353943464,-0.2218746260377544,0.230378518028763,0.227605773657147,-0.2582232692232721,Unknown,0.0028633502467742106,Long,0.003949099818816573,-0.0008916520837910526,0.0009258268479338735,0.0009146839635900341,-0.0010377271173274665
BKNG,0.016115922396502204,-0.04935754535505643,1.4121488902144854,-0.5518001603945987,0.7688180365780404,-0.4617045477653536,-0.3359830597904473,Unknown,0.0028053925879960033,Long,0.0056750315395177765,-0.00221753055605538,0.003089664720175379,-0.001855461480488225,-0.0013502219732402809
BX,0.020678575469348478,-0.10623110075172207,1.473881959710381,-0.2243747497068335,0.7453223646497728,-0.6541983524645257,-0.6141970299833217,Unknown,0.0028034616134249867,Long,0.005923119484668686,-0.0009016993817587362,0.0029952421843089036,-0.0026290402584764694,-0.002468286128174547
IT,0.018154005879481735,-0.07020450486482452,1.2269331063368671,-0.1093774393178763,0.6036750465887145,-0.242680125501296,-0.6064585463277978,Unknown,0.0027731548641505843,Long,0.004930701092207547,-0.00043955734564671934,0.002426001218958205,-0.0009752635687195896,-0.0024371873261165924
PGR,0.020694064252612027,-0.11867249891936851,0.5041878294277664,-0.8157014823759287,0.3862195044599259,-0.1322853842272195,0.0033626841444752,Unknown,0.0027374228548590644,Long,0.002026189910760044,-0.0032780761797799518,0.0015521081977794152,-0.0005316179709581995,1.3513687338191811e-05
APH,0.01727381304310126,-0.048466213106061855,1.1284385177675866,-0.0414654141179797,0.2587355026820058,0.3692447922405633,-0.4227246641384428,Unknown,0.002691743627285818,Long,0.004534878880770908,-0.00016663790521618375,0.0010397856403727727,0.0014838915756607027,-0.0016988122273376934
ANET,0.03218341471642444,0.08225166436910505,1.142560401208523,-0.5157133516717263,-0.6928772938508525,0.1791684256103755,0.4107610121630545,Unknown,0.00269174324907906,Long,0.004591630781707172,-0.0020725077620129323,-0.0027844801089084055,0.000720027805333041,0.0016507336551994322
PANW,0.02557989499529601,-0.06702716662298162,1.1651302390185587,-0.2473749674568754,-0.1764867821124558,-0.7307703308848826,-0.2560103316054233,Unknown,0.002499532209880523,Long,0.004682332649124494,-0.000994130825816621,-0.0007092510299279167,-0.002936761629494789,-0.0010288339397997275
MPWR,0.019248271880439365,0.03809227804541891,0.988720923446146,0.030137559806101,-0.5395647022402877,-0.3010859113544345,-0.2782532460610068,Unknown,0.0023894552203558932,Long,0.00397339293556063,0.00012111442611249663,-0.00216835967088362,-0.0012099800912503966,-0.0011182219936663844
AJG,0.018202574654389313,-0.09874612399030835,0.6986904468159171,-0.1572151897700599,0.3138477515964796,0.1886547110268135,-0.5179304774659644,Unknown,0.0023525073932816505,Long,0.0028078415452621685,-0.0006318038888242512,0.0012612663588513241,0.0007581505339661219,-0.0020814177706505264
FICO,0.028594787118505043,-0.17982812153342456,1.3514994544841483,-0.4764787146212912,0.4473892315007704,-0.1732314425518163,-0.3193727441594196,Unknown,0.0023137816410339243,Long,0.005431298415476343,-0.0019148347260847355,0.001797932227119381,-0.0006961687304575945,-0.001283469759121336
ETN,0.023370414768574627,-0.12391209613473017,0.8966625389559776,0.0523911172918818,0.2800426185063758,0.3526683514576098,-0.635123693657984,Unknown,0.0023030519621251907,Long,0.0036034360286940955,0.00021054525134162408,0.001125412981198776,0.0014172754950844387,-0.002552384538188913
MSFT,0.014429790684627958,-0.006059674764178234,0.9380676983415154,-0.4327603333589142,-0.4610822319869597,0.1426349895383263,0.0992476315514228,Unknown,0.0022936428603850525,Long,0.003769831786988391,-0.00173914277586625,-0.0018529605673802678,0.0005732101408555047,0.00039884848062389283
TSLA,0.033747217086244105,0.15359072915244557,1.9066032651388984,1.1447428012467356,-1.023208721148903,-0.4136656036358623,-0.9067771733545562,Unknown,0.002183064689751363,Long,0.0076621054181952525,0.0046004012372409505,-0.004111989751411915,-0.0016624063961772585,-0.0036440839161940505
RSG,0.013548800624516678,-0.08509025092432293,0.7634350348232752,-0.48912105605189,0.2699225434271127,0.1099458058296311,-0.294087124439538,Unknown,0.0021017774630983877,Long,0.003068031941261442,-0.0019656407613754642,0.0010847432291244158,0.00044184145173678204,-0.0011818539235667826
APO,0.023075653086632508,-0.058629094934396796,1.5519628796219394,-0.3793740895585644,0.5922123890901375,-0.5584824759373773,-0.6315376636916524,Unknown,0.001823775116270208,Long,0.006236904869625759,-0.0015245983893339252,0.0023799360035394296,-0.002244384913782856,-0.0025379732864422955
SNPS,0.020939137644370276,-0.14376577574889096,1.0274673154726692,0.0509588101395756,-0.4946709312962699,0.2202685645024398,-0.3766147750966671,Unknown,0.0018022772604435599,Long,0.004129103851255675,0.00020478920938320143,-0.001987944158184749,0.0008851977715506965,-0.0015135094760421147
NOW,0.017507154521679454,0.006705538485678213,1.014333208322166,-0.2897260543366298,-0.2375368626404061,-0.6641509796222018,-0.3781424770266119,Unknown,0.0017736859956396045,Long,0.00407632154703902,-0.0011643280022198535,-0.0009545942333868632,-0.0026690370841740024,-0.0015196488829385803
ORCL,0.021033192029486752,-0.10707467842377583,1.0779729211466509,-0.5996490593210518,-0.0616699902618855,-0.0037238501029732,-0.1397205330480243,Unknown,0.0016241594116180574,Long,0.004332071758611931,-0.0024098219018337816,-0.00024783444734697733,-1.496511233995987e-05,-0.0005614977551307217
DELL,0.027470988797565005,-0.10522495803854667,1.0017840208427913,-0.8918165773234988,0.3657238933283041,0.1950303694911431,-0.1573970229916077,Unknown,0.0013684748529189125,Long,0.004025889871431531,-0.003583961463870104,0.00146974206740914,0.0007837725226395461,-0.0006325346256993544
DECK,0.02932753773620908,0.03231868803914144,0.8778208646700298,0.2433619755012403,0.1346644944297406,0.4385542285751606,-0.9853828915441496,Unknown,0.0011801449654352445,Long,0.0035277166080501196,0.0009780037332176238,0.0005411789496403023,0.0017624268207121626,-0.0039599783186919585
CDNS,0.02295112304485743,-0.024333983775964865,0.9827418984563944,-0.1548854295034771,-0.5901976246833683,-0.0002093973313149,-0.3825093741824555,Unknown,0.0010761217740158696,Long,0.003949364905919044,-0.0006224412337359732,-0.002371839228735906,-8.415093250701201e-07,-0.0015371982215819572
DDOG,0.0185988898870307,-0.07014743228443814,1.119353373746632,0.0706300651208281,-0.4608444818018141,-1.547793393719311,-0.8907314567730251,Unknown,0.0009574528903394576,Long,0.004498368227243327,0.00028384248288295847,-0.0018520051158633795,-0.006220148871610991,-0.0035796006677877713
SMCI,0.04035306734700751,-0.07188772903859104,1.2758733809170075,-0.571195653975045,0.2826373554405142,-0.4163888205947859,-0.6085944592922292,Unknown,0.0007012594545007994,Long,0.00512737837157911,-0.002295475621590806,0.0011358405034239648,-0.0016733502436978227,-0.002445770963099072
BRO,0.014499034104479452,-0.10512840971029254,0.8061625180467186,-0.4149875396569469,0.3037852178992642,0.0528234105922089,-0.7854268275151453,Unknown,0.0004556997869233712,Long,0.0032397417493259645,-0.001667718887420119,0.0012208278495022963,0.00021228251724232238,-0.003156410806975767
AMD,0.01645302581785765,-0.13066030392532269,1.7672232020163705,-0.7376768254014163,-0.7408428236657305,-0.147989752093843,-0.0362917861291894,Unknown,2.7443253625190855e-06,Long,0.007101975916496473,-0.002964516899835215,-0.0029772401616162815,-0.0005947294343236109,-0.00014584654092480407
KKR,0.027018914684542785,-0.0984955041020019,1.5303191254590829,-0.5059949284451285,0.918507941222399,-0.5665475833450033,-1.1656118563120972,Unknown,-6.20038157387182e-05,Long,0.006149924673444659,-0.002033452136428758,0.003691226592220697,-0.0022767963253734033,-0.004684268134362452
CPRT,0.013776983950661502,-0.10285598262457782,1.2538313519015791,-0.4299175274879188,0.2323713915628297,0.2586118158310655,-0.917929288360656,Unknown,-0.0006026078909748187,Long,0.005038797620126958,-0.0017277183339462663,0.0009338356494409024,0.0010392885775028632,-0.003688901148166193
META,0.016060347230490157,0.01587656686403178,1.1651004048670162,-0.7534051995589884,-0.2902745591854663,0.2066335181610016,-0.5056316931790725,Unknown,-0.0009805586278681363,Long,0.004682212754011357,-0.0030277248377715616,-0.0011665322898401574,0.0008304023327930344,-0.002031992395458512
NEM,-0.0006191446574814973,-0.11687888540900375,0.5573816973302016,0.2533774616765822,-0.458746664751354,0.7374805976261625,1.7290926816541825,Unknown,-0.0016653687093884342,Short,-0.003673409864416584,-0.0016698777006884668,0.0030233581971521283,-0.004860347074745959,-0.011395541230906569
PSKY,-0.019389605505830427,-0.04002664441421918,1.9189791606423527,0.271360488836637,0.8037614818776018,-1.5421854903438372,0.8092948629735588,Unknown,-0.001918413855888743,Short,-0.012646983229048192,-0.0017883943826646285,-0.005297169552408428,0.010163734152241272,-0.005333637159433965
INCY,-0.0016600389705199868,-0.08030585563015845,0.6396454360738616,0.6972264850070905,-0.65872500230838,0.5799719651896948,1.356901973009969,Unknown,-0.0020519995660506466,Short,-0.00421556693708725,-0.004595053371909077,0.0043413103318746624,-0.0038222904487492894,-0.008942627855518326
CVS,-0.00155999772321504,-0.29104632335818686,0.5772751774505124,0.5749860983648108,0.0131878567130943,0.0798504542172146,0.9320778640543164,Unknown,-0.0024563340166705175,Short,-0.003804517337915544,-0.003789431220567015,-8.691423341031209e-05,-0.0005262523825318425,-0.0061428353973975065
WBD,-0.01971764737474549,0.0051312023549761,1.3002131077362484,1.39396093265613,0.3785142583275673,-0.8090326137735329,-0.001351364621964,Unknown,-0.0025581014093239555,Short,-0.008569021334356039,-0.00918686398415564,-0.0024945885683416973,0.005331908812767893,8.906134084638458e-06
DLTR,-0.0054673747320259525,0.04679245808941064,0.7508538696116057,1.0233062413647411,-0.4930576625463936,0.8394383604194864,0.9220535068811604,Unknown,-0.0026174906044186684,Short,-0.004948483282781062,-0.006744073691966591,0.003249483953275776,-0.0055322971107676176,-0.006076770127043838
NFLX,0.0142578401711599,0.0016528333685747964,1.3857555575834015,-0.6731761994160297,-0.2850038823731493,-1.271233680421736,-1.215133185816858,Unknown,-0.0027135649792313153,Long,0.005568964115500161,-0.002705306918988144,-0.0011453509134627974,-0.005108732712592979,-0.004883280511007583
AES,-0.006719983424451441,-0.005995917971873208,1.019718458420667,0.4714037512809558,-0.0859587785701291,-0.062569855690246,0.9834799764495772,Unknown,-0.0028962796683013737,Short,-0.006720428499953156,-0.003106774403201444,0.0005665091384327442,0.00041236503855186373,-0.00648159970851327
CRWD,0.02788160518846806,-0.01449352844521392,1.3923840327674897,-1.3727620194991577,-0.455172916971624,-2.7979020631755107,-0.90158168522406,Unknown,-0.0031061368286981177,Long,0.0055956021038803365,-0.005516746719056356,-0.0018292126826342885,-0.01124398607188737,-0.0036232047021054585
CPB,-0.00011565985223677609,-0.1015913465162711,0.2308038900502922,0.2731082311415886,-0.2263672321994632,0.46407070525084,1.1326893093946266,Unknown,-0.0032060597712950914,Short,-0.0015211071524549756,-0.001799912833762358,0.001491867472012757,-0.0030584461503142843,-0.007464960012823112
BEN,-2.7214585194681766e-05,-0.11829630164458153,1.287246531348364,0.9525564291172778,0.2904128471112964,0.3834131141545104,0.4223285188390778,Unknown,-0.0032289170378665844,Short,-0.008483565443286928,-0.006277798858292804,-0.0019139584640863248,-0.0025268743527606043,-0.0027833453350888347
HRL,-0.006334721940700337,-0.03665178062270792,0.3108807839465254,0.4365369002602898,-0.5706795377433086,0.1531813922820254,1.1120532769513,Unknown,-0.0032868872642311474,Short,-0.0020488518799177454,-0.0028769853105671712,0.0037610489425975208,-0.001009538060092611,-0.007328958767172542
CAG,-0.0019015402761545048,0.0038133638346592408,0.3193846161945516,0.2624793899470625,-0.3764429745991152,0.5312856216733441,1.168969387086651,Unknown,-0.0034801146956775033,Short,-0.0021048961695219253,-0.0017298637268786793,0.002480937825741884,-0.0035014243431846738,-0.00770406293980123
NVDA,0.052405775477636536,-0.03248191368501353,1.6398446738004258,-0.7493014580661695,-0.5973105844991866,-0.0996428922716154,-0.9729004229422918,Unknown,-0.003480763520983548,Long,0.0065900772278439995,-0.003011233048157056,-0.002400424225384496,-0.00040043692293969196,-0.0039098147675979775
CNC,-0.002804147166249451,0.006200340160255707,0.4234172417447505,0.4261955176916294,-0.2474189873552869,0.6986346673585554,0.955330202965716,Unknown,-0.003698373628858623,Short,-0.002790520535638962,-0.002808830692427785,0.0016306085276001508,-0.0046043339617912816,-0.006296079344116646
INTC,-0.01670802511174588,-0.1853257825701147,1.0284088698986351,0.6049620189848176,-0.4094658689714518,0.0594023162257014,0.8535673573043072,Unknown,-0.0037156116202290337,Short,-0.006777702435214965,-0.003986986761102226,0.0026985743691016213,-0.0003914894504751102,-0.005625413904482975
MHK,-0.0011033669759583683,-0.15645479892209582,0.9524870813451152,1.919859023367931,0.5328923301352455,1.576894971944871,-0.4750944413673698,Unknown,-0.0038015015901842115,Short,-0.006277341823568561,-0.012652781941906818,-0.0035120133143357905,-0.010392486105727987,0.003131097802112596
BDX,-0.004130049260902213,0.018730427478361202,0.4991854309701725,0.0329677811890036,-0.310889943396218,0.1615341121027892,1.184922523855684,Unknown,-0.0038775701343395906,Short,-0.0032898688548299343,-0.00021727332133022898,0.0020489122450374013,-0.0010645864470979068,-0.007809201680912485
BMY,-2.5136886379338777e-05,-0.04937721327122677,0.4558821115972142,0.4128383759930267,-0.1592326212224857,0.2778323473565123,0.7666741483943218,Unknown,-0.004067951139136186,Short,-0.003004479432628705,-0.002720800790636823,0.0010494185301335231,-0.0018310470012236739,-0.0050527464267210425
MKC,-0.0012353238658838583,-0.03148515697558492,0.8377810713831623,0.0538611668881831,-0.5368035765885248,0.6132917734260591,1.326096140656197,Unknown,-0.004138851709361374,Short,-0.005521374789630446,-0.000354970647051634,0.0035377902843591338,-0.0040418837953593405,-0.008739602802862408
HSIC,-9.746163211480717e-05,-0.11087371629268027,0.8515049201791972,0.4435022839833827,0.0774984121475399,0.4406571629531603,0.66883541020826,Unknown,-0.004167070730308607,Short,-0.005611821465196921,-0.002922890494394365,-0.0005107513092428369,-0.002904139796788149,-0.004407942717348727
VTRS,-0.008041280458457652,-0.044449991444106586,0.9834240284027862,-0.0177492240861875,0.4750271523267497,-0.2036558935537099,0.6949101154548895,Unknown,-0.004414182367308839,Short,-0.006481230984337429,0.00011697580877923229,-0.0031306543354060914,0.0013421889737502068,-0.004579787397436922
BAX,-0.017156404611038775,-0.14329989901415985,0.7662771622333232,-0.3564272213313058,0.1409095012256237,-0.2948582477005352,1.0911565010796382,Unknown,-0.0044434860549408895,Short,-0.0050501300995491345,0.0023490245141819933,-0.0009286604749878999,0.0019432557633231153,-0.007191239098605833
ES,-0.0054803430510020614,-0.11936327965846968,0.6806814295603695,0.0979641765582111,-0.1536266659242656,0.1148495847033161,0.9080955496839548,Unknown,-0.004512946695052777,Short,-0.004486013605844963,-0.0006456304077656005,0.0010124726246784315,-0.0007569132596102728,-0.005984780566028625
HAS,-0.0065736297656099445,-0.14497005312149286,0.5800532898707567,0.6513554806927508,-0.1977040797881986,0.6008486291420093,0.5241512648194702,Unknown,-0.004604018860793282,Short,-0.003822826416986251,-0.004292741687571214,0.0013029636968849578,-0.003959877570224343,-0.003454405546247459
NKE,-0.004575582429135792,-0.043570477637815526,0.9746064681138192,0.533135670239094,-0.8191383050218385,0.9774468185213528,0.9807553563635666,Unknown,-0.004825740673538839,Short,-0.006423119078078709,-0.0035136170410856407,0.005398510113270019,-0.006441838335017733,-0.00646364316930741
EL,-0.01820540811019183,0.04021363933650684,0.8029356540872971,1.0888419760288095,-0.6312719062363963,1.409162458427917,0.473528735791014,Unknown,-0.004870619437777955,Short,-0.005291726955412966,-0.007175985280272941,0.004160381402197487,-0.009287049252153746,-0.0031207790594331964
DG,-0.012838342642944933,-0.022363540718460816,0.4534112804557277,0.4082871136990213,-0.7444810426962878,0.4919835123978756,0.8685698024030905,Unknown,-0.004987462863489112,Short,-0.0029881954829907476,-0.002690805812533977,0.004906483329486793,-0.003242404794110108,-0.005724287136381708
AWK,-0.0004806413917105633,-0.093044960665518,0.7133835312667873,0.2914947369667024,-0.5938449171439175,0.3854872205865337,0.8953097542210551,Unknown,-0.005007124107987998,Short,-0.004701535973319373,-0.001921088631592895,0.003913719784878044,-0.0025405436983163316,-0.005900516107036165
TSN,-0.003962607680831774,-0.111555930486765,0.7596054247120704,0.1486398430770215,0.5095286591208812,0.2591919823213297,0.4209032955298166,Unknown,-0.0050969702100956,Short,-0.005006160183527925,-0.0009796070958551695,-0.003358035636230752,-0.001708198150741953,-0.002773952437208776
DOC,-0.006485213267281243,-0.07112306734171142,1.0500547979538586,0.3210491437319071,0.2340632481938102,0.3353938836575887,0.4073773461529628,Unknown,-0.005323634789359357,Short,-0.0069203593721459305,-0.0021158661958155813,-0.0015425878691943567,-0.0022104048385408236,-0.0026848100127184736
BXP,-0.007569100864139933,-0.10109896039909823,1.1184463607085562,0.369828401496027,0.8621946230541203,-0.338209312610934,-0.0565811594802922,Unknown,-0.00536395521487482,Short,-0.0073710922226671045,-0.002437344650361039,-0.005682271679433437,0.0022289598512714548,0.0003728966888769263
SWK,-0.009753400467864532,-0.10227824329676805,0.9681374087933152,1.0566540090562282,0.4237949887496116,1.1856775214977475,-0.1755257101890973,Unknown,-0.00538994273268189,Short,-0.006380484907571747,-0.006963851304652733,-0.002793010067642896,-0.007814177473621956,0.0011567977175349913
KMX,-0.004509214601233729,-0.030091387591519903,1.4721345576522054,1.3558188666598834,0.0032320216126283,0.8675439580828381,-0.2178322374757305,Unknown,-0.005455694089119557,Short,-0.009702065266460513,-0.008935489670734587,-2.1300556029565706e-05,-0.005717526335545548,0.0014356178069069982
PFE,-0.0037387923094492144,0.024128452298915932,0.5559693263460196,0.2410158725635157,-0.5232208799148615,1.3878588183918004,0.9219761866404214,Unknown,-0.005491407637324576,Short,-0.0036641016694572573,-0.0015884089628283825,0.0034482738682561223,-0.009146648155685217,-0.00607626054996872
IFF,-0.00594838248679249,-0.08088458297111574,1.1751773924360949,0.1095781464330741,0.1190469739534003,0.5003540671576877,0.6045844444875527,Unknown,-0.00561465561734584,Short,-0.007744976640768142,-0.0007221719800987239,-0.0007845760464400333,-0.003297570721826456,-0.003984498366005206
BA,-0.014268602041611917,0.126469978356089,1.2764375558260277,1.1185190109549097,0.6120566770493109,0.7044243976390289,-0.423278577590584,Unknown,-0.005636165911212312,Short,-0.00841232916570879,-0.007371571022263298,-0.004033743924180247,-0.004642491031581112,0.0027896066730665166
BIIB,-0.010895186060767307,-0.05260865055542098,-0.0190272685944353,0.3747390570912856,-0.7279878913098295,0.096179890838963,0.5779522239083512,Unknown,-0.005764431638054977,Short,0.0001253987285239035,-0.0024697082008521645,0.004797785635808417,-0.0006338711182277154,-0.003808979395332941
MTCH,-0.017031006910013715,-0.004336825399147418,1.10010531866688,1.1059265891604682,-0.7052240791549823,0.3365353354786013,0.1089711228082443,Unknown,-0.005877136659120978,Short,-0.007250216052742102,-0.007288580987502267,0.004647761312222126,-0.002217927547663043,-0.0007181714063768661
AKAM,-0.00189170936697407,0.013768288505340127,0.7742256185348179,-0.1911027133906426,-0.7315048895100429,0.3005012722223878,1.1122413443883865,Unknown,-0.005959893140100228,Short,-0.005102514198138395,0.0012594575599601844,0.004820964322772272,-0.001980445972551385,-0.007330198220821411
APTV,-0.00926870503678927,0.08196939758955268,1.3656593522829226,1.499351466231637,0.038785724045562,1.504284925214059,-0.4000163415234056,Unknown,-0.0060062277637531036,Short,-0.009000343140325476,-0.009881437608490215,-0.00025561632538339705,-0.009913951444123013,0.0026362974993945697
ARE,-0.006078791309256915,-0.1256239265631689,1.16352382529235,0.1775960814901442,-0.1421148735370044,-0.0904682047065351,0.459434719612085,Unknown,-0.006118984591901265,Short,-0.0076681741036440845,-0.001170442446805255,0.0009366044504720775,0.0005962283964056489,-0.0030278928051680988
ALGN,-0.0037290527175333718,-0.11348381799637962,1.464302543149144,1.407822351765012,-0.542754495023587,0.0732882412491305,-0.2920010869551511,Unknown,-0.006172421256280696,Short,-0.009650448574574854,-0.009278217313361236,0.003577009660571886,-0.0004830042852856892,0.0019244257182811086
HUM,-0.0035815703192081556,-0.15887051256369417,0.3818016919342434,0.6990570290662744,-0.35921089366955,1.109298295556392,0.2323045744383801,Unknown,-0.00618072547555015,Short,-0.002516254315705168,-0.004607117525856838,0.002367370235750515,-0.007310802132534529,-0.0015309973746509733
APA,-0.003665254086914266,0.01581980492019241,2.8412080132671003,0.5125770344627617,3.328653683382697,0.8061034507332608,-1.239311758340162,Unknown,-0.006192036702648332,Short,-0.018724908967744265,-0.0033781258761954747,-0.021937407227996635,-0.005312604238437305,0.0081676525439931
CHTR,-0.006585212677697147,-0.15022101134180324,0.9283012206999568,0.7567665469823915,0.0784343264990057,0.925256277484874,-0.0176831016193068,Unknown,-0.006244866730193434,Short,-0.0061179455256655515,-0.0049874506322347524,-0.0005169194289126989,-0.006097877905044979,0.00011654003034721243
CMCSA,0.00013534500097338634,-0.14388836468688643,1.0222821748142488,0.0742157970163783,0.0907162602525264,0.2565915068808471,0.4213450656586705,Unknown,-0.006298083697759664,Short,-0.0067373246074767055,-0.0004891173179193855,-0.000597863200156709,-0.001691059783657067,-0.002776863911978955
CCI,-0.004559123199658099,-0.16099607167729646,0.8724361078048996,0.1540196035079346,-0.4135434745091954,0.2630377363292575,0.5783364698985872,Unknown,-0.006358995444173437,Short,-0.005749767923551221,-0.0010150622698046772,0.0027254477244293856,-0.0017335434944741,-0.0038115117587342803
ZBH,-0.005649951868430632,-0.062868837516025,1.0865894681464523,-0.1310611754010742,0.4028467609197767,-0.3782014989772327,0.3163889089104266,Unknown,-0.006384204867785503,Short,-0.007161140184507579,0.0008637553347488637,-0.0026549513062577436,0.002492527335817898,-0.0020851530370489366
SBAC,-0.0028170983573586484,-0.10342638306682887,0.6587917732015792,0.2124439619421374,-0.6379912304519864,0.6226117065326123,0.669863090029377,Unknown,-0.0063858619200567145,Short,-0.004341750383743802,-0.0014001065143903917,0.004204664937114384,-0.004103306576863113,-0.004414715615006536
AEP,0.00020203511441681913,-0.07320250849317209,0.5889698169904964,-0.2191948137141421,0.1484324724875042,0.1810022830909477,0.5314603178903212,Unknown,-0.006452267875179262,Short,-0.0038815905616197736,0.0014445978308639665,-0.0009782404252723868,-0.0011928909316057357,-0.0035025756741483447
SYY,-0.0008094929512241756,-0.011885073510985814,1.1206687029469664,0.2579656055205189,0.5901432629778922,0.2876209054367176,-0.0046234917818848,Unknown,-0.0064683952661872875,Short,-0.007385738512525183,-0.0017001157457057481,-0.00388932412747977,-0.0018955582436675374,3.047100470104432e-05
D,-0.005025152239425096,-0.07907062984759484,0.6524166870270548,-0.1792453529863958,0.1918869869100027,-0.2862534747610452,0.404169322966491,Unknown,-0.006475994236776719,Short,-0.004299735540859338,0.0011813119285490061,-0.0012646262945925156,0.0018865462266655778,-0.0026636676177045925
EVRG,-0.00070849708452192,-0.04181697249665714,0.5857652343139725,0.058633617584326,0.2226795276519356,0.1915582600575575,0.2457192456864274,Unknown,-0.006549682376841599,Short,-0.00386047084119898,-0.0003864233616790169,-0.0014675637492195116,-0.0012624598286531874,-0.0016194064234706903
HII,-0.004957910222694867,-0.042900209974037595,0.4401690130954835,0.2635358204462385,0.6858379295856726,-0.0750544127114724,-0.2290285908388502,Unknown,-0.0066195848969939726,Short,-0.0029009226575977295,-0.0017368261051471654,-0.004519997387783879,0.000494644193275302,0.001509407088267653
FRT,0.00024951002487672973,-0.04454563352547193,1.12531585026016,0.4986779331139753,0.7435116599609289,0.5156118904856452,-0.2858884710237029,Unknown,-0.006651968915517127,Short,-0.00741636541840216,-0.0032865242031485916,-0.004900094637286244,-0.0033981270174330562,0.0018841406788413053
SWKS,-0.00479362911865522,0.008947628239335797,1.1009822059042786,0.3560591650452512,-0.3470405154456059,-0.319035999874092,0.2366120502317097,Unknown,-0.006670233854623729,Short,-0.007255995155721747,-0.002346598848613265,0.0022871616683797927,0.00210259862255078,-0.0015593856840370613
AMT,-0.001688713468001924,-0.1340300295223669,0.788859168261758,0.2988819069544907,-0.4065983452480881,0.5298399358913624,0.4124527913947184,Unknown,-0.006671438000032458,Short,-0.005198956234494905,-0.0019697735870430697,0.00267967602711747,-0.0034918965878998915,-0.0027182596051731145
BF-B,-0.008964943799204431,-0.10593286723058351,0.6660488690080577,0.397850775093634,-0.286334508269551,0.587664741283921,0.242469857452909,Unknown,-0.006770664930970988,Short,-0.00438957808861862,-0.002622025389055683,0.0018870802759372337,-0.003872989493451752,-0.0015979914131689537
LW,-0.0037673664160169954,-0.14354078077749569,0.7136693994887902,0.1942798994868395,0.4965982997805133,-0.1362573425402814,-0.1116614317992581,Unknown,-0.006839584724773503,Short,-0.0047034199805475576,-0.0012803967239168774,-0.0032728184326898547,0.0008980005417905532,0.0007359018191859973
PAYC,-0.007271448545163493,-0.1253192265657482,0.9390988856445333,1.0700503886182855,-0.0399639248543046,-0.100223887945734,-0.5821862081477734,Unknown,-0.007078695627670739,Short,-0.0061891072611693545,-0.007052139802582325,0.00026338122777224364,0.000660522978048086,0.0038368833605068532
GL,-0.000155790374173247,-0.0009060322426266624,0.7252764297836376,0.1063995401675944,0.7180937962398998,0.3126297223789572,-0.1914697088223458,Unknown,-0.0072926098526326566,Short,-0.004779915817755531,-0.0007012234565525834,-0.004732578854524703,-0.0020603782140631347,0.0012618762339953594
FE,-0.0016309872607225934,-0.06046170705247093,0.3815101475852863,0.1192520804197657,0.2770056214298881,0.4814826361516323,-0.036912736305722,Unknown,-0.00747048783145178,Short,-0.0025143329001070173,-0.0007859277953769129,-0.001825598485083699,-0.0031731990369553015,0.00024327244744048066
MDT,-0.004684309804384625,-0.08350109547544457,0.9306719461103716,-0.3746422419311779,0.2781770818134809,-0.4915849110888968,0.2351705619113508,Unknown,-0.00761269828724936,Short,-0.006133569731035327,0.002469070143008019,-0.0018333189648724597,0.003239777822346619,-0.00154988559201608
TROW,-7.482493864282884e-05,-0.09422650228980853,1.424028969158021,0.2372390233655421,-0.0861776080821239,-0.0494014882877412,0.0248868990433223,Unknown,-0.0077009348695371285,Short,-0.009385026612061685,-0.0015635177344893382,0.0005679513287519411,0.00032557924894606303,-0.00016401647359138397
PYPL,-0.0067041886783365786,-0.019920403197261863,1.467586137501679,0.1060424481955799,-0.197149216958794,-1.0977983175017596,-0.0100271832579441,Unknown,-0.007842522688698122,Short,-0.009672089019431798,-0.0006988700510159733,0.0012993068875553802,0.00723501182038613,6.608389559340639e-05
O,-0.0027767266747930897,-0.0795099962061104,0.912393286274344,0.2206909939105754,0.4371356790574036,0.547142018846938,-0.2286009055224881,Unknown,-0.007869019540472656,Short,-0.00601310468944606,-0.0014544583682997102,-0.002880931546962189,-0.003605925524458806,0.001506588439095074
EQR,-0.0002843315087204831,-0.06947274726563538,0.8738061594106934,0.0867258048704249,0.2852411113914959,0.2223794734759799,-0.1376312136605207,Unknown,-0.008021473983742424,Short,-0.005758797213726318,-0.000571564205707593,-0.001879874271691295,-0.001465586249823506,0.0009070550043782156
WDC,0.00021249386841476887,-0.20558341195239715,1.2957397616644797,0.3322572125147969,0.6376378878641866,-0.1367419342017379,-0.5599677969538889,Unknown,-0.008168843526899214,Short,-0.008539539861129174,-0.002189732687351517,-0.0042023362417988415,0.0009011942307795079,0.0036904534880474278
GPN,-0.009992320516659648,-0.06317282128896154,1.040886519873922,-0.3585346857794967,0.8063130731900335,-0.7131025639759181,-0.21785970141537,Unknown,-0.008224575645450984,Short,-0.00685993606922825,0.0023629137048927274,-0.005313985749893817,0.004699684265552861,0.0014357988073009306
LUV,-0.010306610848935176,0.03477801735636505,1.1282561445945474,-0.2626511041473808,0.9710297047917212,-0.5323714189403244,-0.425712378539926,Unknown,-0.008569930318312866,Short,-0.007435743353242795,0.0017309954049375947,-0.006399546510602934,0.003508580262387594,0.002805646576167323
PPG,0.00010093180424593658,-0.03836998734481094,1.0882861426308064,0.1577742380951879,0.1759776627421032,0.8948839148143326,-0.1542014622903191,Unknown,-0.008602721276264238,Short,-0.007172322074435762,-0.0010398070933181863,-0.0011597762993119176,-0.005897709623283999,0.0010162608054730387
WYNN,-0.0065980911793413624,-0.09185749464169327,1.5340318241589022,0.5005861379044917,0.8689024945193119,0.4713673477226093,-0.7983407983187687,Unknown,-0.008607704261405046,Short,-0.010109997623147536,-0.003299100178166044,-0.0057264797352908495,-0.003106534486478361,0.005261444675627801
VRSN,-0.003845017217397226,0.09703491559281932,0.8422714414854445,0.104989998901169,-0.4760502699029481,0.4995806031055407,0.1025400733490104,Unknown,-0.008692840646018945,Short,-0.005550968459296339,-0.0006919339107759809,0.00313739716570509,-0.0032924732267121783,-0.0006757877388914489
DIS,-0.004695323784793323,-0.056924609592794086,1.4678486958759491,-0.2508742885870072,0.3552842800955633,-1.0470819670209348,-0.2527454494017817,Unknown,-0.008901345987136705,Short,-0.009673819403702844,0.0016533806022662712,-0.0023414919891099734,0.006900767005682244,0.001665712439906125
VZ,-0.002312677024885261,-0.1066774994024187,0.5337211221929617,-0.5280442373281344,0.2157102943479211,0.0030988974799342,0.0984041085825529,Unknown,-0.00892436417592812,Short,-0.003517475447260046,0.0034800620823047562,-0.0014216331948274088,-2.04232048273774e-05,-0.0006485297685548596
BALL,-0.0037041166019247717,-0.1234375646901882,0.8219613378282009,0.175710548465352,-0.0629926718502372,0.4457403274087931,-0.3925546507201101,Unknown,-0.009575331353101804,Short,-0.00541711523900008,-0.0011580158894817344,0.0004151515976735319,-0.002937640262525027,0.0025871214164098887
NCLH,-0.01398825357272506,-0.047516772522215235,2.692825543978465,0.1643322279831406,2.537866171129948,-1.2291650069339588,-1.8072127778587157,Unknown,-0.009833374081486124,Short,-0.017746998087279066,-0.0010830273584624115,-0.016725742291597047,0.00810078063756728,0.011910389733075634
LVS,-0.004891991794671407,-0.032082604675007356,1.0266823092101216,-0.143198209256154,0.7920775891286692,0.0486916047691208,-0.6796325903185176,Unknown,-0.009885564115214329,Short,-0.006766323581020292,0.0009437441469067839,-0.005220167155156607,-0.0003209007797168481,0.004479101257564314
FIS,-0.009379477930927919,-0.05798888612449317,1.1126598668812102,-0.781477725436259,0.7973314840619192,-0.4950155815163917,-0.252031271401208,Unknown,-0.009930646627935566,Short,-0.00733295648263909,0.00515030902376177,-0.005254792815753022,0.0032623875683255154,0.0016610056680030957
DAY,-0.0005067821691234988,-0.0998058077060237,1.1530054024737832,0.4529062860358916,0.1804666014263931,-0.496106085943562,-0.9700064209641596,Unknown,-0.0100484832359132,Short,-0.007598852706251773,-0.0029848673301429117,-0.00118936053525403,0.0032695745099476483,0.006392802584628565
EPAM,-0.0008618958152632434,-0.0457086087125012,1.5386525083471394,-0.2826751166492733,0.0030399821097677,-0.4851531749934789,-0.3371301847275628,Unknown,-0.010443898239355008,Short,-0.010140450124474234,0.0018629631487691203,-2.003492458248955e-05,0.0031973896296029385,0.0022218478864711568
EW,-0.002476761228547476,0.033453143986553927,1.2704900508305472,-0.8578046342172811,-0.4260217027883347,-0.2713483494254469,0.3125468796082514,Unknown,-0.010589304199946033,Short,-0.008373132285682566,0.005653339569937975,0.002807685169739466,0.0017883143781847047,-0.0020598322408950814
CCL,-0.011082548603695357,-0.023678827895975196,2.628847844319232,-0.2041703757022426,2.189195417998785,-1.3346972658618548,-1.7336163684318733,Unknown,-0.01134500769825196,Short,-0.01732535468894609,0.0013455796552321049,-0.01442783658331757,0.008796288299223132,0.01142535447327225
