Date,EQT,CF,TPL,KR,FCX,AXON,FANG,IRM,TKO,CAT,ABBV,COR,DE,LLY,ON,TMUS,DHI,MOH,MCK,TSCO,CAH,AFL,HWM,STLD,SNA,GS,LEN,CMI,NUE,LOW,URI,MS,PKG,NVR,NRG,FAST,JBL,LIN,PCAR,WAB,AZO,PH,ODFL,NWS,MPC,AAPL,VST,PNR,FTNT,GDDY,WMB,WMT,ERIE,TTD,EME,KLAC,HCA,NTAP,PWR,PHM,GWW,TPR,RJF,AXP,IBKR,AMAT,AMP,WSM,FSLR,BLDR,GRMN,HUBB,LRCX,ORLY,AVGO,GE,TT,COST,IR,CMG,ISRG,LII,CTAS,TRGP,MSI,BKNG,BX,IT,PGR,APH,ANET,PANW,MPWR,AJG,FICO,ETN,MSFT,TSLA,RSG,APO,SNPS,NOW,ORCL,DELL,DECK,CDNS,DDOG,SMCI,BRO,AMD,KKR,CPRT,META,NEM,PSKY,INCY,CVS,WBD,DLTR,NFLX,AES,CRWD,CPB,BEN,HRL,CAG,NVDA,CNC,INTC,MHK,BDX,BMY,MKC,HSIC,VTRS,BAX,ES,HAS,NKE,EL,DG,AWK,TSN,DOC,BXP,SWK,KMX,PFE,IFF,BA,BIIB,MTCH,AKAM,APTV,ARE,ALGN,HUM,APA,CHTR,CMCSA,CCI,ZBH,SBAC,AEP,SYY,D,EVRG,HII,FRT,SWKS,AMT,BF-B,LW,PAYC,GL,FE,MDT,TROW,PYPL,O,EQR,WDC,GPN,LUV,PPG,WYNN,VRSN,DIS,VZ,BALL,NCLH,LVS,FIS,DAY,EPAM,EW,CCL,Portfolio
2025-01-31,0.10865330018379349,0.0807547537351383,0.17406452135632233,0.008013046288323666,-0.05856124272733565,0.09735493445847698,0.003234983138639569,-0.02746495623322376,0.09218224897048244,0.0239276638531698,0.03489037176730414,0.13143145319042926,0.1290654529878208,0.050621788716006755,-0.16986517397458412,0.05545237062717412,0.014876194662888587,0.06651783776733478,0.044766112112231804,0.024500526767626374,0.045573804981345445,0.03808968418298764,0.15735571268720983,0.128432553921088,0.04615871993829068,0.12390875510053556,-0.005859654652076829,0.02194486887870628,0.10566851867154736,0.05364671940363541,0.0761171961787801,0.10109756768030387,-0.0501704375495885,-0.019895062722731893,0.13544674446768568,0.01849526395584289,0.12863098961170727,0.06879653351964787,0.09654739355215947,0.09668232144471456,0.04628668361648969,0.11166149862559105,0.0534640465671572,0.0400919360008527,0.044516287650915976,-0.057583245941901895,0.22073207449638144,0.030206548119307453,0.06773913698556844,0.07741804305517586,0.03309692139895315,0.08884872290505852,-0.022511547079430816,0.00978474893165493,-0.012866330064733256,0.17158623921483884,0.10148058594975562,0.05186076949729368,-0.02670481086998977,0.046779378178873454,0.008178046996770272,0.12266657690745086,0.0846583220534467,0.06961152999293763,0.23076934392517767,0.10895907114083947,0.02052847337252639,0.14142999984732052,-0.04947798994760466,0.1703631662146392,0.050141552299382,0.009835573940634834,0.12555576957133874,0.09160070396210229,-0.043034578100767384,0.22250536078051586,-0.015877558781776657,0.0694226982518047,0.03692244116344123,-0.03233832163477812,0.09563947583876309,-0.02587935895215787,0.09781072224605514,0.10252107200921357,0.01754739939234251,-0.04488493599034771,0.027201038131842603,0.12046156774008066,0.028504612081302838,0.021387049407701975,0.04252243401680422,0.013519407393299598,0.07941930667550956,0.06541385123717736,-0.058952344860778494,-0.016361759925768604,-0.015278788578710789,0.0018819576240292069,0.07798988762098458,0.03523845261716718,0.08266028583108032,-0.039372892155736916,0.02052321171990612,-0.10100661228428631,-0.12669258059823163,-0.00945216142155858,-0.0012596590437988775,-0.06430443272900399,0.025877267608015675,-0.04006957474241235,0.1295383563828021,0.009409320887605599,0.17800880189563273,0.14777011868857048,0.044808979589677334,0.0736934123765014,0.2581866211213124,-0.012298970086346284,-0.021217025863763728,0.09585783079962384,-0.1452992043443052,0.16340309522429486,-0.07425973335100422,0.11335090010216464,-0.04430986404708381,-0.06702699288422342,-0.10582865544220865,0.05694943621298343,-0.030922641072379298,0.026609635466939396,0.0965571861518475,0.04225600718921507,0.01893640307621225,0.1560694151157762,-0.09397584588420627,0.11659797437204422,0.016778433570215023,0.0345197141023319,0.0214416940821176,0.1126967290690366,-0.0627802908775763,0.0012048349990405605,-0.016538956631562907,0.019240030988785684,-0.0032366100466860726,0.09689876957531984,0.04745593381169644,-0.00037691554825391993,0.034857984422046684,-0.0027118402824859444,-0.05878894583824079,0.0914093672165035,0.04443282730807918,0.03207669716857264,0.011603187146763227,0.050836920910722005,0.1598052872572846,-0.05023825719793884,0.007935354048514975,-0.10311740158665705,-0.0004693936223868489,0.038780904241889624,-0.03061829982084585,0.06646422233481752,-0.046298674965998377,0.03212031187936537,0.04256699218504223,0.043869436237620185,-0.029656001753713968,0.008882923337183435,0.01735459789512883,-0.1264888616522183,-0.10309744365683149,0.012636012078171,0.09478117217817439,0.0005028353111833361,0.14679319727189521,0.04457512923378748,0.037844211106053294,0.027716013178984422,-0.015746821274890355,0.09223533406787654,0.00922915843654426,-0.08174388600198523,-0.03407281371723958,0.00800822944960733,0.038848029376853166,0.019856131592757675,-0.015003860140584635,0.01360043102800268,0.10182669595181815,-0.10767126607266253,0.012939674510937582,-0.026156408947623944,0.08613462817335771,-0.02134272397728121,0.11035312966178767,0.03491632705627239
2025-02-28,-0.05770751297948362,-0.12135348166755167,0.10081940456584193,0.05158986328613602,0.03349241791904367,-0.18971753481973141,-0.032854642808536894,-0.08270158704605757,-0.02944403839424148,-0.07061456438311542,0.14736907548823575,-0.0026356438745264166,0.008876113997552837,0.13506673342503395,-0.10106994449444995,0.15761701446584997,-0.10634251980561982,-0.02992818669006414,0.07651960218073484,0.018211849266831948,0.051563258355656005,0.019463620805341808,0.07915940302663982,0.05358815605766809,-0.03936357682394376,-0.028279248262463863,-0.08510099002326521,0.03348781099589648,0.07038863762348546,-0.03966168573790907,-0.15267920758700904,-0.03203272793849221,0.0020219779861121445,-0.09613058598511592,0.03192117534876271,0.039961878967629705,-0.046117804809000074,0.04691559463414108,-0.032828311290639345,-0.10850322658796785,0.04262420877942019,-0.05450829628010079,-0.04908144838656903,0.019905209691742032,0.030677226486127696,0.024745736812363806,-0.20454679114386487,-0.08925315424164193,0.07067808370702533,-0.15588993581438326,0.049612135075479014,0.0045842528534219,0.06593098361736294,-0.4074823095187098,-0.08692185626586424,-0.039824395995429196,-0.07156494811681757,-0.1788718743411264,-0.15570948278242436,-0.0922833725872696,-0.03901506011382183,0.17109949294269788,-0.07900352797415766,-0.04971627111342769,-0.059970662397865415,-0.12353752147283292,-0.011152784714391073,-0.07679152635255393,-0.18708220386317442,-0.16911760817983912,0.06059758958248329,-0.12155749302950636,-0.053177116328749774,0.06120107179133871,-0.09870305028911386,0.016750871299331838,-0.024948225256623435,0.07014126266368859,-0.09616208131700354,-0.07506422219105846,0.0022207797425379816,0.01456744544866484,0.034551417272975504,0.028759900526517113,-0.06186463991518487,0.05877491310425875,-0.09005705209310488,-0.0819962204901803,0.16631980195965257,-0.05905624271108989,-0.19248459310293986,0.03258862688231856,-0.041357334115826205,0.11901115721103195,0.006826531629642751,-0.10145820645526804,-0.04353588104630235,-0.27587739354213514,0.0960728052808053,-0.1269738389766234,-0.1297860703066186,-0.08702055685042875,-0.0211209654583564,-0.004135237341308162,-0.21425349497804114,-0.15832267956661072,-0.18330882509983726,0.45371663433696896,0.13261999736728103,-0.13876668187355223,-0.18842403121579754,-0.05403074492060189,-0.030441862113881668,0.0028089226689249625,0.044117630082927795,-0.008899725288929461,0.17838600825911688,0.09770119741709804,-0.0066802708959893264,0.0038904006634084,0.0703517633234112,-0.021126946279173997,0.04298568936129188,-0.08947835635850598,-0.03572421907961831,5.848985055778577e-05,0.04039305502216162,-0.09167576201537453,0.2213072136590204,-0.03851190999622789,-0.08913578939836497,0.022528910974288774,0.06966195244296447,-0.09787502287500005,-0.18173767339873248,0.059889504150484996,0.09240620499303431,0.12569168825039756,0.03289992454647228,-0.13807985941930478,0.052090336446236174,0.09090185092949432,0.08585588353236973,-0.009680635792741366,-0.03021601970324883,-0.017486199793590007,-0.03117699893762227,0.01308234649679485,-0.06062687337261252,-0.010706998324728656,-0.02383097932635847,-0.10657044277002437,-0.19239240165805427,0.04325544151165417,0.05043659754353391,-0.1464104866993272,-0.07778871524526343,-0.04602450409091152,0.05233152218958281,0.07491605746828811,0.053987421935529856,-0.047131950121385935,0.10295599343142325,0.07818226584422971,0.0429554746131624,0.018528519851177983,0.07386642579372049,-0.10990567677822449,-0.019919706661427283,-0.248986049087773,0.11175992146286706,0.0030294488389406293,-0.12940804517939763,0.057381049090721836,0.045989501549234424,-0.025879346578369877,0.013212912206512106,-0.0957918962308778,-0.19790018534480314,0.04892558154126547,0.060091804709059504,-0.006074094600934998,-0.06708012548523012,0.011397053428564341,-0.018720716924171543,0.028439857812456282,0.10641862270488023,0.006545236873677807,0.11357528219196955,-0.05403950965672433,-0.1985891003363719,-0.02443821018728476,-0.12704058873956547,-0.12369234442609023,-0.18829739351285424,-0.01145609710063622,-0.13516442931647443,-0.022749802064245275
2025-03-31,0.11248654154100524,-0.029466148281054982,-0.07210326206846496,0.049393155897724306,0.025738306805140443,-0.004730816429627693,0.0057876749561456275,-0.07652681386468985,0.014405055240572784,-0.04113977511361322,0.002344286128728834,0.0993014236634262,-0.0237941761461975,-0.10133990346580057,-0.1351753605256807,-0.007744590764211523,0.005477059638110848,0.09388290378635955,0.051119754904424886,-0.00048424948975489546,0.06402549705970695,0.021394179264198954,-0.04955600656057224,-0.07396163649918541,-0.005859423459752544,-0.11777651344234141,-0.040541626009908294,-0.14462730256109657,-0.12460902075131619,-0.06197712059487781,-0.02199309833415808,-0.1235068100732557,-0.07072128357801843,-0.0001642299701569705,-0.09306797527611388,0.02403282976292953,-0.12126138576514889,-0.0030188218706872494,-0.08920345554689724,-0.020358732973734806,0.09154569229277865,-0.08859108769375423,-0.06260630274823209,-0.05916966704058546,-0.024314350197187973,-0.08049027800241604,-0.12135266399251932,-0.07133753419899769,-0.10878622134244498,0.003565456211699347,0.02715701205882315,-0.10972508926476732,-0.021071297342920126,-0.22184298263326685,-0.09606037747244744,-0.038802101166625635,0.1281422216166781,-0.11992787320555442,-0.020991430629412444,-0.0046474663618207845,-0.030768363533314247,-0.1757198678257612,-0.10189425512413663,-0.10602736772752475,-0.18887634585289614,-0.07981123537034351,-0.0965123240975807,-0.18748068509166615,-0.07159636432725358,-0.10108642704536663,-0.05154405694481112,-0.10628077623591115,-0.05264526992807994,0.04290793116611935,-0.16045733023900066,-0.032998311675802694,-0.04744130441439809,-0.09706661044910336,-0.05602741169783809,-0.0696683723365682,-0.1358807154901016,-0.06691618325436899,-0.007615128133995341,-0.006196757705869249,-0.005474574897939344,-0.08155879916584463,-0.12526539975344242,-0.15768986983406275,0.0035814885888716397,-0.01516516994293926,-0.16732938398329267,-0.10392267001372646,-0.05078496411312927,0.02220643253615573,-0.022365914043497748,-0.07326473502367181,-0.05251332603178793,-0.115434521337206,0.021685941432144418,-0.07998564735394686,-0.06217195756615168,-0.14371450021070953,-0.15807535765474134,-0.1129817348504748,-0.1976894584486899,0.015289428463073795,-0.14877737894662368,-0.174143694168167,0.05092322556487927,0.028840348812411376,-0.1462835228197903,0.03266425063548972,-0.13744395972013523,0.1269841557671647,0.05281705174292606,-0.1761904865306123,0.030888516690555923,-0.06369986888760959,0.030332130956593595,-0.04898218199754889,0.07161344807561987,-0.09515992593983125,-0.003494804857137379,-0.049382829478861634,0.08068470636695868,0.04424422050497512,-0.13240469668658839,0.04384455358625661,-0.042983585325429896,-0.028999031687528376,0.015652044435721768,0.02297898025601075,-0.003631466827551111,-0.050990721952515194,-0.05633796004214098,-0.0032861875856409206,-0.014283370509344251,-0.05559820066314247,-0.20080575087374564,-0.07776266615983762,0.1853598727367174,0.0916812645432954,0.048866093276769274,0.0036056134580757515,-0.052727965272195254,-0.11152186010637444,-0.060865408891698225,-0.0412410345934241,-0.05133853435186331,-0.023363693042347755,-0.026049848113879004,-0.016083212589656504,-0.0022310400261325025,-0.0863022498874203,-0.09534514287521512,-0.1506175391849084,-0.02152212659329955,0.015458981213574141,0.013642465990420405,0.028428079409291707,0.10765158363848926,0.08493102556101695,0.009683405566236702,0.04000119951942627,-0.006619000078156967,0.002138541689448603,0.0005802666331722328,0.17116330223137632,-0.07209266679209125,-0.02024883872830774,0.058262814425257714,0.025067879148788608,0.02756891208679546,-0.004510897786340173,0.03366557621975974,0.05371812071713422,-0.02347314469038675,-0.13100644436988085,-0.0816326924844516,0.022122294699029155,-0.03491981715498116,-0.17371763211559543,-0.06990887250414757,0.08113329529860835,-0.02857808032915199,-0.0625768376103959,0.0672188156365443,-0.13268892780464203,0.05243625181918543,-0.011766931124160274,-0.1654929728956932,-0.1309323876185824,0.050056153621430344,-0.059041776912563515,-0.18094500417374826,0.012007827101067736,-0.18386960146261688,-0.032104756291412455
2025-04-30,-0.07467715022039623,0.0028150962613355812,-0.026169436276461733,0.066775004988058,-0.048336061648278195,0.16608037561015054,-0.16849135831340734,0.051721038911166195,0.06897920689921899,-0.0622497747836388,-0.06882400275761258,0.05242927293214805,-0.008885565897250536,0.08843577399875158,-0.02433025075773998,-0.07408786984835136,-0.00621411234172331,-0.0072254918915162225,0.0603148380247327,-0.08130669132630841,0.025549676063499893,-0.022574057103224243,0.06821869162675687,0.04121571763681464,-0.06884059302678991,0.0023064589949466363,-0.053755055470691704,-0.06253197922438525,-0.00356652085132092,-0.04146126301008146,0.007579334833516915,-0.010714014063628818,-0.05652896215023473,-0.01637682875728108,0.14791539978243873,0.04410048539129452,0.07709265440493418,-0.023404686178655876,-0.07353393701856059,0.018693131584232026,-0.013160982604394578,-0.004589843189245046,-0.07207214226682446,0.03794783875863006,-0.05683300616125586,-0.04335301432775274,0.10570515695816707,0.037151374394952086,0.07791398123066773,0.04546465231338637,-0.011111833200695975,0.11079905299877302,-0.14420717066271493,-0.019919592940389252,0.0840571791564928,0.03367170061714053,0.0008961916503194001,0.021744149278847713,0.15150682341146293,-2.2545927285233525e-05,0.03692947945543379,0.00774808839858343,-0.013462117632483173,-0.009812214139317654,0.03780439056953422,0.03851990279588757,-0.027039331146234247,-0.022960196306738512,-0.004824809131569241,-0.04250044090202432,-0.1362695389504197,0.09751902518414024,-0.011192529424569497,-0.012131977180861675,0.15303362489786876,0.008818297197335623,0.14082645351400735,0.051513043213420096,-0.057246804144900576,0.006174096508268612,0.0414521356745996,-0.025105862557386227,0.029922663647162784,-0.14750332317858572,0.008547619614117208,0.10914378261887636,-0.057733583101888475,0.003192443825201785,-0.004487522326057092,0.17623627963901045,0.06182231636908897,0.09546409603980943,0.025379913755989136,-0.06932985427672644,0.07890856369995314,0.08688606088942974,0.05293158280352861,0.08874826236757749,0.035472444290892025,-0.003359149239125392,0.0703276279375109,0.19955032054235167,0.006508770862969637,0.006692263689987099,-0.00876483097563896,0.1706837104849952,0.02973495219590916,-0.06950937363388587,-0.11093253485866883,-0.052462521922034266,-0.011590764307651935,0.0784590672951253,-0.04662291228592419,0.09761295892345512,-0.014178265533743462,0.034847244202871996,-0.015350520310406623,-0.19198504644111103,0.08924999304206072,0.21360163763253937,-0.19484701895823286,0.2163764577001981,-0.08667335500588447,-0.009006475499802047,-0.03361354164183428,-0.0734907697171101,0.005074884753779596,-0.014165716076963597,-0.1149272921943244,-0.06857594866650418,-0.09179888699196703,-0.17691426326349824,-0.06864287352273035,-0.05139431668833172,-0.021122515974366984,-0.0893952814236203,-0.03076132849992863,0.017608010302053057,-0.10703433337318202,-0.09151508996642232,0.06550671528851892,-0.0034571853271270214,-0.040275891432952404,-0.1177052441437696,-0.037559808778737436,-0.21161402209890556,-0.17004620522567448,-0.03670084688575537,0.016049053897516874,0.07440634542984847,-0.11517096559138951,-0.04935900669973048,0.0009938115527949876,-0.04100838033613441,-0.20357473272959148,0.09089766073619798,-0.0056644347381524796,-0.2607041680774641,0.06330552912173415,-0.07317078368404684,0.03165818937272791,-0.08755277380364423,0.11201515734074552,-0.00851100847890085,-0.048507610646034705,-0.030140847046050467,0.01245402185096034,0.1288962803300724,-0.03884691073875868,-0.005415397879044215,0.03589156607465349,0.03307154406017254,-0.009193198772746602,0.03803203958744783,-0.06361986126748376,0.06086107485153103,-0.04927570074496257,-0.022652229194869422,0.009042089501915651,0.0021235986736505286,-0.00881781097664358,0.08483807736808058,-0.21857109117683426,-0.1624233884150761,-0.004480988946894082,-0.038203618880067514,0.11127734147376867,-0.0785208020450412,-0.028659575141652405,0.0013041098744341895,-0.15453578756186304,-0.05073776959373222,0.0622013902655556,-0.007886214393420632,-0.07065856988042152,0.041528619763574026,-0.06093192513860579,-0.013877639576352775
2025-05-31,0.11508897799886508,0.1574581520889511,-0.1356537289394345,-0.05511705997183647,0.07276684029930491,0.22347953740206283,0.01924096369040451,0.1008141359225121,-0.03130563419023247,0.1307457308262292,-0.03726330544811718,-0.004886164972195073,0.09211328558354315,-0.17940937904600363,0.05843827847825955,-0.01923466615728997,-0.06553740004275244,-0.0671844915250529,0.009427872601199594,-0.04385609041067473,0.09710057203093614,-0.047294818021133,0.22593444581769684,-0.05119111124837172,0.02211532153342044,0.09661220991168129,-0.018748114569597574,0.09406493045009734,-0.08385694249378195,0.015034957760193368,0.1218307397763736,0.1181533573458502,0.040730603940360766,-0.0013780758825385764,0.42270479037932795,0.026620916819921625,0.14635642772427304,0.03166158846318878,0.04035031893782404,0.09516076213796709,-0.007856284971231364,0.09856861460395971,0.044950359046031396,0.04137492036598722,0.16978388647732712,-0.05482352037983962,0.23867938311948467,0.09652950248321979,-0.019082530061327874,-0.0328147818719744,0.03312270495067393,0.015115743031166806,0.0031461779512489407,0.4025731814142588,0.17835944411612603,0.07711799090154159,0.10522212434046097,0.11193184604471917,0.1708274749485117,-0.044355652359508335,0.061748816632340775,0.11181879066850775,0.07640813231429733,0.10741399637970805,0.22013364287437276,0.0400769674210808,0.08114307938645804,0.05223999994601103,0.25639804657036547,-0.09989130832317228,0.08615624608453998,0.07269118423320808,0.12724983112077237,-0.03370548740871915,0.2577025242815394,0.22015485125983192,0.12251169230171088,0.04593261869482679,0.08232787114428608,-0.008709394813809945,0.0708414888231379,0.0345975493557229,0.07001131970166852,-0.07067462990788975,-0.0567906638802006,0.082296075584402,0.060953235015075435,0.03643019699168204,0.011682219178526188,0.16868104151504326,0.05311781850584496,0.029369313138519093,0.11600090168062827,0.08341393652203855,-0.13238310547409804,0.08774668521802043,0.16470162381801146,0.22788484181294844,0.028529370749509342,-0.04242379335335522,0.010827653241135993,0.058721915494378996,0.18053318793281603,0.22039632899765715,-0.04791126141227453,-0.03583657976799681,0.15387620425619697,0.2561205176951187,0.020795672425745648,0.13744227118938546,0.06292121595908129,-0.15648041014101421,0.1793989159007532,0.0007592793655502028,0.030664506452156237,0.03830191056088883,-0.030127303124302007,0.149942350404223,0.10382788123837194,0.0667214608957507,0.008999995013678097,0.09909762977964509,-0.05703780018249305,0.15351809074448064,0.03599922849953563,-0.06020120297645226,0.24063540700107722,-0.05697577154841993,-0.02736324027870507,-0.05397271220101785,-0.16659422422676207,-0.027822494660274866,-0.04564862221849075,0.07726637749322807,0.043942976678399415,-0.021495029085733086,0.08960983945537015,0.0777058605062344,0.07429078236144848,0.11641086541307466,0.044695928353287506,-0.02748112722826257,-0.08295232520575446,-0.018716127764376145,0.05648836750545394,0.09013657764044192,-0.0032472413165679503,-0.037689567465798546,-0.024216176287508495,0.1314123614306164,0.07193583852293872,0.015571872436040524,-0.0577066445072828,0.17087269463554855,-0.033993919374974535,0.04408539674287115,-0.11100524978683579,0.11253884043313955,0.011254029053415993,0.019985233513156953,-0.051153625157847826,-0.10557978620497421,-0.04728841951792728,-0.044766438044681056,0.029370813059293788,0.04211099229985993,-0.038928996632422996,-0.03160539626891934,0.02707833336637111,0.07389555547596016,-0.039900355796408715,-0.04305382803310254,0.05623929217887258,0.14444100096554235,-0.00990959923228285,-0.021921728202141777,-0.021000377971066686,0.056916940691345896,0.06743624979976715,-0.01687214084000732,-0.0017080297599479932,0.17533053770214524,-0.009173049542925749,0.19384846621203078,0.017821043756914845,0.12738146419751395,-0.034205301442531866,0.24288072373997305,0.013755596625874666,0.03157488807889175,0.10106044044094165,0.12244344186935852,0.00925464420327704,0.020908984316098334,0.11203875737644586,0.03616377582978503,0.266085012000395,0.04511425965943264
2025-06-30,0.06099956736357437,0.020154402793242765,-0.05174001778409465,0.056392780992248426,0.12655916124219213,0.10339039741546618,0.028282159298520737,0.039104397885548536,0.15296874121833604,0.11544975133084723,-0.0026329532648055043,0.031547142229210845,0.004404758105401196,0.0589124331532358,0.24726319077246384,-0.01263666397551999,0.09547722095544242,-0.023406813664128556,0.018443041746926347,0.0952894999913192,0.08780111008972136,0.02416765904197704,0.09628733838383319,0.04013969527814565,-0.023540911739013737,0.184574569042802,0.0427035725745597,0.024520384848053745,0.1845281329862205,-0.017100097794208402,0.0661970058590311,0.1002109284697077,-0.024434502576354933,0.037905090944829745,0.034171857726780885,0.015965192241405468,0.2987597731076914,0.003421943122660309,0.01637721117949753,0.03604642606275821,-0.00557456077948737,0.053761705010260785,0.013298308685524507,0.0485941919965005,0.03926284559515181,0.022848097613856755,0.20701235816750652,0.03508773007658661,0.03871096961315956,-0.011474040131713714,0.03801033950428434,-0.007127116206684936,-0.03269084460210181,-0.04294075123121888,0.13357781146523817,0.1863125934701717,0.0044835417504984765,0.07452595188647737,0.10368998001731589,0.07579316037295603,-0.04142126324904727,0.11788651843542874,0.04347534516544749,0.0847816592486983,0.058657920641710604,0.17123169182474496,0.05156403964310252,0.009953032542571627,0.047191240976974136,0.08367386797976506,0.02832927343766367,0.05183194657773549,0.20485202107459455,-0.01137111772166477,0.1387202106863421,0.046683786273409744,0.016594312681967205,-0.047059332977739676,0.0191082266681859,0.12120605986806932,-0.016167674413832378,0.015572606147510104,-0.014231587654205735,0.10226052777825623,0.012229801595222023,0.04897859968521878,0.07797633031578188,-0.07378216218116851,-0.06341909901773157,0.09807624471077947,0.1808633227184513,0.06350691890768978,0.10497044909461706,-0.07863237534903922,0.05890118052355087,0.11877902964287834,0.08246418480048434,-0.08312644608295305,-0.04150951066558428,0.0894044197563737,0.1049613788018331,0.016803577068961184,0.32078785764808515,0.1018243915341075,-0.023218319067603743,0.07343151859296104,0.13954873569527493,0.22463762510411533,-0.01665544313522138,0.28149543569200164,0.09697632393707156,-0.04681429431885342,0.13992506492210044,0.11025705320643575,0.06611566969535332,0.046726114725049506,0.07713932108910049,0.14944831791865143,0.09727452439433315,0.1092584068850313,0.06129524221399252,0.0804887940106187,-0.09958877765762109,0.10212578087179036,-0.014015696054061388,-0.10572301921730454,0.16917036543609654,-0.03827072825001587,0.14578007625538913,0.04204349174389699,-0.0019699055787558706,-0.04121786293992147,0.042485854102260134,0.04372060699474356,0.030475169275673064,-0.0016849632053370645,-0.006163053283137487,0.1180292958100897,0.17247072081549653,0.2132348536873041,0.17614387681529386,-0.021152631551525247,0.0050369808207810784,0.011563348342459978,0.0020792013287449507,0.03545785399617207,0.04266211664984709,0.05161487980032575,-0.039315533728569885,0.01065980793927368,-0.032359944272557506,0.03173007185137333,0.050441219733481146,0.02110468060912174,0.03476265199972217,0.04636895809030461,0.04868529749186723,0.07524988986195558,0.03164511292245131,0.032398177555267305,0.02371707241038923,-0.010415604151329028,0.01759231307727127,0.0115522776493453,0.03753414685169121,0.009419948539407086,0.048571736477313054,0.08906193329843592,-0.005132007699450658,0.09053164595721852,0.02967628899291741,-0.19286146923694314,-0.06380809247220742,-0.10557349048211373,0.01985719520519913,-0.030058988597296832,0.05049398565548868,0.03109309660539661,0.05748436226708775,0.022237512179751118,-0.037781657139282054,0.24131913519422854,0.05859010955147337,-0.028160675677998404,0.03304331134829375,0.037223014583622316,0.06282359436641416,0.09704534476537519,-0.015695985446230964,0.04684585407645292,0.14900856241491534,0.06403779274156074,0.022610204478009877,-0.062457723860906644,0.01335321082406371,-0.0001278718977754112,0.21102505062908206,0.04340647594014324
2025-07-31,-0.07836076035689754,0.0090217515996871,-0.08223062404104642,-0.022724184729292496,-0.07174158602343772,-0.08750635552876351,0.08195055254636374,-0.0434028007456112,-0.0744689638462861,0.12830686339488095,0.01831714742272328,-0.045922988085178695,0.03449447105822823,-0.05062026491881,0.07536731103425098,0.0006296366910292228,0.10797399873266089,-0.4700570716594433,-0.05261468632388033,0.07921165299043853,-0.07607150981636379,-0.05784185276835696,-0.034169704961848235,0.0002965580742506635,0.03216789431519196,0.02238089855203773,0.01419402262691194,0.12250379855785631,0.10908784704884278,0.007662227828244328,0.17194050785012194,0.011358779889611537,0.03481557545579572,0.022182184755869416,0.04122549786802465,0.09833329867557294,0.02324619957252949,-0.015883231808292764,0.038922908844407855,-0.08263674804312904,0.015125652945912282,0.047861864366013585,-0.07882451215440545,-0.025940049453025193,0.024561977153363168,0.011697684225302707,0.0773660467515993,-0.004480895694961684,-0.055051074752532125,-0.10263243352450935,-0.037524230036857564,0.0020454616398879466,0.027249818845266116,0.20794557112103784,0.17311960147999406,-0.018654891496046933,-0.07418954409413947,-0.022712384643132966,0.07419059603062594,0.07304262967821606,-0.000672832259210665,0.23572955105279947,0.08971770864102346,-0.0616653576381907,0.18317993614739847,-0.01644183064546767,-0.029115836274477447,0.14494704661665558,0.05551530030510854,0.08946777437397069,0.05280920029988723,0.0711784538574518,-0.02325867751110855,0.09086877499044865,0.06798948762557688,0.05318763574746699,0.00372171239080199,-0.050811157155280284,0.017431951055541406,-0.2363312573181331,-0.11468316718571592,0.06482150735778092,-0.0014358223016063265,-0.044060215426713345,0.046809291550631515,-0.047619039558856824,0.1563044330004313,-0.1622136636537016,-0.09300747385124486,0.08049154396305291,0.20437888924527892,-0.15168096844470969,-0.025471551818260885,-0.10089903116741483,-0.21403094083024166,0.07767732522606119,0.07255576181230627,-0.02955995259652,-0.06471764582661854,0.024318151946668864,0.23560501627648556,-0.0826394488386154,0.16072809429476043,0.08230020146943495,0.03007663228217483,0.18309269685823604,0.04206055105359363,0.20322389800889917,-0.17588164547621954,0.2424947508049189,0.10185680421803767,-0.07621760512792863,0.048700086627198935,0.06591142072925793,-0.02146643122979508,0.09970632999340201,-0.0997391490745917,0.14921466265544603,0.14650648218107887,-0.13421398954174402,0.24999990798905514,-0.10747872710578643,0.04143555589224457,0.02019306433096646,-0.071404889978115,-0.10796287522276837,0.1259089148362973,-0.5197125962426192,-0.11607144750478349,0.09223584640960691,0.04107530365359224,-0.06437666993954838,-0.06845162334834787,-0.07392198897382529,-0.02127659634709267,-0.2813738478197594,0.038981477680717136,0.018152302296576606,0.058366592225669756,0.15519796807489383,-0.08288155661078267,0.00812313501994466,-0.06506973716538678,-0.026841571116675067,-0.016180970815173,0.01149380341900641,-0.1577146051941294,-0.03919141714627983,-0.02907653798599974,0.05875052561292238,0.019189455611381634,0.10942054579784166,-0.043254820554597284,0.006156525395617729,0.07159915738225431,-0.3185971939838753,0.025831097548239645,0.05467466797598575,-0.3411120399264044,-0.0689269657136985,0.03396042400344279,0.007429821987327445,-0.04309319966507885,0.09040086530230762,0.050963856949039155,0.03414719031322866,0.027129023008513498,0.15489096268579083,-0.02979254154252231,-0.08024685799261944,-0.04972358702901469,0.08082018546874714,0.10067510145213454,0.0006049912133170299,0.13017950739838424,0.060854393037116816,0.04381808943746046,0.06560400817973933,-0.07481159275015603,-0.021038930134542277,-0.05407279694286182,0.23201467778513618,0.0020757937242172897,-0.04105727210992649,-0.07252751470541063,0.16397991091285857,-0.06900965042839324,-0.03541706791806787,-0.011786478542790912,0.024684173106090723,0.260354960569777,0.2043208861810626,-0.01976716773103282,0.04116264316860829,-0.1080760084768897,0.01406467833959213,0.05867708288446827,0.006250193093744484
2025-08-31,-0.035534844460751835,-0.06678881101168255,-0.03579067558140969,-0.03223964478960162,0.10701889518424079,-0.010853899199251504,0.0006726984472820163,-0.051663886375536094,0.12826619802922612,-0.03982678553470442,0.12272362777651047,0.019330252795012548,-0.08720943203887477,-0.010120646520909049,-0.12012065980706876,0.0569606867091621,0.18650237441501538,0.14543616532418113,-0.00994890562983397,0.08446002279924159,-0.03856511805390128,0.07548310395757363,-0.03154025428617557,0.02634052348576077,0.012609389555192863,0.029934005384538942,0.19201137007055213,0.08383657815614542,0.039560992650450544,0.16040822618766537,0.08313135266342386,0.06363491446909308,0.12495488692257761,0.07525801747151473,-0.12942584732878337,0.08160731719627634,-0.0821795085438578,0.0391735369466657,0.012353132038041004,0.007550117550860103,0.11414717086039805,0.03750497888251503,0.011524250105983125,0.013464960807374471,0.05593749850856655,0.11836969203761205,-0.09317156672319549,0.05462366095687399,-0.21151155722109427,-0.08212652630095585,-0.03452877233996843,-0.0102061969663223,-0.0012267573180964053,-0.37143513766927705,-0.011492577797594605,-0.007997493244453091,0.14116211580552251,0.08842488216634958,-0.06911582879796008,0.1691463920545735,-0.025049625357622007,-0.05748400845335655,0.017137532171824787,0.10960668105027427,-0.05064057522750731,-0.1071864912216367,-0.006522674923848282,0.010011267282828529,0.11709498775250715,0.09085184991616924,0.10541242465583567,-0.014834990082004507,0.055989060472676044,0.054515873036004026,0.012563829058100495,0.016681169855355282,-0.051314784769116994,0.0039164126487256645,-0.06144387907481608,-0.017257501435039013,-0.01619241432842977,-0.08397376373443455,-0.056257040811747094,0.014171889121635362,0.07626769550690726,0.017258153466632287,-0.009019587176324562,-0.25826072061240346,0.02113648877715435,0.022063657376809376,0.10818050396055656,0.09746542382177936,0.17507461024348392,0.05395992792112825,0.059106886297839445,-0.09248284333686474,-0.050252976037369446,0.08304410751177449,0.016804514377435797,-0.06255164618263087,-0.047279196418584024,-0.027207538046879365,-0.10702407797073732,-0.0756702503032014,0.12677780269382488,-0.03878545781630538,-0.023574818907447392,-0.2955740196608394,0.061070283726200714,-0.07759056700879685,-0.04836951651055865,0.07677033751401474,-0.04491619768833233,0.19806769482374187,0.16945102274648804,0.12979037654122227,0.1907856142143305,-0.11617310028140859,-0.038573357660513063,0.04213384040151191,0.02965784793160875,-0.06791032099103866,0.012678485569102671,0.06916666576156483,-0.0856486102563796,0.06691336709034723,-0.020745556564149226,0.11392409916825752,0.22979804619426858,0.1587634264277904,0.08263675172280438,0.10372285574015949,0.0023208675711892113,0.028529198172214887,0.20709387403107016,0.1346507230716245,-0.030711068531577457,0.07996271672175093,0.035881654965364884,-0.017248707308398337,0.04208346956466058,0.023317103437431097,0.08565967222558424,0.0649482996017523,0.1082072376453207,0.09815219159055566,0.0837307509083951,0.08146152495113146,-0.04955651663285032,0.057879537287410354,0.03296875953125,0.0960020220300879,0.03695452470408922,0.1586538386768479,0.07863409624576656,0.10037991435614058,0.21527197322189395,0.2201319914971469,-0.014033260267252823,0.031639949022840286,-0.05661809262842765,0.15766500265586259,-0.08842107531970922,-0.018737888131758473,0.018006406616861703,0.02480753996097218,0.006497186010389289,-0.02893915783106804,0.10381976499771373,0.09337617243594143,-0.021786033262260474,0.037781618845347475,0.008060246629174816,-0.018960023180028096,-0.0014606114116758606,0.021306547923492625,0.02847960727999066,0.060818214840355544,0.020796978701199453,0.05176651538387911,0.04620262237132877,0.020968324520041826,0.11094439621862251,0.0636922295908966,0.05431282207116528,0.16252410823600938,0.016736736985524248,-0.006128816692648975,0.05110275686759702,-0.08068460982027592,-0.028168988064536937,0.0998091552692617,-0.12089161608128374,0.20981444171944563,0.11825498133605405,0.025595748864627677,0.07121259312200912,0.0323671303744087
2025-09-30,0.05318066747662398,0.04154538202174041,0.00017140512637192629,-0.0012892550537310088,-0.11666667817551613,-0.039676650633216126,-0.031126333217570523,0.10408321616721294,0.0654146782689411,0.13867407449342184,0.10047530029260421,0.07374246053036759,-0.04466824640015854,0.04381207997873182,-0.005646275038375892,-0.0466935206464405,0.0025440046421751905,0.05823148080205942,0.12510186692463665,-0.07572698922563637,0.05498059310297454,0.050995764411680966,0.127856117913963,0.0650014744418117,0.0725611033464888,0.07428777601246339,-0.053327383662509,0.06546492755771571,-0.08942389878219603,-0.02615670798970149,0.0001957400384398067,0.05635307828699898,-0.0001377344739642572,-0.010223370937206488,0.11553526285722504,-0.012484875792845962,0.060635381771768415,-0.006878674651931149,-0.01336878892950466,0.03735471270820345,0.02184346757385347,-0.0015802028060643014,-0.06749680950746784,0.020076812038653413,0.07847612864110953,0.09812604808149294,0.03601077043756562,0.030038160482158904,0.06741151982357119,-0.0774054070451703,0.0945058520732025,0.06517534697813088,-0.10220667215621138,-0.10336629245343842,0.04764507456191214,0.23961850536532414,0.05505504633578484,0.050270367676996885,0.09646523320905676,0.0008331840516948574,-0.05749167285119672,0.11196231385565536,0.018649683920936688,0.002656366900617435,0.10696964941733134,0.2772257049181106,-0.04271041747669868,0.03857798583184269,0.1298222041253847,-0.1256849841362423,0.018195329507363356,0.0013873439464269222,0.3369944304283432,0.03983407829524932,0.10935138308917747,0.09309585512065288,0.015303152987174995,-0.01739351235053055,0.04041880886372673,-0.07000476513295939,-0.05508129616003088,-0.051088080540925174,-0.020720277207423643,-0.0013114045493538562,-0.0321084893046637,-0.035681030389922874,0.0028531197827144084,0.04649863675521848,-0.00044523378568139815,0.13678115298625682,0.06708168037642537,0.0687591358198536,0.10156025323462958,0.023088315812559435,-0.016501922339217434,0.0750412078899958,0.02390309730502893,0.33201547824073896,-0.01919052761748019,-0.01813552409004837,-0.18247945605145843,0.0030737114015548794,0.2437092837084036,0.16062220625663537,-0.1526372558702036,0.0023685674951856583,0.041849586818400564,0.15406830929843895,-0.031060314949499457,-0.005165169801352509,-0.0671824668428379,-0.0786724040610286,-0.00584809972546918,0.13319883301585933,0.28707484838080655,0.002363750721641855,0.030621979673935318,0.6778350618158144,-0.13556833991105677,-0.007721875481067619,-0.014880105918295694,0.1573754796989506,-0.010961436984024964,-0.09859712298588974,-0.027515777555639387,-0.042864596236605323,0.07119085198883135,0.22865010949180076,0.37782335591076466,-0.028412119983980855,-0.030106756849519245,-0.044086479632157394,-0.049168704031087085,-0.04613393210081784,-0.050958028381371645,-0.07129380473634428,0.11034802360422691,-0.05729797240034562,-0.09874628932739415,-0.039354665768759456,-0.04974254533355271,-0.024553315590694624,-0.035080443344533085,0.07377436227992118,0.02523778743735061,0.0005385028654425472,-0.26862265608790004,0.029079131797730362,-0.08843134064574132,-0.08032210430355302,0.05944638131504609,-0.05409753893880387,-0.04258808577173312,0.08411923227241869,0.010917002819250454,-0.11792057409659717,-0.14321935270381458,0.045650362252315,0.03588372340506951,-0.07506629963556233,-0.026729867249615236,-0.07163056518119548,-0.051432061177283606,0.021685598314629573,0.023238459151966984,0.021201935929189952,0.0767126855161806,0.06846245579976062,0.007558379997659959,0.036811934194559415,-0.05656117290823215,-0.09552438946502106,0.016148237477772165,-0.08221766074766079,0.021579081697041147,0.06130760754743925,0.02618252735573079,-0.0462739513691498,-0.04459331487665352,0.03952920406358329,-0.02102244958357391,0.49439878766634626,-0.06462505326289947,-0.030091235258867255,-0.04870582841865545,0.014309012062269089,0.02563049020109487,-0.03277578425522398,-0.006330465956612352,-0.042173283519782556,-0.008454146084214131,-0.062157530401892314,-0.055436111930323384,-0.012612832053592093,-0.14498756652051237,-0.04388984338132318,-0.09344620874889276,0.010387471744020178
