Symbol,Alpha,Beta_MKT,Beta_SMB,Beta_HML,Beta_RMW,Beta_CMA,Alpha_annual,R2,N_obs
A,-0.004788397653080639,1.021641385060958,0.2837994807255412,-0.14920666244692105,0.058457585309638474,0.44930081720013315,-0.05597137018309317,0.5565383593170177,59
AAPL,0.002323704562614885,1.1758913937340434,0.10973195588582212,-0.7748497548249225,0.530433055806914,0.4994014852013618,0.028243603386299165,0.6929006137481797,59
ABBV,0.0060935371366160965,0.536339292029664,0.2801550885521667,-0.10654603562820507,0.41742418383898444,0.603962725649907,0.07562357093832994,0.24617506509802733,59
ABNB,,,,,,,,,59
ABT,-0.006124222148978443,0.8228508238614215,0.036670083736096294,-0.5460472979555846,0.082276831171001,1.1326413839543659,-0.07106510689211609,0.5586947336361527,59
ACGL,0.0013647151379947685,0.5889429807283892,-0.5243250742105368,0.9547599883344124,0.42716057495119686,-0.5449716356110801,0.016500064081860888,0.29928040011971724,59
ACN,-0.006797024978755678,1.1769430524181466,-0.014674032877500761,-0.28789506114079966,0.37604599597587507,0.028797309156555942,-0.07858316869906412,0.7106582853069305,59
ADBE,-0.01433128370082173,1.3546168230928435,-0.526940661211775,-0.3195714781292535,0.2221029510237499,-0.126001248220256,-0.15904709580531295,0.5049585123489977,59
ADI,-0.0010671762102221107,0.8598232842154603,0.5249226507139766,0.08919412563925806,0.41815948287737376,-0.13814430966627123,-0.012731216168871295,0.5276273371890037,59
ADM,-0.006981156961570808,0.7641996935649363,-0.10305713820175241,0.482952560721505,-0.015304172234095265,0.7374522640199488,-0.08063096060453678,0.42885555787243745,59
ADP,-0.0021253821597034023,0.6657776922829317,0.3948480641230576,0.09696914625485512,0.5919794690949767,-0.11937034138796497,-0.02520854958837293,0.45426573966583406,59
ADSK,-0.006802233313342987,1.4049922479928827,-0.3859373904661605,0.2783392601583448,-0.5518002749941611,-0.6025291228208843,-0.07864114970227898,0.5978140348094911,59
AEE,-0.007268000087385124,0.532426420973232,-0.32105363461999825,0.17122081225081198,0.37132062295209173,0.3488197288149919,-0.08381272646563687,0.3395454254582907,59
AEP,-0.00937783984325374,0.5889698169904964,-0.2191948137141421,0.1484324724875042,0.18100228309094776,0.5314603178903212,-0.10690744965524168,0.31582841026503705,59
AES,-0.01776731621251657,1.0197184584206673,0.47140375128095585,-0.08595877857012915,-0.06256985569024606,0.9834799764495773,-0.19355904696616422,0.2946035209577049,59
AFL,-0.0010252767744708062,0.9635293793914371,-0.13169114134851612,0.5924617739321072,0.2273948166398552,0.3516481901834063,-0.012234179152834979,0.6448197717180217,59
AIG,-0.004222572447672368,0.987496501458841,0.07319858207352017,1.753380782673249,-0.08923276189739683,-0.9789483430823938,-0.04951048884241516,0.6992647459217884,59
AIZ,0.0021112002250158472,0.5751568206195852,-0.09937642678497723,0.3443987439204847,-0.11292124076113659,-0.2342774385038296,0.025630655742622688,0.2734101296962541,59
AJG,0.007411633197935389,0.6986904468159171,-0.1572151897700599,0.3138477515964796,0.1886547110268135,-0.5179304774659644,0.0926562125571404,0.39711568469189484,59
AKAM,-0.012551512420146186,0.7742256185348179,-0.1911027133906426,-0.7315048895100429,0.30050127222238787,1.1122413443883863,-0.14064345779804122,0.3611782374985322,59
ALB,-0.01103618364026835,1.4031015653462615,1.1710501708105308,0.18639987199621236,-0.48236382252683313,-0.31677319285089584,-0.12468408265391107,0.4666927653754581,59
ALGN,-0.02028737314578566,1.464302543149144,1.4078223517650121,-0.542754495023587,0.07328824124913055,-0.29200108695515115,-0.21804013140685163,0.48669721467503446,59
ALL,0.004709384585593098,0.5956587500241707,-0.4708947373345704,0.6876998313655711,-0.5926145229944173,0.22362278000561772,0.05799960651559122,0.357845139776649,59
ALLE,-0.015770370168097608,0.9296394748688602,0.6334814905452543,0.32826678542310417,0.7626483449532181,0.07505670514295147,-0.17366295678574895,0.7108912811560841,59
AMAT,0.0010122111109911324,1.3793196683989974,0.22942708450970364,0.15247346883189003,0.07795353374576254,-0.3263689501766044,0.012214383718500033,0.5449882103458141,59
AMCR,-0.014131735361603445,0.8023351349976492,0.15227895249365403,0.1557341951042671,0.7272361864275482,0.3438819330341343,-0.15700181144264214,0.5862001474894196,59
AMD,-0.004278772472556887,1.7672232020163703,-0.7376768254014163,-0.7408428236657305,-0.14798975209384302,-0.03629178612918944,-0.05015401766045646,0.45915531247720076,59
AME,-0.005374720060841663,1.064684266998173,0.18203134376145258,0.040976557742561086,0.4304048949365773,0.0023848441915791515,-0.06262380637365872,0.7646680544026181,59
AMGN,-0.00729717233407277,0.6029750376672041,-0.04360217943844449,-0.3065983986151599,0.5435071084631863,1.2805405169881723,-0.08413574925773237,0.37096372423209656,59
AMP,0.00692811465120474,1.255151491440039,-0.02414704781657983,0.8989727118946587,-0.22928016689115013,-0.5790302164013738,0.08637960699337555,0.8137310513761574,59
AMT,-0.015845737923144018,0.788859168261758,0.2988819069544907,-0.4065983452480881,0.5298399358913624,0.4124527913947184,-0.17442196191487824,0.3693169049827133,59
AMZN,0.003580376434556678,1.183539694406636,-0.5357497990735037,-0.47633439842365016,-0.7258131284470187,-0.5968997046218286,0.04382075670400787,0.6830026069487432,59
ANET,0.01919147366111698,1.1425604012085233,-0.5157133516717263,-0.6928772938508525,0.1791684256103755,0.4107610121630545,0.25623063904856824,0.3764000627809654,59
AON,-0.002622157058931527,0.8998808538901253,-0.31229160952351215,0.3874209378107744,-0.04647394904256656,-0.5836809054877347,-0.03101603112017648,0.4448250842313374,59
AOS,-0.010038893699665756,0.9752542613174616,0.4565343323229058,-0.19906293192791014,1.1105410804485125,-0.048514444797339955,-0.11403291420855355,0.5678743556460502,59
APA,-0.04080077912768818,2.8412080132671003,0.5125770344627617,3.328653683382697,0.8061034507332608,-1.239311758340162,-0.3933952483143953,0.524775932346994,59
APD,-0.012040015893701963,0.8214759210137079,0.06337628575254006,-0.20012570241253647,0.8968393667024208,0.6183408923509115,-0.13528647135017113,0.44448029675636735,59
APH,0.0015212554739065687,1.1284385177675866,-0.04146541411797978,0.25873550268200585,0.36924479224056334,-0.42272466413844284,0.01840858126045153,0.7848966549604859,59
APO,0.008269884775816045,1.5519628796219394,-0.37937408955856444,0.5922123890901375,-0.5584824759373773,-0.6315376636916524,0.10387919797894152,0.5912065636791184,59
APTV,-0.031162376482725265,1.3656593522829226,1.499351466231637,0.038785724045562034,1.504284925214059,-0.40001634152340565,-0.31606953635907664,0.6820473803215132,59
ARE,-0.020303908082302764,1.16352382529235,0.1775960814901442,-0.14211487353700442,-0.0904682047065351,0.45943471961208504,-0.21819848547476373,0.5814442917944507,59
ATO,-0.007317401861714245,0.7177262234188907,-0.20720744998166454,0.030964161677649413,0.29835236239096247,0.46789633953281584,-0.08435968847781261,0.440493590099176,59
AVB,-0.010560024422627465,0.9221318740956501,0.036457096212366744,0.476579675247698,0.23640771154070098,-0.4449836345020772,-0.11961337883341505,0.6177240328376036,59
AVGO,0.022171228657470843,1.0642696867681454,-0.16464331491861756,-0.2638377379291357,0.1408323233654446,0.06830614559577756,0.3010195750653428,0.3716384893943637,59
AVY,-0.00548401543350893,0.7640273306258735,-0.0176120546938763,0.5205447030254627,0.38635179986126617,-0.6663564092692011,-0.06385911361891605,0.5121209363479001,59
AWK,-0.012434289370592324,0.7133835312667873,0.2914947369667024,-0.5938449171439175,0.38548722058653373,0.8953097542210551,-0.13941845584805757,0.4091072347292264,59
AXON,0.029840746958961037,0.9963756525735704,0.6907168550003556,-0.7686213946842528,-1.1132321600179471,0.5938408095306271,0.4231178137754341,0.34375467536038407,59
AXP,0.003858108578285072,1.2196356079619775,-0.2428639069248899,0.8936942723379571,-0.6826170675368213,-0.413392974230009,0.047292457561928014,0.6963862997020862,59
AZO,0.004963310204481695,0.6481444828044156,-0.0640218202822059,0.1965249033630828,0.6537390261074766,0.18973419259776483,0.061212797876951,0.3719957621654262,59
BA,-0.02973947718738409,1.2764375558260275,1.1185190109549097,0.6120566770493109,0.7044243976390289,-0.423278577590584,-0.3039181047082613,0.4761522616695292,59
BAC,-0.005440615280866257,1.3064926326144122,-0.2961731965740943,1.4082317989865074,-0.6929887464973128,-0.6963607784630803,-0.06336876360762556,0.8814787015318692,59
BALL,-0.017152868076538676,0.8219613378282009,0.175710548465352,-0.06299267185023728,0.44574032740879316,-0.3925546507201101,-0.18748442234135565,0.3680854591960735,59
BAX,-0.026947397970339775,0.7662771622333232,-0.3564272213313058,0.1409095012256237,-0.29485824770053526,1.0911565010796382,-0.27949695602599733,0.3746007076732961,59
BBY,-0.017148908912010145,1.3798089254226409,0.03721007465142819,0.22875233850322277,0.46339654578269196,0.08339373514860156,-0.18744514517580013,0.5491763384498256,59
BDX,-0.010954371040892278,0.49918543097017254,0.03296778118900361,-0.310889943396218,0.16153411210278928,1.184922523855684,-0.1238147550485128,0.35026534981087876,59
BF-B,-0.021447333620344317,0.6660488690080577,0.397850775093634,-0.286334508269551,0.587664741283921,0.24246985745290908,-0.22907797089023552,0.3888426823096661,59
BG,0.00027312390111611446,0.7256776642631072,-0.2645108393798053,0.8955381386572512,-0.3095421737212517,0.08058954822551088,0.0032824146783732022,0.38651838711731934,59
BIIB,-0.011657295822026355,-0.019027268594435338,0.3747390570912856,-0.7279878913098295,0.09617989083896306,0.5779522239083512,-0.13125817969186848,0.06620331304133431,59
BK,-0.0008135751595920529,0.9764485845139548,-0.17966006312365895,0.8520926577109392,-0.05843178107473073,-0.6070399542300565,-0.009719334470858154,0.6728077704438392,59
BKNG,0.0019552966900825016,1.4121488902144854,-0.5518001603945987,0.7688180365780404,-0.4617045477653536,-0.33598305979044735,0.023717542360094823,0.6358289261213996,59
BKR,-0.0008119038556462454,1.3414398522603466,0.33318207462201427,1.2065397435984586,-0.5233645076078064,0.3992966602254992,-0.009699457396846745,0.5949246436078015,59
BLDR,0.0033852843347300784,1.6826477014418624,1.2412927819184276,0.4981591551082716,1.1203640187951647,-1.1702235096372302,0.04138838237350839,0.6100956937129266,59
BLK,-0.001864110700394068,1.3014570539826238,-0.03717203841977184,0.031161385070753816,-0.20465627599899752,0.31727263634916614,-0.022141403546166782,0.6982226881665982,59
BMY,-0.007859184107875974,0.45588211159721426,0.41283837599302675,-0.15923262122248577,0.2778323473565123,0.7666741483943218,-0.09033853321448426,0.26959067249837343,59
BR,-0.0016299238914853312,0.9639922465272291,0.20467092572014575,-0.04012870382837599,0.2695640720185045,-0.33051063533635605,-0.019384696819318203,0.6488324795598144,59
BRK-B,-0.0005971997686333733,0.9331450697630267,-0.5207709960256941,0.4328105239988621,-0.07817986526054672,0.11617170073721417,-0.007142905279261869,0.6965149479346712,59
BRO,0.003422169853555598,0.8061625180467186,-0.4149875396569469,0.30378521789926427,0.052823410592208936,-0.7854268275151453,0.041847865908650306,0.5093973315491176,59
BSX,0.0017972050454930662,0.8776796359436306,-0.8103096660489332,0.35797419908154565,-0.20409796278788622,-0.11889579619416205,0.021780919231841223,0.5133271972079076,59
BX,0.006582997490090449,1.473881959710381,-0.2243747497068335,0.7453223646497728,-0.6541983524645257,-0.6141970299833217,0.08191983741212239,0.6175200346473648,59
BXP,-0.019414349693838817,1.1184463607085562,0.369828401496027,0.8621946230541203,-0.338209312610934,-0.056581159480292215,-0.20963736048810677,0.6044731785462927,59
CHRW,-0.00527486398554106,0.8352375928955194,-0.11226158750539605,-0.11972637169044896,0.28649916603330416,0.31371400860530824,-0.06149388041476944,0.34888616880938594,59
GOOG,0.0042596337178368235,0.9561381461703702,-0.4640869309110582,0.23328897997799852,0.008158734515783816,-0.8745912869246981,0.05233030788026394,0.5402206352546213,59
GOOGL,0.004142302150639972,0.9452416179894298,-0.4433301243407242,0.233293225635037,0.03377986190749883,-0.878072897915386,0.05085588134957719,0.5393014435692762,59
LNT,-0.009562566233706712,0.6290826642432308,-0.28125318136075506,0.20408291446329052,0.3969257241203411,0.3334625984798623,-0.10890387579899663,0.4240606101615242,59
MMM,-0.0123041694909237,0.7731408292465519,0.5790382336690015,0.09351859539034305,0.7301627905106676,0.3943622921093964,-0.1380568052875587,0.5093269244766712,59
MO,-0.00444666075170672,0.8280512431008776,-0.26900463030066446,0.3085937731767504,0.04808921076318555,1.048892343839341,-0.052074075639353956,0.5540254491734946,59
T,-0.008417689731979398,0.6019670585169344,-0.20860482418978635,0.4393094899060615,0.26847329528207137,0.2803013093139356,-0.09646445003310689,0.37997661434803554,59
TECH,-0.010549864897309417,1.0742237411119377,1.3321559771854512,-0.9719555163180905,0.5532970377268117,0.7449696258518792,-0.1195048954627298,0.5321689849756621,59
XYZ,-0.01254808767212343,2.5740271681169173,0.16170555498922828,0.09238457806742771,-2.253556309513236,-0.343908278993036,-0.14060769124457873,0.721039893221531,59
C,-0.012118663472054793,1.3251690595547676,-0.13766769608561727,1.4757855279095162,-0.39267269977785135,-0.8446332720036881,-0.13611214677825978,0.7577856167875799,59
CAG,-0.009279592148711586,0.3193846161945516,0.2624793899470625,-0.37644297459911524,0.5312856216733441,1.1689693870866513,-0.10584397056914041,0.2860071635485719,59
CAH,0.007969464420332693,0.7259165888561705,-0.2118409579031861,-0.011692366009007908,-0.2990136151369568,0.6525774048574646,0.09993876654584599,0.2618063615930609,59
CARR,,,,,,,,,59
CAT,0.006172825322619604,1.0813896041410258,0.11756919390842192,0.3460806560170183,-0.2237033746206399,0.4959646832977826,0.07664122443776233,0.5214278463281664,59
CB,0.0027973034195777216,0.6344779140293209,-0.1337006071727835,0.9134157874522403,-0.09249214729704759,-0.42704262398649767,0.03408893080350639,0.48668144099647215,59
CBOE,-0.0007831188444493101,0.5735338406041822,-0.030524650991204192,0.4401281140283034,0.25747266120210194,-0.6239741672593861,-0.009357055448039997,0.3842270379910867,59
CBRE,-0.0032871687747168614,1.089238215731458,0.7894686653866742,0.992424897076049,0.45567566775975044,-1.0141666563455933,-0.03874062049446603,0.7704667190822353,59
CCI,-0.01849956420826792,0.8724361078048996,0.15401960350793467,-0.4135434745091954,0.26303773632925753,0.5783364698985872,-0.20074389696473827,0.3546509615193483,59
CCL,-0.03147196913008197,2.6288478443192314,-0.20417037570224267,2.189195417998785,-1.3346972658618548,-1.7336163684318733,-0.3186875366726649,0.632586847840439,59
CDNS,0.012088840050389519,0.9827418984563943,-0.15488542950347717,-0.5901976246833683,-0.000209397331314967,-0.38250937418245556,0.155110769240683,0.6299767519355117,59
CDW,-0.008346579321751816,0.8424651354446371,0.06601602484935326,0.3855996857743696,0.4998356764999657,-0.712325917793291,-0.09568658865404311,0.48958789164572103,59
CF,0.004194968969903967,0.9424212536405282,0.4938945235590884,0.5738115237206156,-0.330418241358218,0.5598042388415867,0.05151747528937256,0.44620774441346867,59
CFG,-0.005616796604870219,1.1209316227050228,0.8422886099685745,1.854558496015635,-0.3000495808445049,-0.9188255916402431,-0.06535786052533687,0.8476444467700296,59
CHD,-0.007168669479319457,0.647755589326804,-0.2604109629937311,-0.36996338345767316,0.648175773571475,0.8166852896854181,-0.08271206037286816,0.44492246311943184,59
CHTR,-0.02475432862819834,0.9283012206999569,0.7567665469823915,0.07843432649900572,0.9252562774848739,-0.017683101619306824,-0.25976711218317317,0.38125724817651674,59
CI,-0.0030536955974956852,0.4098587088431002,0.7553364271138105,0.11523466972367369,0.5415322536566921,0.8148455147229547,-0.036035115281685126,0.3456098857633412,59
CINF,2.82656639544572e-05,0.7970592797515896,-0.47112909386861523,0.8882104087581287,-0.6608614044307233,0.12209177774294147,0.00033924070297497444,0.3892151281679237,59
CL,-0.005369002203382575,0.4589897379142562,-0.11795296519776244,-0.08007918016016012,0.5155095831357352,0.4865318885897001,-0.06255913937146007,0.3998650434185592,59
CLX,-0.004471362293254836,0.5791975091550696,-0.2071867567489417,-0.6577576355942198,-0.23339262026645055,1.218883063658385,-0.05235627492186279,0.2582623831496834,59
CMCSA,-0.015504618215280548,1.0222821748142488,0.07421579701637836,0.09071626025252642,0.2565915068808471,0.4213450656586705,-0.17098154477565308,0.5278541294985433,59
CME,-0.004334880586656285,0.5632577926530111,-0.1409285738898904,0.25545539834982894,0.016190728066901822,-0.21113931700185712,-0.05079609560092624,0.2923669205420034,59
CMG,0.005287915701192301,1.301486375371279,-0.2448889195097702,-0.6602688733890714,-0.03836068298635284,0.24215260331156674,0.06533340361525708,0.5778124886778164,59
CMI,0.00457940414697792,0.9499209212513107,0.0035359403832717034,0.42236003283336915,-0.30112521743399934,0.14535021640447068,0.05635827882563582,0.5645826959742097,59
CMS,-0.0072904551674756405,0.4592566467102281,-0.2550005877009637,0.012720820980250345,0.2494109271393851,0.5541790438134881,-0.08406137966949834,0.2802079583125904,59
CNC,-0.012172991193959351,0.4234172417447505,0.42619551769162944,-0.24741898735528697,0.6986346673585554,0.955330202965716,-0.13668207999796278,0.2157201204379855,59
CNP,-0.010840736328278582,0.967426553350543,-0.3365043507726798,0.5894064449491739,0.4413062289157435,0.030981960312288965,-0.12260597766362014,0.5578691205958128,59
COF,-0.0021267212659809138,1.265888111522354,0.4566945442641731,1.4707637809383693,-0.32047846686323755,-1.1966566033448687,-0.02522424702802417,0.732376216481922,59
COO,-0.012870935511675861,0.9846139287648805,0.06716352874421087,-0.10910483243344941,0.15108612613643108,0.2902631715107289,-0.1439733790305654,0.4545934625877237,59
COP,-0.00037088066566555737,1.3008614940303518,-0.4101261679480991,1.5848305336997124,-0.8464416501480795,0.1085279155311079,-0.0044415007391492844,0.5836146403458994,59
COR,0.010801433757889209,0.598809397779149,-0.2584137896939226,-0.11199970289064094,-0.17236798093354813,0.9424584838148947,0.13760159215072054,0.3255679857529523,59
COST,0.0077144015949772065,0.7940434124946885,-0.07291952537036754,-0.43245056386416253,0.2873689406140842,0.005730142717105553,0.09660338744413832,0.518550491091434,59
CPAY,-0.011299310996897113,1.2428269360576303,-0.18436576065419316,0.9800343021897469,-0.5375785586901707,-0.4781012119442326,-0.12747467402173696,0.5901035009467859,59
CPB,-0.007975270200998542,0.23080389005029228,0.2731082311415886,-0.22636723219946325,0.46407070525084004,1.1326893093946266,-0.09161493810712373,0.38064224922196843,59
CPRT,-0.0033453477802202914,1.2538313519015793,-0.4299175274879188,0.2323713915628297,0.2586118158310655,-0.917929288360656,-0.03941371905142477,0.68587229510238,59
CPT,-0.010566789172702585,0.8417005424487093,0.40268702573774595,0.2209674165797589,0.44054326074686434,-0.27145582336111096,-0.11968560601239564,0.5600659363091138,59
CRL,-0.010014872776881631,1.160190190446779,0.6137563421436243,0.23995243134102642,-0.09278360578474673,-0.9184082445560411,-0.11377490907437748,0.5611966090529439,59
CRWD,0.03064765602929002,1.3923840327674895,-1.3727620194991577,-0.455172916971624,-2.7979020631755107,-0.90158168522406,0.4365562592027994,0.5217655950579783,59
CSCO,-0.00751655348173124,0.7583108045196523,0.41888742585705646,-0.5170685907061758,0.6652394936731424,0.5359683239217932,-0.08656160290725567,0.4184073345117031,59
CSGP,-0.00792971474785338,0.8496422275844264,0.08599406779407336,-0.11491531397830632,-0.2745900565417729,0.2187453706552694,-0.09111423672002394,0.348558524062738,59
CSX,-0.011150130498341798,1.1255826748913835,0.178340496809289,0.102789237468097,0.3125978100651005,-0.06327752995603401,-0.1258935463309402,0.7110689402666672,59
CTAS,-0.001250716194180479,1.2654839175321195,0.07883458373211377,0.36749617892097436,0.4107469888575937,-0.481327892309132,-0.014905780341923247,0.65005150367767,59
CTRA,0.012666433340055495,0.47734590388330406,-0.5160651841257002,0.22826760726275258,-1.0800148813100752,1.2113544587634832,0.1630462274141542,0.19398135865932653,59
CTSH,-0.007784419256192992,0.9782500153586622,0.12494862505776848,0.16070087575772465,0.042110258039898034,-0.15875284718786664,-0.08951559882498428,0.4859123782956456,59
CTVA,0.003069172406759441,0.7484378922761592,0.38100523571288925,0.2886225693491566,-0.15837403906724704,0.4857245849457774,0.03745818152258984,0.509371188821947,59
CVS,-0.01360910925491943,0.5772751774505124,0.5749860983648108,0.013187856713094333,0.07985045421721465,0.9320778640543165,-0.15162349016592902,0.3351478434890224,59
CVX,-0.0056426396668305245,1.0861178769488584,0.06117972067680819,0.693241464559114,-0.05693221054268775,0.6722717026968227,-0.06564930425491777,0.6403878488712667,59
D,-0.012094496012331058,0.6524166870270548,-0.17924535298639582,0.19188698691000275,-0.2862534747610452,0.40416932296649105,-0.13585850354981743,0.2937594454435992,59
DAL,-0.010783656728792635,1.3198201523556004,-0.013704621130522412,1.3457895224015974,-0.6748210182925997,-0.5049920802024324,-0.12199822278724526,0.5005836235679726,59
DASH,,,,,,,,,59
DAY,-0.010446727469405365,1.1530054024737832,0.45290628603589167,0.18046660142639312,-0.496106085943562,-0.9700064209641596,-0.11840290058945968,0.5090686858184941,59
DD,-0.014272062652228136,1.11738394758391,1.1158354742064234,-0.2984074470779381,1.3234253719984903,0.9164454087417686,-0.15844058078707868,0.6724869287378095,59
DDOG,0.01633940221313689,1.1193533737466321,0.0706300651208281,-0.46084448180181414,-1.5477933937193107,-0.8907314567730251,0.21468915920501308,0.39879516237612633,59
DE,0.005171611273960569,0.9935622106562816,0.08832107721608216,0.2433324084473549,-0.12133771936312987,0.5089723135526548,0.06385532937461824,0.47201043427261935,59
DECK,0.01778038579742802,0.8778208646700298,0.24336197550124034,0.1346644944297406,0.43855422857516063,-0.9853828915441497,0.23551756805593071,0.3991696453377106,59
DELL,0.01216881578556604,1.0017840208427913,-0.8918165773234988,0.3657238933283041,0.1950303694911431,-0.15739702299160777,0.15620657415154793,0.3716771681833544,59
DG,-0.02103442752542118,0.45341128045572776,0.4082871136990213,-0.7444810426962878,0.4919835123978756,0.8685698024030905,-0.2251653575536282,0.12757316403834285,59
DHI,-0.0112594922219885,1.4639324557767566,1.00175862667035,0.1578562654434226,1.4015394007794186,0.007990565857244485,-0.12705290124370816,0.6513209554794515,59
DHR,-0.003926298116892521,0.7873562423602863,0.11304710377404503,-0.32356780821371317,0.2995636026706049,0.042648084810250925,-0.04611133254771638,0.393273053741228,59
DLR,-0.0027518951098987423,0.7418476913864436,-0.26651136583248924,-0.5989082232189902,0.2333023906696025,0.4848104688609661,-0.032527484671572404,0.3108894100456402,59
DLTR,-0.017930877664450333,0.7508538696116057,1.0233062413647411,-0.49305766254639366,0.8394383604194864,0.9220535068811605,-0.19516903512440043,0.29437089865221566,59
DOV,-0.007581631204336279,1.1192610568608232,-0.05439683709081114,0.334842837651809,0.45426204590635166,-0.3720553935237456,-0.08728008006747867,0.7789106082040308,59
DOW,-0.015247082071202778,1.0928027391736082,0.2823139375027956,0.5367016761642791,0.43498791648107193,0.3857329626991332,-0.16837542189174004,0.6393467909517396,59
DPZ,-0.00804789805998676,0.9301499174554634,-0.17749961261368594,-0.5220894092219667,0.5504520733750269,0.15182318255977303,-0.0924126702756658,0.32630574674365187,59
DRI,-0.005930280898105955,1.1851078159936992,0.33060917182650484,0.7406529137894818,0.2596355824245689,-0.8687414647241664,-0.06888754369521188,0.5416713079904218,59
DTE,-0.00815660081556781,0.6818335698197565,0.007702656965977403,0.3032394383445224,0.31940532403782873,0.25522349497600655,-0.09360544322813968,0.5212444941592518,59
DUK,-0.004567157870765383,0.48657247839200674,-0.048610349923439204,0.08238659916088704,0.2688015854674248,0.5565890734304092,-0.05344994972234951,0.3132402448009144,59
DVA,0.00398695934815033,1.000909790371704,-0.1498966295829059,-0.338134729431224,-1.0027367395968303,0.6440102259856246,0.048906706553828005,0.3350407190575384,59
DVN,-0.010623253216864475,1.9899735198956299,0.1809422927034791,2.212210121746712,-0.4117899489888061,-0.14317561120929054,-0.12028826028407313,0.6362090851854261,59
DXCM,-0.005522729439861811,1.4258189444791083,-0.8472669041087698,-0.9738553023651497,-1.277890860400999,1.1050880215789478,-0.06429631933169433,0.31839137691279096,59
ED,-0.0076893041013418205,0.43375797076452655,-0.33907605160622045,0.07293964588641262,0.3408332229410606,0.7010890386110973,-0.08846768294484897,0.30629320398218285,59
EMN,-0.01349364541653178,1.3578815641660382,0.340479845489195,0.48241684479295294,0.5073523510496554,0.14984262227038164,-0.1504310229652629,0.7451204716239747,59
FANG,-0.0019392248704536927,1.7976645862152232,0.23015327534569105,1.8291353409036952,-0.5500537042722519,-0.1939436552852064,-0.023024096702161767,0.5666528159289412,59
GLW,-0.0033465785066380633,0.9780276850656874,-0.13385857868216539,0.3328898962916438,0.37799107890253036,0.11501481068341628,-0.03942795320020187,0.518028222066461,59
KMX,-0.025534090147101868,1.4721345576522054,1.3558188666598834,0.0032320216126283893,0.8675439580828381,-0.21783223747573052,-0.2668382361577014,0.6297001021338571,59
KO,-0.009601411882978155,0.6067340493980835,-0.19689960639877682,0.3318085361005924,0.6238506600086439,0.12840611253601936,-0.1093231783050348,0.5365807109568593,59
SCHW,0.004076414786975726,0.9269690065859961,-0.18423380993635327,1.3663731486113608,-1.1025248573866042,-0.770421981361215,0.05002874987364181,0.5262021239017016,59
STZ,-0.010184922234922681,0.8642376389025457,0.19982895386519578,-0.07809274177653082,0.38741340883403774,0.4120753091567242,-0.11559990381972696,0.5114751729609979,59
BEN,-0.018436453040827968,1.2872465313483639,0.9525564291172778,0.2904128471112964,0.38341311415451046,0.42232851883907785,-0.2001269660691437,0.7524345897860507,59
DOC,-0.02151466279869404,1.0500547979538586,0.3210491437319071,0.23406324819381027,0.33539388365758876,0.40737734615296284,-0.22971424824922726,0.5489835606957403,59
EA,-0.0036254871676466515,0.9139591473803497,-0.2707837031875283,-0.07737203652363213,-0.5228591018177879,0.6342846868089603,-0.04264873048390039,0.45391066231490274,59
EBAY,-0.004543756134425646,1.2513471390093842,0.534393172773386,-0.5482040090245714,0.1588540813038356,0.6198399910754819,-0.053182884645398665,0.5471381303793537,59
ECL,-0.011530465960362899,1.0374443478405773,0.08704864839097441,-0.18378240103342966,0.3674172873564038,-0.20085084524550367,-0.12991945129075144,0.6407736339477118,59
EFX,-0.010987019738072982,1.4409593630040307,0.2589723641598769,-0.45973571812986613,0.5058286642380634,0.08804653016375132,-0.12416176973990578,0.5905641608482306,59
EG,-0.004244516502108092,0.5788965470324751,-0.18137066570796426,0.7835819505464692,0.29595085167876123,-0.39006747132100944,-0.049761810856629674,0.32540886696742677,59
EIX,-0.009631372398518278,0.9063753419425412,0.18910008866121214,0.10055752547783484,0.2640401801185378,0.37076025738884516,-0.10964645054282451,0.5086718577083658,59
EL,-0.03440515335641434,0.8029356540872971,1.0888419760288097,-0.6312719062363963,1.409162458427917,0.473528735791014,-0.3430394801959451,0.3366996748129826,59
ELV,-0.007575153521157228,0.8195263981155207,-0.1934936264847868,0.3554648711723775,0.3726229142054502,0.341461423462351,-0.08720858776650964,0.41845072579164344,59
EME,0.014693536343304144,0.9480809718535277,0.2054268409119537,0.5091139224896848,0.3456819738791605,-0.3397791099742636,0.19129337562665727,0.5069580045466061,59
EMR,-0.0074404619012047495,1.1735616791053618,0.49738407346348934,0.251978601744637,0.6047819222703849,0.07129545322828948,-0.08572087206219625,0.6914058048032559,59
EOG,-0.0021608642555276183,1.3715576094817088,-0.29819180383004995,1.8637869124549737,-0.5428132284767774,-0.04007466073617759,-0.025624404000872514,0.6642515590633025,59
EPAM,-0.01509919842914674,1.5386525083471394,-0.2826751166492733,0.0030399821097677956,-0.4851531749934789,-0.3371301847275628,-0.16687552929320726,0.23819785821654138,59
EQIX,-0.0021014534056652888,0.763266206961649,0.05330140055657427,-0.9639080061526221,0.19582628866853138,0.8398302029927185,-0.024928009876616808,0.5070478839129823,59
EQR,-0.012496233134777207,0.8738061594106934,0.08672580487042496,0.28524111139149594,0.22237947347597997,-0.13763121366052078,-0.140065978621419,0.5543756766704757,59
EQT,0.022827360280589386,1.0723807438867121,0.012151341337836307,-0.47286079649847224,-0.3325410057940047,1.7446962108025919,0.31107652347968395,0.15439205056282412,59
ERIE,0.011631747070487237,0.4066004296311996,0.2130441935800687,-0.01975108973920967,-0.09402189010192669,-0.1923102001569573,0.14886605890032278,0.10193310139176959,59
ES,-0.016134037598372952,0.6806814295603695,0.09796417655821119,-0.1536266659242656,0.11484958470331616,0.9080955496839547,-0.1773194439146848,0.3649545992152553,59
ESS,-0.010687552798564875,0.7828919901729819,0.37051960239754533,0.3689311351951072,0.29384372592871755,-0.46939789620975186,-0.12097408455722714,0.5265366844326904,59
ETN,0.009099611608239536,0.8966625389559776,0.05239111729188186,0.2800426185063758,0.3526683514576098,-0.635123693657984,0.11482954098874809,0.6166034596678809,59
ETR,-0.007102881030073625,0.7599534234221289,-0.49499634071740156,0.3980699154709228,0.22301913405287582,0.3277263954261089,-0.08198240230361986,0.4033940794740467,59
EVRG,-0.00938653785467012,0.5857652343139725,0.05863361758432609,0.2226795276519356,0.19155826005755755,0.24571924568642745,-0.10700154511626703,0.3142489844450501,59
EW,-0.014490862751461815,1.2704900508305472,-0.8578046342172811,-0.42602170278833473,-0.2713483494254469,0.3125468796082514,-0.16067943776982152,0.44856460283270216,59
EXC,-0.006912456455477084,0.5499380521078174,-0.08737635806875788,0.13281959812444522,0.45417732601659405,0.5791666948989691,-0.07986740823896366,0.4000919863052128,59
EXPD,-0.009697538373428035,0.8920170938047093,0.2056829739337295,-0.1739937042183951,0.8790922226422239,0.3905090077530299,-0.1103599965917409,0.5487907182178586,59
EXPE,-0.006514345010288035,1.7145041845291833,0.013195729462471911,1.3759098050268241,-0.7571154953218946,-1.190738961866166,-0.07543125470637524,0.5862219884977508,59
EXR,-0.0006508539841212086,0.869029839258983,0.013204383181059647,0.05537673863965139,-0.4003409592091542,-0.26499406443897,-0.0077823500566972514,0.322179739520857,59
F,-0.013541887089173059,1.6099995469374793,0.2140778439806077,0.549520983575871,-0.07145085086110571,-0.1272019685526364,-0.15092943159999206,0.5120641154196588,59
FAST,-0.0007009398111636232,0.9478431511862996,0.22521075906763618,-0.28675157063318,0.4543047733664853,0.2708672262365669,-0.008378926482105475,0.548961839744361,59
FCX,-0.0017694626466777143,1.7261808750924288,0.7010139561505031,0.4276258448016509,0.40228521675832624,0.350972421017113,-0.02102811988996156,0.6114481938827874,59
FDS,-0.0024567306469009268,0.7183409280974982,0.05697745163913158,-0.2989054422519968,0.3618889035688626,0.006821142620112545,-0.029085667206013355,0.4926372212557394,59
FDX,-0.007351762068176144,1.1587484927140514,-0.21132692489685992,0.1806720188833433,0.782765800215008,-0.1804789009950524,-0.08473993813373615,0.42411234754398297,59
FE,-0.010080418761421498,0.38151014758528634,0.11925208041976577,0.27700562142988816,0.48148263615163234,-0.03691273630572201,-0.11447876628916176,0.18405745941109064,59
FFIV,-0.0006946103012763205,0.8465229177757233,0.8815255843113524,-0.3973747505565162,0.3908860561896669,0.0737015044852004,-0.00830355332150734,0.5008057360414956,59
FI,-0.0020407980642085967,0.8956555464161867,-0.3326392512539145,0.5978866609793777,-0.13410160336409646,-0.33006063057165247,-0.02421655758636765,0.479397861671228,59
FICO,0.011041898262986136,1.3514994544841485,-0.4764787146212912,0.4473892315007704,-0.17323144255181633,-0.3193727441594196,0.14085340008659641,0.47672972969301153,59
FIS,-0.0200375584753297,1.1126598668812102,-0.781477725436259,0.7973314840619192,-0.49501558151639174,-0.252031271401208,-0.21564409118785344,0.3954741392154647,59
FITB,-0.0007396840915109478,1.0830171712357717,0.5209607560387002,1.864466396126677,-0.47350385231512737,-1.1913799315635114,-0.008840187236635044,0.8508851578605752,59
FOX,-0.005388537471491734,0.7127889332615133,0.052117443629376675,0.7894437331604263,0.11526299685091436,-0.6891011848732183,-0.06278005965798783,0.47730934809835357,59
FOXA,-0.004203039197632448,0.674043206536062,0.0534090294954723,0.7318785885864263,0.08066987027180304,-0.5562722168736229,-0.04928672615844343,0.42561743918103034,59
FRT,-0.016153752819234566,1.12531585026016,0.49867793311397535,0.7435116599609289,0.5156118904856452,-0.28588847102370296,-0.17751724575401973,0.7176413414450692,59
FSLR,0.008179717026513001,1.290181876326216,0.5454525699443551,-0.4207774792311195,-0.25574037966540825,-0.40631659519209645,0.10269516546032031,0.3048598032447323,59
FTNT,0.011401034041920803,0.9379498687331574,0.30286727319031587,-0.4732607209016576,0.11621348561021175,0.07386589048263527,0.14572587097920664,0.27042921792143815,59
FTV,-0.011139248666398432,1.0574482258007196,-0.023463790276612842,0.3405308525049408,0.15504067222053908,-0.4235227775303857,-0.12577810973475134,0.6484644965721214,59
GD,-0.0018958850461699439,0.5642906968457186,0.07467767200827684,0.4763606363039895,0.34895336059571197,0.016358520521313518,-0.02251488428799231,0.4696718893365248,59
GDDY,0.006035781462633617,1.041463519043908,0.1552899976744488,-0.004016202100054107,-0.14681542938976153,-0.07402509098843486,0.07488283956813513,0.41912580634420593,59
GE,0.00711506987920286,1.0858927928879265,-0.06323701485907807,1.101882155512318,-0.6112657103139715,-0.861792888331988,0.08880256305291945,0.4761989470551853,59
GEN,0.0006980452253572859,0.8173752656043802,-0.3466071287680448,-0.6039855532901058,-0.30319601218680486,1.37395422794637,0.008408777282554958,0.12552167585744511,59
GILD,0.0013324916538572293,0.20417994856228083,0.5131017060294552,-0.5186399894075747,0.5773154727074505,1.3615727537612101,0.01610760714915327,0.23923455699694263,59
GIS,-0.001677202722083423,0.1350662016478614,0.22114546001210453,-0.38613245217532716,0.5979601662948181,0.969970713472829,-0.0199418081234497,0.25115447952782155,59
GL,-0.010463455505002103,0.7252764297836376,0.1063995401675944,0.7180937962398998,0.3126297223789572,-0.19146970882234582,-0.11858172087536412,0.38665364414787495,59
GM,-0.006803171438431163,1.3345798303059575,0.5040872582139884,0.6171352991618666,-0.16926881045712805,-0.26199875635366704,-0.07865159288358314,0.5597375482596996,59
GNRC,0.0031793258758209962,1.153350669264317,0.6191021662831299,0.2900570625923399,-1.3949916792695705,-1.7246305623518574,0.038826166940583606,0.42659177264705794,59
GPC,-0.010060989621600592,0.7901406750153984,0.4428770240469461,0.4805471278645911,0.8257539158337392,-0.15908291540123795,-0.1142701823974337,0.5619192184547862,59
GPN,-0.018201461577525297,1.0408865198739221,-0.35853468577949676,0.8063130731900335,-0.7131025639759181,-0.21785970141537003,-0.19782601229420382,0.36934479107612617,59
GRMN,0.0025434367592073463,0.9006956357011539,0.06960293848060746,0.23315148520663576,0.07695978760039363,-0.3613896500973167,0.03095184037420906,0.5093690159338593,59
GS,0.002447587386425192,1.2032950533892963,0.4704524822496002,0.6107809160082184,-0.09059754884133332,-0.2541594282309161,0.029769677415490747,0.8069248061522949,59
HAL,-0.02035319738707224,2.0055683002694296,0.23484642161738487,2.08402759231089,-0.031864477600449574,0.3379306580632577,-0.21867035170809968,0.6825668316735447,59
HAS,-0.019009882484331178,0.5800532898707567,0.6513554806927508,-0.19770407978819862,0.6008486291420093,0.5241512648194702,-0.20571641398082752,0.2165461748690224,59
HCA,-0.00938973703112831,1.5955856614178412,-0.2710243759069987,0.49198256984829203,0.45935400680434674,0.07593991476124717,-0.1070361516585725,0.6285719139018593,59
HD,-0.00606485016431723,0.9426402194000816,0.2746445838738736,-0.0562057756762349,0.7437650867893832,0.18363355859306302,-0.07039897737455225,0.5880438274311605,59
HIG,-0.00046011574889607854,0.8996701510390501,-0.0720075288856421,1.123437740640023,0.022484251144244908,-0.19609601758087872,-0.005507437765514989,0.6523603408839218,59
HLT,-0.0007000529633852758,1.2260901546316456,-0.2784421718498032,0.9333634275729424,-0.10547076468568437,-0.8135563856216973,-0.008368366024998464,0.6476404595202951,59
HOLX,-0.009467227323127202,0.9452020580464505,0.4513733950006313,-0.3137855324041579,0.3033359160609924,0.923575179173859,-0.10787401416472098,0.37132900375328637,59
HON,-0.009329429338902495,1.0056588531019557,-0.0883925038043331,0.2901458235236245,0.3207463365214946,0.19990126378321252,-0.10638357665815323,0.6654816380437922,59
HPE,-0.005736910626808093,1.1915847380866649,-0.2789419832062517,0.7809487119668094,-0.015116512114968056,-0.0830726197785793,-0.06671173383415963,0.613443250627804,59
HPQ,-0.0071577324680274735,0.9488909170586521,0.35985666935725014,0.14395378593056465,0.6916743096208412,0.2230857841922801,-0.08259079510523615,0.4198155481845871,59
HRL,-0.011383394173923214,0.31088078394652546,0.4365369002602898,-0.5706795377433086,0.15318139228202549,1.1120532769513,-0.12836469539446893,0.20590880773065157,59
HSIC,-0.014444734622156103,0.8515049201791972,0.4435022839833827,0.07749841214753994,0.4406571629531603,0.66883541020826,-0.16020788955845744,0.4962779620765395,59
HST,-0.007700869890835762,1.3550655094297355,-0.2657215135806602,0.8991667109729207,-0.9543906989853688,-0.23586960155845924,-0.08859516618334051,0.6793350119780397,59
HSY,-0.006591654522975402,0.3596474140953255,0.1653828370972335,-0.17372399641072173,0.5579028409097316,0.6131638403520973,-0.0762942450254337,0.2885841120264182,59
HUBB,0.006848640202318682,0.7238580628096518,0.32535321918803795,0.2578856544165511,0.530463537841504,-0.5317317060401412,0.0853511091408865,0.4341128411990719,59
HUM,-0.01713293042380214,0.3818016919342434,0.6990570290662744,-0.35921089366955006,1.109298295556392,0.23230457443838015,-0.18728661179154993,0.19105702683983494,59
HWM,0.007868987849246887,1.1932126059523334,1.0414353259292515,1.0192371858630005,0.6588715031328917,-0.7656024287263997,0.09862375642357746,0.6253929379309988,59
IT,0.0048525862888519605,1.2269331063368671,-0.10937743931787637,0.6036750465887145,-0.24268012550129606,-0.6064585463277978,0.0598105919457681,0.5774582774820342,59
XOM,0.0018562184177470938,0.9087133642175715,-0.10371044342762807,0.9700557966309711,-0.242337363200151,0.5094268346013672,0.02250344004798288,0.5578502060056213,59
HBAN,-0.0013011312208609715,0.9097842272593751,0.6067295958557715,1.5621797888339015,-0.5356281103885674,-0.9338048774039097,-0.015502323635488313,0.8475970386621159,59
HII,-0.010031846107732448,0.4401690130954835,0.2635358204462385,0.6858379295856726,-0.07505441271147249,-0.22902859083885022,-0.11395722421710008,0.23274222290760016,59
IBKR,0.015390965438212017,0.7731658311336473,0.17077386311300405,0.2806614480004124,-0.39133694409960534,-0.45173053685939396,0.20115634233340995,0.3371084937854083,59
IBM,-0.0003729274430155346,0.6947446324011907,-0.05108618445568813,0.18925832844022134,0.31844098473037447,0.4526533679569921,-0.004465961774950622,0.38302922648369,59
ICE,-0.006420892885391919,1.0940500668936048,0.05259688479765004,-0.2625843559085153,0.05497464562698108,0.2522413127006798,-0.07438708105062719,0.7006943004136748,59
IDXX,-0.007970272924578718,1.304098869466918,0.5611801672284823,-0.8023128226016136,-0.056087636918298614,0.37701219994070745,-0.09156002523789064,0.5932180986160127,59
IEX,-0.008731342275057771,0.8702958148799805,0.22923504618601032,-0.07584645646476987,0.3847247270456976,0.029760324355605886,-0.09988811387599905,0.6055101483486057,59
IFF,-0.02384932449061551,1.1751773924360949,0.10957814643307416,0.11904697395340035,0.5003540671576877,0.6045844444875527,-0.25148189427958967,0.5108756866342183,59
INCY,-0.013881134398212496,0.6396454360738616,0.6972264850070905,-0.65872500230838,0.5799719651896948,1.356901973009969,-0.15442680098187633,0.35653534999695446,59
INTC,-0.031075941370372333,1.0284088698986351,0.6049620189848176,-0.4094658689714518,0.05940231622570149,0.8535673573043072,-0.31533697246096837,0.28052865581753383,59
INTU,-0.00047753888600932586,1.1789500507274802,-0.1864516359407968,-0.0017426032039451048,0.015116802901446026,-0.5144603743626703,-0.0057154397007134206,0.6864170814603909,59
INVH,-0.012111831187944674,0.9487500486663936,0.0038542418428785504,0.1988921612107386,0.34853473309512434,-0.3776813579534574,-0.1360404472545782,0.5845080983157871,59
IP,-0.003411024176479329,0.941299904254869,0.1424019766037869,0.4437486017489192,0.046906705893606876,0.13457696928674986,-0.04017303906280856,0.4173263494154097,59
IPG,-0.008159126935646136,0.9510026127872925,0.42987958152965655,0.4729516813077484,0.3811298667801924,-0.049340695108648296,-0.09363314473123008,0.6176596513419763,59
IQV,-0.015052508131916626,1.241103823315998,0.5659747732438606,0.1457379811769796,0.6254637025116212,-0.43209153260823707,-0.16640146360534425,0.6704238821416357,59
IR,-0.0016454222672462595,1.2539829946060836,0.17360654560831695,0.5313107938743625,0.3290377668665937,-0.6196537351381417,-0.01956735430001577,0.735801813132064,59
IRM,0.01045105387804381,1.059332638595355,0.2820332958759723,0.07143709351396633,0.049359873375251884,0.6306024653589722,0.13287860315214117,0.5423169289883167,59
ISRG,-0.00012603467108042487,1.5066302243925946,-0.6663357300803595,-0.4617014730760737,-0.21625656660676865,0.47901258026239335,-0.0015113681005574087,0.6072415445305341,59
ITW,-0.009108142303939387,1.0279084724856082,0.10243527467811997,0.2710058125455667,0.5834470983938458,0.022416563238317855,-0.10398533626447115,0.7731263598674535,59
IVZ,-0.012171985682947545,1.2677973038480914,0.9724466303837375,0.7399929821971623,0.039157301944578476,0.31515978595536953,-0.13667153466327486,0.5926418747245978,59
J,-0.0026765733095517968,0.6239797760113556,0.008729424816354971,0.4500586397019598,0.5594282929547293,-0.3475600160213896,-0.03165024598893018,0.5034043360516056,59
JBHT,-0.006504208394627738,1.0774471544491842,0.24425937701097844,0.049758546295901436,0.19003411690878177,0.1502505281848641,-0.07531804694433464,0.6068861121263962,59
JBL,0.005327131319186075,1.02986026702227,0.5879017398794666,0.05158981681734174,0.6881921969989997,-0.1525579390984817,0.06583220605904994,0.49015079707917664,59
JCI,-0.004289916476420765,1.1814616959012472,0.7104083744405377,0.10677823706140423,0.5132020597675785,0.08255185246230919,-0.05028157668552824,0.7057927868950866,59
JKHY,-0.003596481676503976,0.6613745941907812,-0.2497162174693005,-0.08993951880774935,-0.3551364820328476,0.288295270540462,-0.04231424312156895,0.2823883495566959,59
JNJ,-0.009133259431308051,0.5320956626241999,0.13672231371799357,-0.32286419846236464,0.4015643674786196,1.0311460798483478,-0.10425784443336017,0.4792755884683554,59
JPM,0.001502056527071632,1.0534579321785214,-0.0040095742138580685,0.9703161167907541,-0.444431658766999,-0.35426154007395916,0.018174333880259574,0.7978404437080561,59
K,-0.0017593347891390512,0.41035474467332994,-0.011425738591499583,-0.11051854493657322,0.23676283895707248,0.7623467384221276,-0.020908923684427982,0.2003555210362925,59
KDP,-0.006657469239473547,0.5381606948536191,0.26064697621696004,0.1765483509077562,0.40742666035866193,0.053537189429982965,-0.0770283393439678,0.39783784083109786,59
KEY,-0.006823916688173712,1.0939957245637424,0.331476759808451,2.0279973405978424,-0.7488808999100877,-1.1500583665664879,-0.07888250067503055,0.8102727840468026,59
KEYS,-0.0011325863172869605,0.8631587257254713,0.8154727252919579,-0.4367506477813291,-0.019739254472503968,0.06416872245065709,-0.013506692999817549,0.5339180925625734,59
KHC,-0.004371871645655956,0.4297380591245651,0.5457911600513233,-0.12745181512739695,0.29770643070622704,1.1090877219181001,-0.051219188263178284,0.3194024380677808,59
KIM,-0.012870256210568982,1.3431760055934834,0.8085170802213212,0.7613997972940012,0.4963559087771705,-0.10199959097108922,-0.14396631002142068,0.7084034869992626,59
KKR,0.011845845278002982,1.5303191254590829,-0.5059949284451285,0.918507941222399,-0.5665475833450033,-1.1656118563120972,0.1517871614790396,0.7138333573700548,59
KLAC,0.006324575410626692,1.1406216385691976,0.1459139738781957,-0.19317524596711672,0.46603228781884537,0.0947048897880574,0.07859137840108121,0.5379127226819902,59
KMB,-0.012480537610269345,0.49644591586520154,-0.023921282506959823,-0.44070752910005784,0.8604765527038951,1.0887889431559017,-0.13990194932762634,0.5301751814856275,59
KMI,-0.0008174716256871766,0.9756701391315697,-0.2461720508008475,1.0118650224828405,-0.41090609266634076,-0.09662170055020645,-0.009765674319164641,0.6901163449957682,59
KR,0.006389007119753121,0.5852225177863583,0.031563375984692846,-0.7218639100124951,0.05901935262724087,1.4155298844570192,0.07942037491601162,0.32808994426484384,59
L,-0.0013047948541411855,0.8167324486697959,-0.1576136053089137,0.8548024114771383,-0.23036443421902306,-0.05748649763764815,-0.015545661211519901,0.7345521199077929,59
LDOS,-0.003360548099545549,0.7824260248127424,-0.38918294662873887,0.1304625699645626,-0.1471662068188339,0.7648464640074422,-0.03958950704524722,0.2791281930875569,59
LEN,-0.01133323325337575,1.4286293920770627,0.8746258726784588,0.09645204179629982,1.160700382973643,-0.10723272075269846,-0.1278338416878413,0.6284505772524118,59
LH,-0.007775539682707261,0.8741589535762558,0.5303775360791418,0.32626694497993414,0.6537932593955863,-0.33752962893889255,-0.08941781631175538,0.5397467349964638,59
LHX,-0.0095319358602474,0.7310113579763861,-0.018134579397864625,0.4974620254379506,-0.006538918059318044,0.020089826037295592,-0.10857312194105972,0.3966023109684592,59
LII,0.0025309550565127924,0.9114858031078613,0.4055268176616951,0.16147318757720608,0.5340112511486961,-0.6569999103535058,0.030797826260254624,0.6104392614481302,59
LIN,-0.0030326838165281055,0.9685134195112034,-0.2386553814173633,-0.023329322558102703,0.49551359735673955,0.5100590504717437,-0.03579128709975443,0.6668947663990412,59
LKQ,-0.017041092431136128,1.0526110813363696,0.6619498813267187,0.5215944132874234,1.0745623175833758,-0.3328220343080564,-0.18637487504185102,0.656200211197596,59
LLY,0.0217977211558964,0.585031642712771,-0.2601799209979365,-0.9944747364397225,-0.09630475034423257,1.3210187583434105,0.29532622191509805,0.24991758001144904,59
LMT,-0.007689134642107993,0.45926509564771434,0.06093765554379265,0.2301091490853212,0.6442598981306347,0.659011327306321,-0.0884658149688553,0.39723804437634147,59
LOW,-0.0026182951116505977,0.9496157007023291,0.5547005736018413,-0.04588459989511803,0.7375667417032644,0.08599455718350826,-0.030971006121155442,0.5621043320469565,59
LRCX,-0.0010106951317238383,1.365976228005437,0.10077805523245487,0.043191187264821365,0.053232373654529055,-0.28063641006499906,-0.012061148892699047,0.483870611741572,59
LULU,-0.009212700570697376,1.2215817486401574,-0.09512224966060205,-0.7602083389338451,0.27840152749779795,0.5675832036999068,-0.10511924068602607,0.3764488059642094,59
LVS,-0.017026697028873265,1.0266823092101216,-0.14319820925615406,0.7920775891286692,0.04869160476912083,-0.6796325903185176,-0.1862318773519791,0.32348792259497294,59
LW,-0.013142819376680465,0.7136693994887902,0.19427989948683957,0.49659829978051334,-0.13625734254028143,-0.11166143179925814,-0.14679839055265798,0.20790532844634035,59
LYB,-0.010201431295888587,0.9757098533738562,0.23911567480385756,0.8631699534361383,0.19941551692679774,-0.2474196651372037,-0.11577689779931255,0.5980157169427509,59
LYV,-0.0008145113561493587,1.1783988805741077,0.39271222524160865,0.6272836851642717,-0.3800274231215808,-1.0209045756139363,-0.009730468640209877,0.5403877852845298,59
MA,-0.007841928233868103,1.0858988510747185,-0.25240650987216157,0.2651532429907626,0.3902984662445889,0.13418560712652286,-0.09014865889352863,0.5992171412114222,59
MAA,-0.00926297729263292,0.8269313381546762,0.2715061764678166,0.03501360322452518,0.4890274129107267,-0.029629051923793105,-0.10566400886845562,0.5496097154731804,59
MAR,-0.005192100302919748,1.4745367936644604,-0.17451318165828386,1.2485105777535481,-0.15951657562720176,-0.91641880228901,-0.06055641810097878,0.6739358841481955,59
MAS,-0.009804667185213566,1.0884205657108055,0.30397042549993414,0.13177756286304534,0.7035784544316295,-0.06614267658256316,-0.11151418205206964,0.569074749635168,59
MCD,-0.006712624219392252,0.6994225099395168,0.017056836131279188,0.032398327982346674,0.5628593014850717,0.3722682585634718,-0.07764312353301384,0.5863078313443708,59
MCHP,-0.01560103419723258,1.2652774218555345,0.7004352580835401,0.2375059421710008,0.6789402382197004,-0.26058207486077356,-0.17195529344124227,0.5906014179601143,59
MCK,0.015068018828180698,0.4559716322784141,0.2314800905606116,-0.006832904151788759,0.2790866491319077,0.3986869060260612,0.1965799983919021,0.19530990732718556,59
MDT,-0.013578172416502506,0.9306719461103716,-0.3746422419311779,0.2781770818134809,-0.4915849110888968,0.23517056191135088,-0.15130413667015796,0.5052863339958236,59
MET,-0.0015078771200225834,0.9438700800130233,0.2926773501134545,1.1378360030733086,-0.003398479560288249,-0.05823509009753096,-0.01794521338150057,0.7641700564461587,59
META,0.002040089115551538,1.1651004048670162,-0.7534051995589884,-0.2902745591854663,0.2066335181610016,-0.5056316931790725,0.02475763555745547,0.3376789314399393,59
MGM,-0.022427825690520726,2.0358695394778614,0.5024306455823391,1.2861979275135516,0.055467338761074986,-0.9348623243349073,-0.2382964575139095,0.702209391730451,59
MHK,-0.023151859377972327,0.9524870813451152,1.9198590233679307,0.5328923301352455,1.576894971944871,-0.47509444136736984,-0.24503876896018773,0.6452494910099191,59
MKC,-0.015582009963041302,0.8377810713831623,0.05386116688818319,-0.5368035765885248,0.6132917734260591,1.326096140656197,-0.1717632421513634,0.563493327973789,59
MLM,0.002406524551238625,0.7424017648762036,0.2069786208879206,0.47919443384994215,-0.008372622906382337,-0.8822328841171644,0.029263607219859766,0.42535631017884856,59
MMC,-0.0024167340193541297,0.9101403008983023,-0.09220074129432475,0.05777980655647882,0.3862005075389812,-0.09550723429184146,-0.02861841693310152,0.6613807914855303,59
MPC,0.0033221194877252475,1.387106464194577,-0.13644323888706644,1.8850649776408106,-0.4040595390703976,-0.7412677351133677,0.04060196819774142,0.6125837648010326,59
MRK,-0.0032179246790602994,0.6062139592451788,-0.7335042888854935,-0.036664775455147784,-0.1321493608426975,0.9233971364296082,-0.037938941535838544,0.3702729637354073,59
MRNA,-0.006408720979234215,1.1666487723921155,2.289469489547584,-2.356465940434064,0.8249931035638715,2.118949495739193,-0.07425100049919175,0.21106827490367164,59
MSFT,0.0028522690163368045,0.9380676983415154,-0.43276033335891423,-0.46108223198695975,0.1426349895383263,0.0992476315514228,0.034769305032592346,0.73038505494435,59
MTB,0.0002677932508667918,0.6331641969977392,0.34725273554311287,1.5202872755992627,-0.726153791116569,-0.8596269496437309,0.003218256310761891,0.7030295817672432,59
MTCH,-0.029734084470096327,1.1001053186668799,1.1059265891604682,-0.7052240791549823,0.33653533547860137,0.10897112280824434,-0.3038716773308676,0.3758745421264946,59
MTD,-0.010666598912996329,1.0534406736047255,0.4314703431004753,-0.6426885039412115,0.8173482502308402,0.8266760153678282,-0.12075064265913005,0.5717242586893699,59
MU,-0.004003788179148526,1.084357509574559,0.34173035546505554,0.33108702759548336,-0.23219655912257067,-0.17477480368785747,-0.047001450695482005,0.36618871784521445,59
PODD,-0.006227804929803046,1.3111433062184705,-0.0175067763569855,-0.40261624076989516,-0.8239731420850767,0.8839515126756935,-0.07222621605635526,0.3813154881880978,59
DGX,-0.010193473177819861,0.7770638165670969,0.5515078741573687,-0.16176828682069988,1.021830388150041,0.5062116864281911,-0.11569158270695556,0.37611484125745254,59
MCO,-0.006171640861184731,1.2207714918852932,-0.06464266805351146,-0.10498975107278279,0.31249717187746606,-0.160593374209995,-0.07159681123953288,0.7681772151298067,59
MDLZ,-0.010861116367655119,0.599101218787601,-0.09811375839743848,-0.15453665239691847,0.6290490511873268,0.8428337738885568,-0.1228228806344368,0.529571521430853,59
MNST,-0.006317085156763942,0.6124467724727215,0.5639024116861745,-0.3819884116030164,0.8804117435666986,0.2559884961117726,-0.07322593335064842,0.44202111613915673,59
MOH,0.005975623592119473,0.5472388544704981,0.19047626340366075,-0.4541659217772702,0.09034704278420075,0.6410928215319525,0.0741117966094813,0.17894199323547966,59
MOS,-0.00865071823774393,1.4033841566089351,0.1230536902137137,1.2266441473439937,-0.7089123909404943,0.1831859619736285,-0.09900920227745003,0.5647500825655459,59
MPWR,0.011464893083694238,0.988720923446146,0.03013755980610104,-0.5395647022402877,-0.3010859113544345,-0.2782532460610068,0.14659425493542666,0.3041680040947129,59
MS,0.003223461395085319,1.2197617984856888,0.39688733482413674,0.7393755224963697,-0.13675458830874496,-0.34663524906465476,0.03937474557021048,0.7527689432293809,59
MSCI,0.0017387104036566154,1.0262087638646826,0.0023585890270845966,-0.08397512315159018,-0.17455241843967548,-0.44624226232220443,0.021065211285973495,0.5042761399555767,59
MSI,0.0029692933805360805,0.9826759353943464,-0.22187462603775443,0.230378518028763,0.22760577365714707,-0.25822326922327216,0.03621922110143583,0.6116542797346486,59
NCLH,-0.036054712456109965,2.692825543978465,0.16433222798314065,2.5378661711299477,-1.2291650069339588,-1.8072127778587153,-0.35638135839764085,0.637262335817417,59
NDAQ,-0.00014559486962205205,0.9421686436946505,-0.015650359842412333,0.03731103952609116,0.11135428994712698,-0.10994335218342978,-0.0017457400550685565,0.532419554249191,59
NDSN,-0.007124718055361532,0.852572523162773,0.18405885190258003,0.1396096722626644,0.060062494851017535,-0.18091246178957074,-0.08222465518210387,0.4819747207037758,59
NEE,-0.008241731926153335,0.5272303978121846,0.3446830167921158,-0.5539312353827094,0.5818916186759862,0.4951792208772051,-0.09453856585088238,0.2027689167588811,59
NEM,-0.01442896266400667,0.5573816973302016,0.25337746167658226,-0.458746664751354,0.7374805976261625,1.7290926816541823,-0.16004660384654035,0.22998062608426295,59
NFLX,0.008098989828224023,1.3857555575834015,-0.6731761994160297,-0.2850038823731493,-1.2712336804217361,-1.2151331858168581,0.10163608882340314,0.5133073027531727,59
NI,-0.002734179506368145,0.6036058732099794,-0.41361975555466857,0.3857951755505113,0.007206638814137967,0.30927342396768337,-0.03232122465520215,0.42111707760305206,59
NKE,-0.02211889549493914,0.9746064681138193,0.533135670239094,-0.8191383050218385,0.9774468185213527,0.9807553563635666,-0.23540288923408736,0.4421698877868646,59
NOC,-0.005075007572221744,0.34668184788319134,-0.007893635492005259,0.19086433908796077,0.5716316411655225,0.5392770863899242,-0.05922864511732839,0.26728665623129055,59
NRG,0.005891307412633822,1.242941802862405,-0.38043119499560024,0.1709590233398003,-0.6339352822691289,0.4120562282446847,0.0730319700587383,0.34918573506854456,59
NSC,-0.011803514634291853,1.248169941357409,0.23369949954009328,0.24479712761733452,-0.018128673583861204,0.04953528042055505,-0.13279922112515297,0.692620608119439,59
NTAP,0.00241476717819859,1.1719732611226354,-0.06347453463683864,0.12432229559439244,-0.257761917523452,-0.09174481643334309,0.029365173434132696,0.5519890120168142,59
NTRS,-0.007470651672870881,1.077144663979843,-0.2920607871042911,0.8229240942206903,-0.5249170879845688,-0.3537317184416262,-0.08605452170288819,0.7002985815396406,59
NUE,-0.00519316760575673,1.4417519302404989,0.3831247163604864,0.5284603927402418,0.6326102174630713,-0.013606601608543186,-0.060568512876871816,0.4827973582486338,59
NVDA,0.03443570858865031,1.6398446738004258,-0.7493014580661695,-0.5973105844991866,-0.09964289227161549,-0.9729004229422918,0.5012120682642243,0.5698170277845083,59
NVR,-0.00551234736000759,1.0440239460440344,0.5042887612898937,0.12203812170749263,0.8033082502889629,-0.04375839582101212,-0.06417909061142213,0.5972641726268118,59
NWS,-0.0019905438351956453,1.2578560525274063,0.3445539211395577,0.4454504574573295,0.0807597678025628,-0.32257556191179637,-0.02362674395518982,0.6251233422918443,59
NWSA,-0.003473651278234813,1.2294264869894704,0.38365544304054877,0.37154101440847576,0.1618964572842677,-0.21301992738461145,-0.04089659202739426,0.6049278803664581,59
NXPI,-0.008749016986337758,1.262744222275955,0.41809104977534595,0.5723742384064554,0.46774200364380325,-0.7357761938791191,-0.10008068719105834,0.6075163960852665,59
O,-0.017638516061595583,0.9123932862743439,0.22069099391057545,0.4371356790574036,0.547142018846938,-0.2286009055224881,-0.19228914833646604,0.6180356051564663,59
ODFL,0.0018046411241612178,0.7583025415749681,0.9952940553606082,-0.22561013760711437,0.9480856405439209,-0.4163608080344633,0.021871935898172712,0.47056378793297815,59
OKE,-0.010689861216879471,1.6907196306066008,0.40078318136345603,2.191424398944715,0.14284954901966054,-1.4770072041092368,-0.12099869720800627,0.6141819932026015,59
OMC,-0.0069894213974678225,0.9587535726817453,0.17159030758746585,0.5321765200606585,-0.11745712086675628,0.26665880815879434,-0.08072277419411222,0.5564820025854146,59
ON,-0.0020617782774060927,1.2780775423969448,1.582884174816507,0.28079031307245844,0.6906919850998823,-0.6266812020132662,-0.024462697239935216,0.5652918367177029,59
ORCL,0.006841295992521302,1.0779729211466509,-0.5996490593210518,-0.0616699902618855,-0.0037238501029732765,-0.13972053304802437,0.08525611103110142,0.4727225678091287,59
ORLY,0.003132491793355453,0.8870692186270757,-0.24556921596701645,0.19265945864730588,0.4569144671884542,-0.0643327949853213,0.03824433701034824,0.4818290746687959,59
OTIS,,,,,,,,,59
OXY,-0.008738011705764515,1.7545068574591236,0.10988415907869623,2.1744139211075955,-1.3683682978857075,-0.09749543250959113,-0.0999607845288416,0.47680083126278894,59
PANW,0.0163365593289996,1.1651302390185587,-0.24737496745687548,-0.1764867821124558,-0.7307703308848826,-0.2560103316054233,0.21464838738320702,0.3881281983603835,59
PAYC,-0.01750435159187134,0.9390988856445333,1.0700503886182855,-0.039963924854304604,-0.10022388794573409,-0.5821862081477734,-0.190964411527615,0.3445857207951818,59
PAYX,-0.0031604038659182572,0.9011062367534387,0.23873985538180295,0.0454865520109514,0.33672837055040056,-0.02907416756751064,-0.03727252383685131,0.6052134533379679,59
PCAR,0.0049625385229626305,0.9525547808223703,-0.28508994092279927,0.3607761523606834,-0.41953129922045934,0.19758898322339916,0.0612030194322597,0.49625899297899645,59
PCG,-0.007706931007034653,1.0189121879220102,-0.16467388194659366,1.0547038011496668,-0.18864384521682712,-0.34471946527246455,-0.08866196795537729,0.3695870182835681,59
PEG,-0.003334096353165938,0.6698389736156103,-0.19833977159241037,0.204616968577464,0.3534477954863578,0.20025064201382364,-0.03928358004036281,0.38125999869159044,59
PEP,-0.008956317304414714,0.543923999073123,0.0334241758117055,-0.022717904747303765,0.6114739334094296,0.5101049188554212,-0.10233649286437785,0.5689820053250112,59
PFE,-0.018726363885032078,0.5559693263460196,0.2410158725635157,-0.5232208799148615,1.3878588183918004,0.9219761866404214,-0.20295733448355058,0.3950360566432626,59
PFG,-0.0048561802975460545,1.1021889857763465,0.43960769779389514,0.8174319850821461,-0.0016724888230503475,0.10999801804590707,-0.056742640841827785,0.7612338529743814,59
PG,-0.00595877677444663,0.5180767378595172,-0.2619268475735781,-0.25853997561768577,0.7108445826514704,0.8098374868376584,-0.06920778701905239,0.5490542646559842,59
PGR,0.012791567041581773,0.5041878294277664,-0.8157014823759287,0.3862195044599259,-0.13228538422721953,0.0033626841444752034,0.1647719909131098,0.23818849828110245,59
PH,0.0032955904812827425,1.1681616966567663,0.6800125719259801,0.5048145741828134,0.5659724698420924,-0.5373606808533289,0.04027183946072155,0.7703322426052821,59
PHM,-0.008980632710892533,1.4551540849776514,0.5304442639864473,0.7909010959030176,1.1145446802869667,-0.6662311929684431,-0.10260074892004556,0.6080539236557471,59
PKG,0.005888200303226138,0.8343499083939768,-0.18882277890894678,0.28307970652678643,-0.08315532772285772,0.277533652267999,0.07299219672263524,0.41275538465773964,59
PLD,-0.011654803116478426,1.0600287234470567,0.39179589339416193,-0.5252008054801653,0.3754111548800076,0.6637259383938389,-0.13123188661455232,0.46855350459183875,59
PLTR,,,,,,,,,59
PM,-0.0001333842528827501,0.5928538941385234,-0.04639628838375184,0.3846538879372358,0.25161679543523163,0.48382235322983635,-0.0015994373268274353,0.45630027825919983,59
PNC,-0.0029056505777232374,1.0030641055554403,0.3220357708595314,1.2766635188753608,-0.39556401466443025,-0.7348225773371707,-0.034315943668865145,0.8228194140873141,59
PNR,-0.00036034285457237607,0.9556494388229063,0.7115030801282254,0.30681308098305166,0.6563145503473361,-0.5539532553056483,-0.00431555463999489,0.6795447757785217,59
PNW,-0.010314985213241727,0.5448254900360767,0.0020428203430589474,0.23397572687942053,0.48041018584647227,0.342164314931582,-0.11699343218487701,0.2917539153694664,59
POOL,-0.0061779529231766475,0.7822723503561959,0.9852066298649625,-0.4570507459453261,0.7634242652381467,-0.01443659430691201,-0.07166756712479827,0.3869029520302528,59
PPG,-0.0182530639280172,1.0882861426308064,0.15777423809518792,0.17597766274210325,0.8948839148143326,-0.15420146229031917,-0.19833180362850278,0.6748719461303178,59
PPL,-0.012861590036079644,0.8802636114842601,-0.17601629049756004,0.3319078893638407,0.33568935949328177,0.37527996498540717,-0.14387612253888926,0.5794775815834201,59
PRU,-0.007156515144905079,1.1742938784495054,0.17327028855270257,1.027990732450082,0.09005128486489124,-0.21815330989084375,-0.08257729699776795,0.8493392856225016,59
PSA,-0.0004515134373942495,0.7198186740256579,0.03493392198460179,-0.13101362910135336,-0.1647088942747506,0.20423609726809774,-0.005404726429271478,0.2943367360195889,59
PSKY,-0.03143641009775395,1.9189791606423527,0.27136048883663705,0.8037614818776018,-1.5421854903438372,0.8092948629735588,-0.31838730741113686,0.4839782461099149,59
PSX,-0.006651366761141784,1.3123523151215861,-0.1446723246055592,1.2676954491467192,-0.5320471700316628,0.11096145502605675,-0.0769602950828907,0.6239710886726293,59
PTC,0.0006464384679681034,1.1353860194847891,0.3739571516160159,0.027419026000056728,-0.24147404028849714,0.3442308775377053,0.007784901389674026,0.6816308850982483,59
PWR,0.025998001457107452,0.8700294448152925,0.512870278392716,0.3076803329030446,-0.1805287775356635,-0.6743817059393097,0.3606868189286798,0.5050843134901206,59
PYPL,-0.015363203658379003,1.467586137501679,0.10604244819557991,-0.197149216958794,-1.0977983175017596,-0.010027183257944102,-0.16955143619419488,0.4684090771194508,59
QCOM,-0.0074136174113621665,1.1551858481624218,0.3914787782442193,-0.4258362613948749,0.7400710208585791,0.30933428530338536,-0.08542409984438204,0.46809800889729225,59
REG,-0.010212576769178795,1.0687470361288007,0.4361307589143504,0.6537191253128578,0.43787327603796616,-0.16602187218483405,-0.11589637028543465,0.6991893062703697,59
REGN,0.008650601921977084,0.22528550322875865,-0.276423258787088,-0.4527025915149455,-0.1117342594357153,0.458527661479534,0.10889142304600496,0.06533644026089636,59
RF,0.000905168042642535,1.0541070070798846,0.4432130182380488,1.7427585932598106,-0.6320739624503404,-1.1281682856443576,0.010916255729455537,0.8531205200046837,59
RJF,0.008730429691896859,1.0199967080581174,-0.15347389048636653,1.0665863531119024,-0.7811615563345062,-0.6080828866233895,0.10994501529473255,0.7181889288443511,59
RL,-0.0008069849976703969,1.3170482232892011,0.4150347779936969,0.9101577092077171,-0.23281297485050456,-0.9276667026696183,-0.009640954542781799,0.6284140249799325,59
RMD,-0.0010164457479559606,0.6745156048626973,0.5046239987844986,-0.3933446291279164,-0.17955152290167883,0.4903983097240833,-0.012129390792369743,0.20814517957178957,59
RSG,0.0024824599228481866,0.7634350348232752,-0.48912105605189,0.2699225434271127,0.1099458058296311,-0.29408712443953805,0.030199635681386283,0.5023308254082517,59
RTX,-0.008423872058558176,0.7054748113355943,0.2778493964051297,0.7138647806599997,0.5887502998437233,-0.017285168416293437,-0.09653204817689609,0.46459387459263146,59
RVTY,-0.013749956105598803,0.9100192433064812,1.0327752564381336,-0.7470053195082377,0.8574731335694235,1.0323018656763197,-0.1530760262368568,0.4364168638481235,59
TAP,-0.010640383924245779,0.8236013895409212,0.4287646784158616,0.3409169894394314,0.2329348233159048,0.5880078356787515,-0.12047102563883672,0.4581110549675399,59
CRM,-0.001550050893058219,1.294223111929892,-0.6487421579030918,0.018277454520698164,-0.599661912493539,-0.9308362054964292,-0.018442851786565462,0.5304754479846658,59
GWW,0.005376739493314579,1.0710915825179859,-0.04223691728605733,0.10601968226955902,0.45820030561454494,-0.010577755068223548,0.066463503160346,0.561654276399417,59
LUV,-0.01888885958618276,1.1282561445945474,-0.26265110414738085,0.9710297047917213,-0.5323714189403244,-0.425712378539926,-0.20453974460354152,0.4162211923336342,59
NOW,0.010962570345951887,1.014333208322166,-0.2897260543366298,-0.23753686264040616,-0.6641509796222018,-0.37814247702661197,0.1397797059576853,0.5646634661605687,59
RCL,-0.013029735904529056,2.5891324024057907,-0.4249408322607508,2.2774328585294175,-0.9219218880526587,-1.7794778331407521,-0.1456244354973556,0.6400271458610516,59
ROK,-0.010286138218770877,1.079971971922484,1.0297823954904022,-0.5629350389121114,0.8952143137011733,0.03363933915222051,-0.11668453184896677,0.6541811070617155,59
ROL,-0.0011542522207591476,0.79145112345584,-0.29856234567860873,-0.2629881651577069,0.22173461816061554,0.3380457463646792,-0.013763432409405363,0.3494287763412114,59
ROP,-0.01032652511213462,1.0684146955522562,-0.22625032423802913,-0.15454613354466826,0.3059932474876291,0.33180908955724386,-0.11711697637809615,0.6900083897946487,59
ROST,-0.008992494961329485,1.0428296235712233,0.0503625564221594,0.1155760061597398,0.2168964211297877,-0.07825528891611187,-0.10272964013118391,0.43917296173183995,59
SBAC,-0.015735754129802833,0.6587917732015792,0.21244396194213747,-0.6379912304519864,0.6226117065326123,0.669863090029377,-0.1733141351562777,0.2790184751463378,59
SBUX,-0.012207788867445548,0.8856412530410243,0.1808219759218219,-0.1042302230199869,0.567464887297178,0.011097222956050335,-0.13704694917172155,0.420616689063143,59
SHW,-0.007905438181139122,1.09240857530539,0.34889938166972273,-0.0862778392317534,0.765828266233587,0.25441502985331127,-0.09084730890960369,0.5648973815453506,59
SJM,-0.004823436146277931,0.25081193053020534,0.47339625274926017,-0.5109298265253766,0.5440345183075677,1.0706958200457075,-0.05637013084468401,0.2327808678022325,59
SLB,-0.014076766107007558,1.5647175420398713,0.08080644345314829,1.9723466411107375,-0.368133473788216,0.04800067162186284,-0.15643759981055816,0.7267679724826792,59
SMCI,0.02716127910334063,1.2758733809170077,-0.571195653975045,0.28263735544051427,-0.4163888205947859,-0.6085944592922292,0.37931567982508985,0.11450233042580904,59
SNA,0.0002863333568316505,0.7800802268159864,0.5337107749168211,0.6933103394278212,0.6424031019155263,-0.25692421928193776,0.0034414165781524453,0.6856041116160159,59
SNPS,0.0062123752634131646,1.0274673154726692,0.0509588101395756,-0.49467093129626993,0.22026856450243987,-0.3766147750966671,0.0771491726044935,0.5761248941447037,59
SO,-0.004460746248276645,0.5386895537831954,-0.3358762682028834,0.1687093858310114,0.28535903146235353,0.35084614896923794,-0.05223500284888327,0.2926835193025169,59
SPG,-0.012859921030417719,1.6402029643163438,0.5742902268418677,1.437786096102028,0.30491928298774784,-0.8954030933674753,-0.1438587524654915,0.7266320122125142,59
SPGI,-0.006431225002911151,1.134591716287776,-0.06861579479583607,-0.2883289839256371,0.28137499361266627,-0.004144297713185399,-0.07450257858188947,0.7060799710549621,59
SRE,-0.007787161395698819,0.8120708273677314,-0.22178217081669507,0.45812212566956856,0.05762478676123979,0.17809723058877402,-0.08954579352071357,0.5301473598532858,59
STE,-0.006969983216575242,0.7267851354402003,0.4033556455305116,-0.305154745718317,0.5415224944896349,-0.013343403312359302,-0.08050681273695603,0.3863406418485039,59
STLD,0.007640596258373345,1.286999421982289,0.13773771845174743,0.7198253276697808,0.03336256371986518,0.0154977173614564,0.09563998843937616,0.4908488929573378,59
STT,-0.01027778994821725,1.3603522459643196,-0.0309113297516533,0.8499567142600475,0.015172351097973566,-0.35557985257525554,-0.11659511814368884,0.7391199444776875,59
STX,-0.004714108443274486,0.9599296625332682,0.04932307637512598,0.14832913733896153,0.42284220612617374,-0.5305863437128497,-0.055125400050788254,0.35715990841234535,59
SW,-0.0034065558795806604,0.9081500411725466,0.39845176074096733,0.2526718283513149,0.25105483284078883,-0.11961890529865787,-0.040121396136398535,0.38641927821387223,59
SWK,-0.029129059498666135,0.9681374087933151,1.0566540090562282,0.4237949887496116,1.1856775214977477,-0.17552571018909732,-0.2986447907295807,0.5942196975486993,59
SWKS,-0.014080441830656126,1.1009822059042786,0.35605916504525126,-0.34704051544560593,-0.31903599987409204,0.23661205023170973,-0.15647533871651742,0.502577841250873,59
SYF,-0.0035568386020010303,1.4420200127597647,0.60178637630753,1.3274913629637048,0.025033700328676488,-1.0633084905881371,-0.04185691133584446,0.7195995208566767,59
SYK,-0.0016152493262027784,1.044253545056522,-0.580827583004726,0.22692974964265278,-0.37232933649701294,0.03363073323093972,-0.0192117196797843,0.5317759671378841,59
SYY,-0.015369245295433964,1.1206687029469664,0.25796560552051895,0.5901432629778922,0.28762090543671764,-0.0046234917818848715,-0.16961258076466756,0.568373034968109,59
TDG,-0.004537379830069787,1.2641180043842328,0.19228953345076477,0.9086762043738669,0.3674682850637472,-0.9438910412805676,-0.05311010507127989,0.6668829433374515,59
TDY,-0.009671440574290337,0.923974276185391,0.17256584256586324,0.11179257521406731,0.25474948439988676,-0.014323628900299663,-0.11007861575036137,0.49240821286848613,59
TEL,-0.008766036319068233,1.127293853307888,0.457019712735547,0.1860241459684733,0.5886134275666545,-0.4470704314888423,-0.10026608419217498,0.8339225773645944,59
TER,-0.008046889932314217,1.2475768410295942,0.8305156048884147,-0.6126264998538828,0.7331175499531924,-0.055454723626107726,-0.09240160156763089,0.47233605276153445,59
TFC,-0.007647244870447839,0.7964943937614934,0.41936130386019976,1.7068397682630896,-0.28002236472577724,-1.5187146442507977,-0.08800394971716075,0.8021845984652194,59
TGT,-0.009328510950463342,1.1382397089260374,0.02571812015515103,-0.25157832766353233,0.006939424397282353,0.4896363515879363,-0.10637363561981916,0.3670870657607982,59
TJX,-0.0012039430764672011,0.7778260029925471,0.2234798186994373,0.15721127898275802,0.6163201818195161,-0.14080548607960292,-0.014352034189973994,0.5041447062133724,59
TKO,0.00940784381431076,1.0914689254457701,0.21327393790122673,0.18398481558980948,-0.6673785902804164,0.45517037139100625,0.11892274536849157,0.3698332196371399,59
TMO,-0.0034856125087304713,0.7583490216854226,0.3003874245626442,-0.6196852764158721,0.3131072349343754,0.738656587980795,-0.04103472745716952,0.4169501603818202,59
TMUS,0.009954141129778537,0.5045485432488915,0.4594026844151519,-0.2561609000904789,0.06963609528335632,0.36324713070373843,0.12621122395169282,0.2695948721675233,59
TPL,0.0034720522893295067,1.352996013864789,1.3475478494603432,0.9301144137330979,1.0380398584397226,-0.2053052868740603,0.042469547860686685,0.4595164314358441,59
TPR,0.0031723538864274225,1.4464534602435883,0.5850777476291715,1.185507600270027,-0.41137433754279623,-1.1601890153683707,0.03873953347847081,0.5706580112043618,59
TRGP,0.0009747684005354541,2.2697663420791514,0.5762826311879445,2.6825238855109195,0.1828800066647852,-1.9699136033288351,0.01176013646450147,0.5451946000611887,59
TRMB,-0.0086403832169421,1.3689771519063438,0.5986791359901166,-0.18418645630489094,0.1663933980583791,-0.2546045690863608,-0.09889647963468273,0.7120945453449057,59
TROW,-0.016624723348713483,1.424028969158021,0.2372390233655421,-0.08617760808212399,-0.04940148828774122,0.02488689904332238,-0.18222952940803705,0.7662738946554918,59
TRV,0.004510600251181082,0.6908386784415416,-0.13697688374469555,0.7207041724356471,-0.4256114653619499,0.19918237073322242,0.05549040287268103,0.5826377454012743,59
TSCO,0.006090128704351048,0.7988783396581903,0.2626163134391221,-0.44176268375145256,0.3470397968355185,0.5994461328317846,0.07557984392920147,0.3966952744358706,59
TSLA,0.020168958472115684,1.9066032651388982,1.1447428012467356,-1.023208721148903,-0.4136656036358623,-0.9067771733545562,0.27076503601915247,0.5134699086307435,59
TSN,-0.01640400167280234,0.7596054247120704,0.14863984307702152,0.5095286591208812,0.25919198232132973,0.42090329552981665,-0.1800241943911295,0.5364834945219938,59
TT,0.007502614719620379,1.0001071029050912,-0.01413153921778343,0.299135523997431,0.36624101431972134,-0.36316184098316107,0.09384096265377218,0.5194489508444351,59
TTD,0.013130039302661262,1.2697468713014632,1.036105747666995,-0.8402349699656143,-0.3385973024261814,-0.39396647188024575,0.16945175108244448,0.34644837866495204,59
TTWO,-0.0017953726644525689,0.9682942133639595,-0.21636008417284938,-0.43424783975197445,-0.6322085450700535,0.2382292614333685,-0.021332998057130625,0.3854271192564068,59
TXN,-0.0032750309727854793,0.8542969920697654,0.4026767655427331,-0.012356142179531352,0.3104372579477048,0.0186456530601265,-0.03860013841668597,0.5879907644653358,59
TXT,-0.009418774941097741,1.0781402538110605,0.6260651232717785,0.6180693186605036,0.719997612100125,-0.4888046303168842,-0.10735020805085571,0.6843398970383111,59
TYL,0.001382168318085048,0.6734421143654173,0.03569568183449974,-0.24030262343193648,-0.027077451225808843,-0.7112511231095127,0.0167126882241877,0.466091011713479,59
UAL,-0.008679260123574735,1.3662598955454972,0.23372000936338333,1.6663755536021467,-0.6304640877591858,-0.8839116756620323,-0.09932043754296149,0.4729982249570458,59
UBER,0.003208001072096764,1.360629364808742,-0.1464125692345326,0.08780901883845212,-1.6755128935828583,-0.5898572385183266,0.03918255260858605,0.45597084817413724,59
UDR,-0.010386209539606246,0.7760046688029644,0.3335640669581266,0.11583738275256754,0.2471543645801197,-0.15479697953401647,-0.11775569483788417,0.47893360850157063,59
UHS,-0.015344565668129235,1.2711904820595148,-0.10130076326776193,0.4847063610437769,0.5230172641799553,0.5788920119849852,-0.16936278384515446,0.5283504074475383,59
ULTA,-0.008987101388161717,1.2007043822927013,0.4891765753343419,0.1523636472357505,0.31069747161229205,0.33687068235929585,-0.10267103748876416,0.423869790305484,59
UNH,-0.0004081278680280696,0.5300228622073491,0.24270517173058515,-0.05566356672671031,0.6467972755575636,0.2310288684669042,-0.004886555846933205,0.31842687919034063,59
UNP,-0.008167699075774892,0.9984093034420659,0.09226548898075573,-0.011139645201619811,0.1579681923917535,0.1273472908444438,-0.09372714127353055,0.5882561222932372,59
UPS,-0.006871264827394822,1.0651766921537056,-0.342166245639585,-0.3178135380418865,-0.14175316258197249,0.5212000062982036,-0.07940931681477015,0.40845977500253483,59
URI,0.01284438351599614,1.3943204054415796,0.7130494251079158,0.6816118017966085,-0.19349607015701947,-0.5508731381087812,0.1655011059668452,0.6935713979519974,59
USB,-0.007184001939207628,0.9383613198028973,0.1442610496882786,1.5912716165140806,-0.576063021295928,-0.8406163999342711,-0.08288203590348331,0.7786661572777881,59
V,-0.005459940827692456,0.9442202688649658,-0.2522418977273895,0.17110815290773515,0.17956067315428934,0.06774841296416531,-0.06358713942398841,0.5652969363011063,59
VICI,-0.008392844572484967,0.8466339999007122,0.41303685877158935,0.6496999426387098,0.45916980996486184,-0.5032181205492262,-0.09619274395125843,0.6252115457110554,59
VLO,-0.0033003383878702237,1.3659155309614468,-0.15825182365474103,1.3634984097302598,-0.7244925858912871,0.01131821053778344,-0.03889302339925704,0.5321022976023031,59
VMC,0.0013295732208949225,0.7038713958485088,0.13114986300644801,0.30966530047957186,0.020171352580209842,-0.5511787102641197,0.016072069769633934,0.3773279697729708,59
VRSK,-0.004233729586664563,0.8636255548103127,-0.16250962487891707,-0.5756054460964171,0.3921077922006659,-0.06324831386265371,-0.04963827752055794,0.5412460737072268,59
VRSN,-0.01427450526750836,0.8422714414854445,0.10498999890116904,-0.47605026990294813,0.49958060310554075,0.10254007334901047,-0.1584656048668881,0.5300828798043167,59
VRTX,-0.00038060648695240897,0.4296929966395796,0.1723538320321553,-0.6177260776997375,0.47561853175234337,1.000689777169819,-0.004557729117118159,0.1690134211631502,59
VST,0.015730102211830327,1.2465403700760873,-0.3362157915388464,-0.09696404572601158,0.14974736631249877,0.45430148955041316,0.20597937628898455,0.31982774562937055,59
VTR,-0.01639099054627633,1.3528796236664127,0.28835398123327877,1.0907698534845647,0.46313291955821323,-0.5718516719121955,-0.17989402405436938,0.5761804060973377,59
VTRS,-0.018956631643146746,0.9834240284027862,-0.017749224086187534,0.4750271523267497,-0.20365589355370997,0.6949101154548895,-0.20519886871639936,0.4005125045931066,59
VZ,-0.010569413020793925,0.5337211221929617,-0.5280442373281344,0.2157102943479211,0.003098897479934297,0.09840410858255297,-0.11971361935411362,0.26127310950627103,59
WRB,0.0025403893874652514,0.7056533190382916,-0.5361324428116114,1.031334891048262,-0.26975179230824065,-0.3182025555103503,0.03091423632592427,0.5100876095316123,59
DIS,-0.014858194086462658,1.4678486958759491,-0.2508742885870072,0.35528428009556334,-1.0470819670209348,-0.25274544940178173,-0.16442585643281526,0.6390304141946956,59
WAB,-5.13131505837645e-05,1.2025210356185563,0.04100543666953641,0.5639981091261111,0.16035120553358298,-0.07158037878703251,-0.000615584056123275,0.7385722024439454,59
WAT,-0.007140259406050186,0.8748925928035508,0.6744149164355546,-0.1115402737848252,0.6486706385565691,0.5232457108168991,-0.08239703019262845,0.39130099317749445,59
WBD,-0.027283896463603782,1.3002131077362484,1.39396093265613,0.37851425832756735,-0.8090326137735329,-0.0013513646219640418,-0.28248122533220543,0.5056737595232268,59
WDAY,-0.007516965272368337,1.3064601067506747,-0.3526443371853718,0.042313299254616465,-0.4059636473233939,-0.8396595978542212,-0.08656615082618557,0.5066312370419349,59
WDC,-0.016256824620761622,1.2957397616644795,0.3322572125147969,0.6376378878641866,-0.13674193420173797,-0.5599677969538889,-0.17855065050450614,0.43957476174386745,59
WEC,-0.009407767732326735,0.5037891654493765,-0.24955937150439747,-0.012016925699477658,0.435363256138176,0.6102452924405023,-0.1072311726859253,0.33796308519189266,59
WELL,-0.008762154698411543,1.1220675591004385,0.08513711068108554,0.5933790022689028,0.5872692937882763,-0.4230870601502193,-0.1002238035468268,0.5731814119373679,59
WFC,0.0006449731164448084,1.0910239088221676,-0.3912101194079612,1.692799776748628,-0.926758979919624,-1.1202751878317214,0.007767191870833301,0.7103513262486458,59
WM,-0.0029350879733450116,0.7880050289091688,-0.3373568930285919,0.1323465223867097,0.2923394561194592,-0.09620781172522698,-0.0346580088883669,0.503796560869139,59
WMB,0.006932326553159985,1.1566780330509718,-0.5652898965392744,1.0371784979563674,-0.24625916838270248,-0.016729938852653017,0.08643413914432219,0.6292456251501988,59
WMT,0.006192616909034902,0.596693629643091,-0.26040823825509934,-0.39799898423098345,0.1280539916631408,0.4433765981434575,0.07689538447133915,0.3625613440804759,59
WSM,0.012707848750002904,1.4763484759602301,0.5626307701681248,0.7672812990200785,-0.02737135151089756,-0.953820051425041,0.16361714242696968,0.5019793893430811,59
WST,-0.002906572140936979,1.0128588532728915,-0.015000401455159459,-0.8060092660989688,0.45759690482364385,0.22105978087333752,-0.03432665400189294,0.4463479154651102,59
WTW,-0.00143863325239438,0.7855112718430091,-0.5017702303346802,0.47280078112543394,-0.2898544956862436,-0.2246150901677848,-0.01712765402911809,0.3797087912335696,59
WY,-0.018561336344488512,1.3244651904869629,0.48438121348793844,0.5406123935760968,0.7092945915258088,0.028672024561761374,-0.201347315998753,0.6607879534126132,59
WYNN,-0.0275233289487287,1.5340318241589022,0.5005861379044917,0.8689024945193119,0.47136734772260935,-0.7983407983187687,-0.28459775135454135,0.5183704336405105,59
XEL,-0.009078997262590136,0.4880952885946794,-0.21252776460084805,0.040854937015081694,0.457327644439713,0.6319842514725807,-0.10366903200757549,0.333039566982853,59
XYL,-0.007298456297450622,0.9815034051537183,-0.11767748004059866,0.2912529467640004,0.22088475367830937,-0.31632868658838376,-0.08414996411953013,0.5235391552431661,59
YUM,-0.01413140895786121,0.9783160567388014,0.25658676318508905,0.1201748126606359,1.0441483865598622,0.14032206608666514,-0.1569984622130428,0.7198544325602148,59
ZBH,-0.01660443762785161,1.0865894681464523,-0.1310611754010742,0.4028467609197767,-0.3782014989772327,0.3163889089104266,-0.18202707226466175,0.5742989365819923,59
ZBRA,-0.00973659887045172,1.3544163754620981,1.0210259442879248,-0.19869145509823746,0.33170176449204475,-0.23467349537416285,-0.11078098607179232,0.6310238738991364,59
ZTS,-0.010523774986971454,0.7148329188401292,0.5645984354551887,-0.41824510452251273,0.8299236656569382,-0.18516169283041803,-0.11922625136355025,0.5152743605377273,59
