timestamp,open,high,low,close,adjusted close,volume,dividend amount
2000-01-07,85.88,90.88,82.5,90.31,17.3252,11249200,0.0
2000-01-14,90.06,90.06,85.56,87.0,16.6902,7407500,0.0
2000-01-21,87.5,89.88,86.81,88.56,16.9895,8356000,0.0
2000-01-28,89.5,90.5,81.88,82.56,15.8384,8844500,0.0
2000-02-04,82.06,84.44,78.38,78.56,15.071,8714000,0.0
2000-02-11,79.13,80.69,72.19,74.0,14.1962,10178900,0.0
2000-02-18,74.19,78.94,73.63,76.19,14.7385,11619300,0.65
2000-02-25,75.06,76.19,69.94,71.06,13.7461,9582700,0.0
2000-03-03,71.06,77.44,70.88,74.56,14.4232,11357900,0.0
2000-03-10,74.44,84.81,73.69,80.38,15.549,12684500,0.0
2000-03-17,80.94,87.0,79.31,83.31,16.1158,10790900,0.0
2000-03-24,83.56,86.5,81.69,85.63,16.5646,7816800,0.0
2000-03-31,84.19,94.25,82.44,92.44,17.8819,13223200,0.0
2000-04-07,92.63,93.75,86.31,86.44,16.7213,9677400,0.0
2000-04-14,85.44,90.44,85.13,85.69,16.5762,8719500,0.0
2000-04-20,85.0,86.31,82.31,86.31,16.6961,6122800,0.0
2000-04-28,85.31,89.0,84.06,85.13,16.4679,6982900,0.0
2000-05-05,85.5,90.75,85.5,90.75,17.555,6825300,0.0
2000-05-12,91.06,94.31,88.88,94.27,18.2359,7337500,0.0
2000-05-19,93.81,94.75,90.06,93.31,18.1787,6978400,0.65
2000-05-26,93.81,94.88,91.13,91.38,17.8027,7235500,0.0
2000-06-02,91.44,92.44,88.81,90.56,17.643,5817900,0.0
2000-06-09,90.75,93.94,90.25,92.0,17.9235,6824500,0.0
2000-06-16,92.81,94.69,91.44,92.75,18.0696,10049000,0.0
2000-06-23,93.31,93.44,89.38,89.75,17.4852,7345500,0.0
2000-06-30,89.69,90.5,84.56,84.81,16.5227,7887000,0.0
2000-07-07,85.0,86.63,82.06,83.95,16.3552,6245900,0.0
2000-07-14,84.06,87.56,82.69,83.75,16.3162,7156300,0.0
2000-07-21,84.0,84.5,78.5,78.5,15.2934,7620400,0.0
2000-07-28,78.69,82.38,76.88,80.58,15.6987,10859900,0.0
2000-08-04,80.0,81.81,77.63,79.33,15.4551,8073100,0.0
2000-08-11,79.69,84.56,79.63,84.0,16.3649,7009400,0.0
2000-08-18,83.25,87.75,83.25,86.03,16.8885,7181300,0.65
2000-08-25,86.19,89.69,85.5,86.88,17.0554,6836200,0.0
2000-09-01,86.13,88.06,84.38,85.47,16.7786,5667600,0.0
2000-09-08,86.31,89.5,85.44,86.69,17.0181,5353100,0.0
2000-09-15,86.69,91.44,86.69,90.19,17.7052,9189700,0.0
2000-09-22,90.88,92.31,83.69,84.25,16.5391,12574900,0.0
2000-09-29,83.0,86.88,81.56,85.25,16.7354,9245400,0.0
2000-10-06,86.19,87.75,83.44,84.38,16.5646,6578500,0.0
2000-10-13,84.81,88.94,84.0,84.25,16.5391,11954800,0.0
2000-10-20,80.0,83.75,78.5,83.44,16.3801,20499800,0.0
2000-10-27,83.5,83.63,80.0,80.31,15.7656,11241600,0.0
2000-11-03,79.38,84.13,79.38,81.06,15.9128,9370500,0.0
2000-11-10,80.94,84.75,80.56,84.13,16.5155,7968200,0.0
2000-11-17,85.06,85.31,82.63,83.75,16.5682,6234600,0.65
2000-11-24,84.31,85.44,83.38,84.31,16.679,4190300,0.0
2000-12-01,85.13,86.0,80.5,82.63,16.3467,10169200,0.0
2000-12-08,82.38,84.5,79.38,81.31,16.0855,8289800,0.0
2000-12-15,81.38,82.81,78.25,78.25,15.4802,11542400,0.0
2000-12-22,78.88,82.44,78.19,80.63,15.951,10897000,0.0
2000-12-29,81.62,86.94,81.0,84.44,16.7047,7836100,0.0
2001-01-05,85.19,86.94,80.06,81.5,16.1231,9120000,0.0
2001-01-12,81.5,82.38,79.63,80.94,16.0123,10885500,0.0
2001-01-19,80.88,81.0,78.44,79.31,15.6899,10686400,0.0
2001-01-26,78.75,83.5,78.69,82.63,16.3467,12724200,0.0
2001-02-02,81.62,83.58,80.91,82.42,16.3051,7469400,0.0
2001-02-09,82.8,86.56,82.55,85.89,16.9916,11262500,0.0
2001-02-16,86.0,87.49,84.7,86.55,17.2518,11853800,0.65
2001-02-23,86.3,87.22,84.14,84.46,16.8352,8469300,0.0
2001-03-02,84.0,88.5,83.6,88.45,17.6305,11809800,0.0
2001-03-09,88.75,93.45,88.75,92.78,18.4936,13549300,0.0
2001-03-16,92.74,92.79,87.18,87.5,17.4412,12911100,0.0
2001-03-23,88.1,91.25,85.35,86.7,17.2817,17030400,0.0
2001-03-30,87.8,88.67,85.33,87.8,17.501,10222100,0.0
2001-04-06,87.8,89.9,84.59,89.22,17.784,12589600,0.0
2001-04-12,89.75,92.95,89.75,91.8,18.2983,9512900,0.0
2001-04-20,92.0,93.95,91.32,93.25,18.5873,11994100,0.0
2001-04-27,93.9,97.94,93.57,97.49,19.4324,15868000,0.0
2001-05-04,97.49,97.8,90.67,93.35,18.6072,14127400,0.0
2001-05-11,93.98,95.9,92.67,94.02,18.7408,8682200,0.0
2001-05-18,94.02,97.75,93.9,97.57,19.5811,10773800,0.65
2001-05-25,98.0,98.49,93.6,94.18,18.9008,9983400,0.0
2001-06-01,96.0,96.8,94.95,96.38,19.3423,9074700,0.0
2001-06-08,96.95,98.06,95.7,96.44,19.3543,12275800,0.0
2001-06-15,97.0,98.4,95.01,96.69,19.4045,10589100,0.0
2001-06-22,96.69,96.85,92.35,94.74,19.0132,12600100,0.0
2001-06-29,94.95,95.35,87.94,90.5,18.1622,14309100,0.0
2001-07-06,90.49,92.54,89.45,91.0,18.2626,9900000,0.0
2001-07-13,91.0,91.0,87.05,89.4,17.9415,12507300,0.0
2001-07-20,89.5,90.19,85.1,88.95,17.8512,12756100,0.0
2001-07-27,89.1,91.19,84.75,91.1,18.2827,13169000,0.0
2001-08-03,91.4,92.46,89.75,90.68,18.1984,11556100,0.0
2001-08-10,90.45,92.44,89.4,91.75,18.4131,11529700,0.0
2001-08-17,91.8,93.35,91.55,92.01,18.5943,12360200,0.65
2001-08-24,92.05,93.2,90.4,92.8,18.754,12181100,0.0
2001-08-31,93.1,93.61,89.96,90.75,18.3397,10117600,0.0
2001-09-07,91.1,93.31,90.8,92.4,18.6731,13183200,0.0
2001-09-10,92.4,92.4,91.55,91.7,18.5317,3042200,0.0
2001-09-21,92.5,92.5,81.0,84.01,16.9776,21955000,0.0
2001-09-28,84.55,84.75,78.6,84.75,17.1271,24136700,0.0
2001-10-05,83.85,88.77,82.08,88.44,17.8729,16985600,0.0
2001-10-12,90.0,93.77,87.77,91.0,18.3902,24431700,0.0
2001-10-19,90.5,90.55,84.8,86.74,17.5293,14906800,0.0
2001-10-26,86.9,89.35,85.25,88.93,17.9719,14688600,0.0
2001-11-02,89.2,90.0,87.4,87.45,17.6728,15831600,0.0
2001-11-09,87.95,89.7,85.86,89.49,18.0851,15422600,0.0
2001-11-16,88.9,90.22,82.5,83.45,17.0007,21328700,0.7
2001-11-23,83.45,87.73,82.0,86.58,17.6384,12459100,0.0
2001-11-30,85.15,86.0,84.1,85.01,17.3185,11842100,0.0
2001-12-07,86.91,88.0,84.36,87.23,17.7708,13246300,0.0
2001-12-14,86.89,87.4,83.78,84.0,17.1128,13463000,0.0
2001-12-21,84.25,88.89,83.58,88.6,18.0499,14452500,0.0
2001-12-28,88.6,91.05,88.51,90.44,18.4247,7450300,0.0
2002-01-04,90.0,90.7,87.91,89.3,18.1925,9219500,0.0
2002-01-11,89.44,90.5,87.25,87.41,17.8075,12570000,0.0
2002-01-18,87.42,89.2,86.71,86.8,17.6832,11280600,0.0
2002-01-25,87.4,89.02,86.11,88.56,18.0417,8254300,0.0
2002-02-01,89.18,89.18,81.1,85.37,17.3919,22298500,0.0
2002-02-08,84.85,85.24,81.37,81.85,16.6748,13707100,0.0
2002-02-15,81.05,83.25,80.8,82.35,16.9191,13227600,0.7
2002-02-22,81.9,83.75,80.8,83.7,17.1964,10298600,0.0
2002-03-01,83.5,85.5,83.01,85.5,17.5662,13217100,0.0
2002-03-08,85.52,88.98,84.91,87.65,18.008,13902900,0.0
2002-03-15,88.7,90.4,88.4,89.8,18.4497,14564500,0.0
2002-03-22,90.19,91.6,89.0,89.11,18.3079,10559000,0.0
2002-03-28,89.11,91.19,88.4,90.27,18.5462,8185100,0.0
2002-04-05,90.69,91.04,86.75,87.14,17.9032,11690700,0.0
2002-04-12,87.84,88.95,83.55,84.1,17.2786,12611600,0.0
2002-04-19,85.4,88.0,85.24,88.0,18.0799,10517700,0.0
2002-04-26,87.65,88.13,84.0,84.6,17.3813,13274900,0.0
2002-05-03,85.02,90.1,84.7,89.51,18.3901,13147900,0.0
2002-05-10,88.9,89.05,86.84,87.95,18.0696,12996300,0.0
2002-05-17,87.25,90.5,87.08,89.15,18.4617,12105100,0.7
2002-05-24,88.55,90.0,87.35,89.1,18.4514,10747500,0.0
2002-05-31,89.15,89.2,86.5,87.25,18.0683,8333400,0.0
2002-06-07,87.95,88.19,85.58,87.25,18.0683,11508200,0.0
2002-06-14,87.1,88.15,85.55,86.77,17.9689,11126500,0.0
2002-06-21,87.5,88.75,86.25,87.65,18.1511,13895700,0.0
2002-06-28,88.15,88.75,85.0,88.5,18.3271,14698500,0.0
2002-07-05,88.5,88.93,86.15,87.9,18.2029,9922100,0.0
2002-07-12,87.6,88.1,81.69,82.8,17.1468,16362600,0.0
2002-07-19,82.15,82.3,73.0,74.5,15.4279,22145000,0.0
2002-07-26,73.7,74.9,65.64,70.81,14.6638,29247100,0.0
2002-08-02,72.0,75.0,69.87,70.8,14.6617,24739800,0.0
2002-08-09,70.8,75.9,67.6,75.55,15.6454,14492600,0.0
2002-08-16,74.75,78.55,73.71,76.92,16.0723,13551300,0.7
2002-08-23,76.42,79.01,74.03,78.43,16.3878,14125600,0.0
2002-08-30,78.05,80.0,75.27,76.63,16.0117,12952200,0.0
2002-09-06,75.25,75.29,70.2,74.7,15.6084,12549700,0.0
2002-09-13,74.6,76.5,71.76,73.19,15.2929,12006700,0.0
2002-09-20,73.0,74.11,69.82,70.55,14.7413,13468900,0.0
2002-09-27,70.05,73.57,68.3,70.97,14.8291,14056100,0.0
2002-10-04,70.97,73.82,68.2,70.9,14.8144,17957000,0.0
2002-10-11,71.8,72.71,68.13,71.98,15.0401,15465600,0.0
2002-10-18,71.99,75.2,71.3,74.9,15.6502,12676000,0.0
2002-10-25,74.6,75.43,70.58,73.23,15.3013,14433900,0.0
2002-11-01,73.3,74.18,66.3,68.85,14.3861,26940900,0.0
2002-11-08,69.5,69.65,67.1,67.5,14.104,18190000,0.0
2002-11-15,67.25,68.0,65.41,67.55,14.2615,15450500,0.7
2002-11-22,67.65,68.5,66.35,66.43,14.025,16874100,0.0
2002-11-29,66.7,68.18,66.2,67.03,14.1517,11677500,0.0
2002-12-06,67.2,69.0,66.36,68.35,14.4304,14694700,0.0
2002-12-13,68.38,68.98,66.91,67.63,14.2784,13347600,0.0
2002-12-20,68.05,69.13,65.9,66.65,14.0715,17213600,0.0
2002-12-27,66.95,67.5,65.73,65.9,13.9131,7295100,0.0
2003-01-03,66.3,68.39,65.9,68.34,14.4283,8956400,0.0
2003-01-10,68.34,70.4,67.6,68.61,14.4853,16540200,0.0
2003-01-17,68.78,69.0,67.55,68.11,14.3797,13116500,0.0
2003-01-24,68.12,68.12,63.27,63.54,13.4149,15349900,0.0
2003-01-31,63.45,65.74,61.31,64.4,13.5964,25641200,0.0
2003-02-07,64.41,66.02,63.25,63.72,13.4529,16771900,0.0
2003-02-14,63.85,65.72,62.22,63.73,13.6043,12921200,0.7
2003-02-21,64.32,65.25,63.49,64.05,13.6726,11220800,0.0
2003-02-28,64.17,64.95,63.64,64.17,13.6982,16365600,0.0
2003-03-07,64.53,66.03,64.27,65.26,13.9309,15764400,0.0
2003-03-14,65.2,65.41,61.7,64.19,13.7025,18033100,0.0
2003-03-21,63.6,66.65,63.6,66.0,14.0889,21856100,0.0
2003-03-28,65.55,66.36,64.7,65.25,13.9288,16465800,0.0
2003-04-04,64.8,65.95,64.2,64.94,13.8626,15326000,0.0
2003-04-11,65.75,65.81,63.25,63.56,13.568,13960900,0.0
2003-04-17,63.57,64.42,63.29,64.05,13.6726,10242300,0.0
2003-04-25,64.43,65.36,62.52,63.4,13.5339,16250400,0.0
2003-05-02,63.43,65.6,62.13,65.35,13.9501,21487900,0.0
2003-05-09,66.0,68.0,65.76,67.55,14.4198,19443500,0.0
2003-05-16,67.6,69.28,66.8,67.3,14.5162,17415300,0.7
2003-05-23,66.85,68.98,66.11,68.43,14.7599,17022900,0.0
2003-05-30,68.5,71.4,68.32,70.94,15.3013,17965100,0.0
2003-06-06,71.5,74.84,71.03,74.26,16.0174,17498700,0.0
2003-06-13,73.85,76.23,73.27,75.05,16.1878,12829500,0.0
2003-06-20,74.55,75.08,72.78,73.8,15.9182,15233300,0.0
2003-06-27,73.55,74.5,72.2,72.38,15.6119,12926700,0.0
2003-07-03,72.35,72.85,71.07,71.93,15.5149,10358400,0.0
2003-07-11,72.25,73.58,71.52,73.0,15.7456,11957000,0.0
2003-07-18,73.2,73.45,70.9,72.74,15.6896,14040500,0.0
2003-07-25,72.7,72.95,71.51,72.73,15.6874,12180000,0.0
2003-08-01,72.6,73.25,71.03,71.05,15.325,11809300,0.0
2003-08-08,71.01,72.94,70.05,72.8,15.7025,13702900,0.0
2003-08-15,73.04,74.2905,72.62,72.82,15.8643,11814300,0.73
2003-08-22,73.05,73.15,71.54,71.81,15.6442,10983300,0.0
2003-08-29,72.0,73.41,71.5,72.87,15.8752,10113200,0.0
2003-09-05,72.98,74.56,72.42,73.02,15.9078,12336900,0.0
2003-09-12,73.0,74.02,72.4,72.95,15.8926,13242700,0.0
2003-09-19,72.56,73.2,71.95,72.36,15.7641,11148100,0.0
2003-09-26,72.0,73.59,71.32,71.48,15.5723,11301300,0.0
2003-10-03,71.56,73.76,70.7,73.08,15.9209,12448700,0.0
2003-10-10,73.7,74.17,73.05,73.8,16.0778,10360700,0.0
2003-10-17,74.15,75.0,73.52,73.73,16.0625,10650000,0.0
2003-10-24,73.6,74.65,72.56,73.12,15.9296,11876200,0.0
2003-10-31,73.12,74.98,71.0,74.3,16.1867,17213200,0.0
2003-11-07,74.55,75.0,73.16,74.55,16.2412,12502700,0.0
2003-11-14,74.58,75.85,73.59,74.27,16.3392,11609600,0.73
2003-11-21,74.27,74.75,71.14,73.48,16.1654,11659300,0.0
2003-11-28,73.9,75.48,73.8,75.1,16.5218,8253500,0.0
2003-12-05,76.62,78.15,75.25,78.0,17.1598,14039900,0.0
2003-12-12,77.99,80.45,77.71,80.25,17.6548,14562400,0.0
2003-12-19,80.26,84.13,78.95,83.27,18.3192,17136000,0.0
2003-12-26,83.22,84.25,82.73,83.85,18.4468,5627000,0.0
2004-01-02,84.3,86.99,83.15,85.89,18.8956,10500900,0.0
2004-01-09,86.55,87.64,84.33,85.12,18.7262,17909700,0.0
2004-01-16,85.32,85.9,83.99,84.72,18.6382,14372000,0.0
2004-01-23,85.05,87.95,85.022,86.9,19.1178,10374000,0.0
2004-01-30,86.85,88.52,85.8,86.35,18.9968,13822100,0.0
2004-02-06,86.32,86.68,84.27,85.42,18.7922,11641700,0.0
2004-02-13,85.48,88.0,85.23,86.52,19.1948,11151000,0.73
2004-02-20,87.25,87.54,86.04,86.61,19.2147,7750900,0.0
2004-02-27,86.85,88.99,86.85,88.35,19.6008,12041100,0.0
2004-03-05,88.75,90.58,88.75,90.22,20.0156,11614600,0.0
2004-03-12,90.35,91.42,86.7,88.45,19.6229,14862000,0.0
2004-03-19,88.45,89.95,87.23,88.2,19.5675,11212100,0.0
2004-03-26,87.35,88.2,84.34,85.34,18.933,15003000,0.0
2004-04-02,85.65,88.95,85.18,88.03,19.5298,17351200,0.0
2004-04-08,88.15,90.58,88.09,89.94,19.9535,9936700,0.0
2004-04-16,90.05,92.3,90.05,91.73,20.3506,16831900,0.0
2004-04-23,91.73,92.45,89.11,91.69,20.3417,13925100,0.0
2004-04-30,91.95,94.16,89.79,91.5,20.2996,15911000,0.0
2004-05-07,91.61,94.65,91.4,91.65,20.3329,15634700,0.0
2004-05-14,90.5,93.4,88.02,92.69,20.5636,19487900,0.0
2004-05-21,92.05,92.65,89.15,89.61,20.0388,15803500,0.73
2004-05-28,89.9,92.14,88.8,90.4,20.2155,16684400,0.0
2004-06-04,90.81,91.89,89.95,90.2,20.1708,12881400,0.0
2004-06-10,90.59,92.55,89.53,90.79,20.3027,14097800,0.0
2004-06-18,90.1,93.68,89.77,93.42,20.8908,16068800,0.0
2004-06-25,93.35,95.0,92.72,93.39,20.8841,14111100,0.0
2004-07-02,93.64,94.53,92.51,93.25,20.8528,14685800,0.0
2004-07-09,93.4,94.43,92.87,93.95,21.0093,10804600,0.0
2004-07-16,93.9,96.16,93.0,95.4,21.3336,11877400,0.0
2004-07-23,95.27,95.91,93.48,93.7,20.9534,11561700,0.0
2004-07-30,93.9,96.5,92.98,95.65,21.3895,14224900,0.0
2004-08-06,95.65,98.85,93.61,93.82,20.9803,17824300,0.0
2004-08-13,94.07,95.76,93.854,95.6,21.3783,15671700,0.0
2004-08-20,95.6,96.75,92.9,94.18,21.2397,18981500,0.8
2004-08-27,94.15,95.7,92.42,95.25,21.4811,12703000,0.0
2004-09-03,95.99,100.25,95.47,99.77,22.5004,15530100,0.0
2004-09-10,99.27,101.45,98.53,100.05,22.5636,16439900,0.0
2004-09-17,50.85,51.99,50.27,51.94,23.4273,26670250,0.0
2004-09-24,52.0,53.64,51.95,52.83,23.8287,33513000,0.0
2004-10-01,53.03,54.49,52.75,53.92,24.3204,33741600,0.0
2004-10-08,53.72,56.07,53.4,55.29,24.9383,28691200,0.0
2004-10-15,55.41,55.45,53.13,53.4,24.0858,27153700,0.0
2004-10-22,53.35,53.97,52.4,53.34,24.0588,24439100,0.0
2004-10-29,53.45,54.14,51.91,53.06,23.9325,27225900,0.0
2004-11-05,53.06,54.74,52.05,54.53,24.5955,31257800,0.0
2004-11-12,54.5,54.57,51.8,54.57,24.6136,31315900,0.0
2004-11-19,54.05,54.13,52.46,53.9,24.4965,26930500,0.4
2004-11-26,54.1,55.21,53.97,54.84,24.9237,17833200,0.0
2004-12-03,55.0,55.09,52.06,52.59,23.9011,32806500,0.0
2004-12-10,52.65,53.88,51.42,52.6,23.9056,24719800,0.0
2004-12-17,52.8,53.67,50.99,51.72,23.5057,31816000,0.0
2004-12-23,51.94,52.96,51.76,52.67,23.9374,17167800,0.0
2004-12-31,52.68,52.93,52.01,52.51,23.8647,18949600,0.0
2005-01-07,52.46,52.47,50.4,51.15,23.2466,30973100,0.0
2005-01-14,51.24,53.53,51.11,52.3,23.7693,25936200,0.0
2005-01-21,52.56,53.14,51.82,51.98,23.6239,21207300,0.0
2005-01-28,52.3,54.2,52.28,53.72,24.4146,24509500,0.0
2005-02-04,53.73,56.75,53.3,56.74,25.7872,27755800,0.0
2005-02-11,56.75,58.59,55.91,58.16,26.4325,27663800,0.0
2005-02-18,57.76,60.24,57.7,59.73,27.3329,27170300,0.4
2005-02-25,59.95,63.15,59.34,61.94,28.3442,27791500,0.0
2005-03-04,62.23,62.8,60.24,61.71,28.239,39025300,0.0
2005-03-11,61.55,62.1,57.77,58.3,26.6786,47960200,0.0
2005-03-18,58.48,60.47,57.6,60.38,27.6304,40421500,0.0
2005-03-24,60.6,60.85,57.64,58.21,26.6374,28984100,0.0
2005-04-01,58.32,59.42,56.74,59.31,27.1407,38436100,0.0
2005-04-08,58.2,59.09,55.44,56.69,25.9418,69980600,0.0
2005-04-15,56.7,57.08,51.68,52.21,23.8917,54465000,0.0
2005-04-22,52.25,54.32,51.68,53.87,24.6513,45924900,0.0
2005-04-29,54.35,54.8,50.65,52.0,23.7956,46252900,0.0
2005-05-06,51.95,56.33,51.37,52.74,24.1343,46285200,0.0
2005-05-13,53.2,53.78,50.97,51.28,23.4661,44205100,0.0
2005-05-20,51.28,52.28,49.81,51.72,23.8744,44696400,0.45
2005-05-27,52.1,54.68,51.76,54.58,25.1946,31548400,0.0
2005-06-03,54.77,55.24,53.78,55.06,25.4162,26083500,0.0
2005-06-10,55.7,56.54,54.37,56.3,25.9886,35251400,0.0
2005-06-17,56.3,59.32,55.77,58.97,27.2211,38054500,0.0
2005-06-24,59.13,59.48,56.69,56.69,26.1686,54422800,0.0
2005-07-01,56.87,58.08,55.35,56.97,26.2979,42523300,0.0
2005-07-08,57.28,58.99,56.37,57.36,26.4779,24817100,0.0
2005-07-15,57.36,58.03,56.12,56.67,26.1594,31874700,0.0
2005-07-22,56.48,58.03,56.2,57.79,26.6764,33227800,0.0
2005-07-29,57.85,59.67,57.56,58.01,26.7779,37008500,0.0
2005-08-05,58.11,61.0,57.79,60.34,27.8535,55903000,0.0
2005-08-12,60.75,63.13,60.74,62.28,28.749,48893900,0.0
2005-08-19,62.03,62.45,58.7,59.92,27.8683,43894600,0.45
2005-08-26,60.4,60.92,59.22,59.38,27.6172,33815800,0.0
2005-09-02,59.79,63.12,59.01,62.3,28.9752,49780400,0.0
2005-09-09,62.52,63.87,61.67,63.81,29.6775,32208300,0.0
2005-09-16,63.81,63.9,61.72,63.38,29.4775,49232300,0.0
2005-09-23,63.6,64.99,62.8,63.27,29.4264,36782600,0.0
2005-09-30,63.11,65.98,63.11,64.73,30.1054,34200900,0.0
2005-10-07,65.25,65.49,59.01,61.0,28.3706,57648700,0.0
2005-10-14,60.95,62.79,57.8,59.48,27.6637,54615500,0.0
2005-10-21,59.99,60.42,55.02,56.3,26.1847,61872700,0.0
2005-10-28,56.31,59.48,54.8,57.38,26.687,54456100,0.0
2005-11-04,57.56,59.58,56.41,58.01,26.98,44253100,0.0
2005-11-11,58.01,58.25,55.0,56.63,26.3382,51829200,0.0
2005-11-18,56.95,58.23,56.16,58.11,27.2393,48196000,0.45
2005-11-25,58.26,59.29,58.2,58.54,27.4409,26053200,0.0
2005-12-02,58.38,59.46,57.11,59.18,27.7409,36691100,0.0
2005-12-09,59.47,60.5,58.72,58.82,27.5721,40068700,0.0
2005-12-16,59.16,59.92,57.45,57.51,26.958,40452900,0.0
2005-12-23,57.69,57.93,56.51,57.13,26.7799,40124500,0.0
2005-12-30,57.0,57.29,55.44,56.77,26.6112,26781500,0.0
2006-01-06,57.25,59.57,57.06,59.25,27.7737,40378500,0.0
2006-01-13,59.49,60.62,58.55,60.36,28.294,33265700,0.0
2006-01-20,60.9,62.43,60.21,61.12,28.6502,36802900,0.0
2006-01-27,61.09,62.72,59.8,60.38,28.3034,60911900,0.0
2006-02-03,60.6,60.85,57.37,57.5,26.9534,59430300,0.0
2006-02-10,58.0,59.42,56.0,56.61,26.5362,53010500,0.0
2006-02-17,56.63,57.59,55.41,57.17,27.0151,53961300,0.45
2006-02-24,58.4,58.4,56.79,57.65,27.2419,34911400,0.0
2006-03-03,57.65,57.72,56.23,56.97,26.9206,41983200,0.0
2006-03-10,56.75,56.86,53.76,54.08,25.5549,57497800,0.0
2006-03-17,54.53,58.04,54.26,57.18,27.0198,50063000,0.0
2006-03-24,57.0,57.8,56.15,57.57,27.2041,36420200,0.0
2006-03-31,57.6,59.29,57.33,57.97,27.3931,37479500,0.0
2006-04-07,58.35,59.84,58.06,58.65,27.7145,31681700,0.0
2006-04-13,59.14,60.53,58.0,58.78,27.7759,27244000,0.0
2006-04-21,59.18,61.51,59.0,61.48,29.0517,42481700,0.0
2006-04-28,61.44,61.94,58.7,61.02,28.8344,50806300,0.0
2006-05-05,61.59,62.95,61.05,62.35,29.4629,42816900,0.0
2006-05-12,61.94,63.65,61.17,61.38,29.0045,57284400,0.0
2006-05-19,60.62,61.82,57.43,58.47,27.8732,52691600,0.52
2006-05-26,58.0,60.2,56.63,59.83,28.5215,48366400,0.0
2006-06-02,60.0,60.98,58.41,60.75,28.9601,43027000,0.0
2006-06-09,61.26,61.29,55.41,57.7,27.5061,61184300,0.0
2006-06-16,57.98,59.74,56.69,58.71,27.9876,59815600,0.0
2006-06-23,58.72,59.28,57.11,58.71,27.9876,36866100,0.0
2006-06-30,58.72,62.98,58.52,62.06,29.5845,40051600,0.0
2006-07-07,62.3,65.0,62.26,63.68,30.3568,30421300,0.0
2006-07-14,63.5,66.79,63.39,66.38,31.6439,49913200,0.0
2006-07-21,65.71,66.34,64.41,64.45,30.7239,47836800,0.0
2006-07-28,64.74,68.47,64.65,66.05,31.4866,49710500,0.0
2006-08-04,65.7,67.08,64.96,65.66,31.3007,44400800,0.0
2006-08-11,65.98,68.24,65.81,67.85,32.3447,42418500,0.0
2006-08-18,67.5,67.75,64.82,67.26,32.3183,44068500,0.52
2006-08-25,67.42,67.55,65.42,66.77,32.0829,32078100,0.0
2006-09-01,66.31,66.5,64.15,64.83,31.1507,34675500,0.0
2006-09-08,65.81,67.15,64.12,64.22,30.8576,38976600,0.0
2006-09-15,63.63,63.68,60.96,61.79,29.69,58572300,0.0
2006-09-22,62.0,63.2,60.86,61.94,29.7621,42086900,0.0
2006-09-29,61.46,65.1366,60.72,64.86,31.1651,50716700,0.0
2006-10-06,64.9,65.35,62.22,63.66,30.5885,50509500,0.0
2006-10-13,64.02,64.72,63.0,64.2,30.848,43996700,0.0
2006-10-20,64.41,65.88,64.18,65.28,31.3669,39359200,0.0
2006-10-27,64.94,68.5,64.53,67.68,32.5201,45387100,0.0
2006-11-03,67.21,69.33,65.76,68.91,33.1112,45087400,0.0
2006-11-10,69.05,70.4,68.6,69.54,33.4139,49699300,0.0
2006-11-17,69.54,70.83,67.86,69.1,33.4493,45339000,0.52
2006-11-24,68.77,70.5,68.73,68.84,33.3234,25436600,0.0
2006-12-01,69.29,73.26,68.4,73.11,35.3904,49865900,0.0
2006-12-08,73.11,74.41,72.7,72.83,35.2549,40847500,0.0
2006-12-15,72.83,76.2,72.66,75.38,36.4892,43633700,0.0
2006-12-22,75.1,75.4276,72.5,72.73,35.2064,39136800,0.0
2006-12-29,72.64,74.51,72.53,73.53,35.5937,18589800,0.0
2007-01-05,73.22,73.25,69.6,70.55,34.1512,33162900,0.0
2007-01-12,71.06,71.56,68.48,70.35,34.0544,53624000,0.0
2007-01-19,70.07,72.39,69.23,72.32,35.008,39458900,0.0
2007-01-26,72.51,73.25,70.95,71.5,34.611,44007700,0.0
2007-02-02,71.51,74.96,71.24,74.04,35.8406,40812400,0.0
2007-02-09,74.05,74.29,72.09,73.32,35.492,43041200,0.0
2007-02-16,73.1,73.17,70.72,70.81,34.5239,48129200,0.52
2007-02-23,70.65,71.28,69.2,71.07,34.6507,38869500,0.0
2007-03-02,71.42,72.02,64.99,66.79,32.564,60341900,0.0
2007-03-09,66.2,69.81,66.01,68.47,33.3831,54464800,0.0
2007-03-16,68.35,69.6,67.08,68.08,33.1929,52972600,0.0
2007-03-23,68.58,74.09,68.52,73.7,35.933,56469500,0.0
2007-03-30,74.11,74.98,73.38,73.96,36.0597,47655100,0.0
2007-04-05,74.06,75.9,74.05,75.61,36.8642,30477100,0.0
2007-04-13,75.32,77.5,75.13,77.01,37.5468,41297000,0.0
2007-04-20,77.25,78.63,76.68,78.45,38.2489,47800700,0.0
2007-04-27,78.06,78.93,76.91,78.08,38.0685,50715100,0.0
2007-05-04,78.32,80.35,77.42,79.3,38.6633,41684100,0.0
2007-05-11,78.63,80.19,78.15,80.04,39.0241,38035800,0.0
2007-05-18,80.0,82.92,79.61,82.85,40.6843,50675200,0.58
2007-05-25,83.11,83.56,79.75,81.13,39.8397,54905500,0.0
2007-06-01,80.98,82.52,80.0,82.23,40.3799,37600600,0.0
2007-06-08,82.2,83.25,79.12,80.69,39.6236,42412900,0.0
2007-06-15,80.66,83.6,80.27,83.17,40.8415,42016300,0.0
2007-06-22,83.27,84.0,80.76,81.55,40.046,47541900,0.0
2007-06-29,81.56,85.19,81.5,84.24,41.3669,55745400,0.0
2007-07-06,84.7,87.96,83.6,87.68,43.0562,33289800,0.0
2007-07-13,87.55,95.0,87.45,93.33,45.8306,58941500,0.0
2007-07-20,93.5,94.05,90.6,92.12,45.2365,50371800,0.0
2007-07-27,92.17,93.16,84.6,85.2,41.8383,68895100,0.0
2007-08-03,85.85,89.5,80.58,81.02,39.7857,76858400,0.0
2007-08-10,81.19,85.63,78.39,83.42,40.9642,75800600,0.0
2007-08-17,84.1,85.1,78.25,84.36,41.7233,73783600,0.58
2007-08-24,84.0,87.53,83.02,87.22,43.1379,47164900,0.0
2007-08-31,86.63,88.86,84.3,87.76,43.4049,42477700,0.0
2007-09-07,87.19,89.33,87.16,87.65,43.3505,36634800,0.0
2007-09-14,87.56,91.27,85.91,90.65,44.8343,48632500,0.0
2007-09-21,90.01,95.36,90.0,94.84,46.9066,49751600,0.0
2007-09-28,95.0,95.5,91.47,93.58,46.2834,49613800,0.0
2007-10-05,93.3,94.53,90.53,92.32,45.6603,40097800,0.0
2007-10-12,91.55,93.0,90.16,91.41,45.2102,41075000,0.0
2007-10-19,92.27,93.94,89.03,89.27,44.1518,54253300,0.0
2007-10-26,88.16,92.3,86.72,91.65,45.3289,48145700,0.0
2007-11-02,91.86,93.57,87.1,88.48,43.761,51683000,0.0
2007-11-09,87.47,90.92,87.1,87.26,43.1576,59511800,0.0
2007-11-16,87.0,88.33,83.48,85.98,42.8109,57724400,0.58
2007-11-23,85.98,88.61,84.62,86.67,43.1544,34356200,0.0
2007-11-30,86.41,87.77,81.92,87.77,43.7021,56280600,0.0
2007-12-07,87.55,91.7,86.74,90.96,45.2905,41279200,0.0
2007-12-14,91.37,93.21,89.81,92.02,45.8183,43954300,0.0
2007-12-21,91.42,94.68,89.58,94.04,46.8241,45063600,0.0
2007-12-28,93.63,95.2,93.3,94.86,47.2324,26445200,0.0
2008-01-04,94.37,95.21,92.71,93.35,46.4805,37727600,0.0
2008-01-11,93.74,93.74,90.14,90.67,45.1461,60689600,0.0
2008-01-18,91.19,91.85,80.88,83.46,41.5561,77151000,0.0
2008-01-25,78.54,85.0,76.4,81.82,40.7395,69302900,0.0
2008-02-01,81.04,85.23,80.23,82.49,41.0731,57050100,0.0
2008-02-08,82.75,82.98,76.51,79.26,39.4649,61942400,0.0
2008-02-15,80.22,83.69,78.51,83.6,41.9198,61001000,0.58
2008-02-22,84.49,86.86,83.69,85.42,42.8324,49563700,0.0
2008-02-29,87.45,89.29,85.31,86.66,43.4542,56192000,0.0
2008-03-07,87.07,89.0,84.65,85.26,42.7522,69985600,0.0
2008-03-14,85.55,88.58,84.09,85.34,42.7923,63094900,0.0
2008-03-20,83.47,86.84,80.87,83.21,41.7243,62526700,0.0
2008-03-28,83.38,86.95,82.92,84.5,42.3711,50440100,0.0
2008-04-04,84.95,88.8,84.32,88.05,44.1512,51516800,0.0
2008-04-11,88.46,90.53,87.76,88.8,44.5273,42991400,0.0
2008-04-18,88.8,93.32,88.55,93.18,46.7236,46807800,0.0
2008-04-25,93.15,94.63,91.23,92.69,46.4779,58727100,0.0
2008-05-02,92.8,97.28,92.27,95.32,47.7966,71766800,0.0
2008-05-09,95.33,97.9,95.09,97.39,48.8346,61249300,0.0
2008-05-16,97.2,100.47,96.31,100.38,50.6661,63146400,0.65
2008-05-23,100.62,104.63,100.41,100.73,50.8427,80044100,0.0
2008-05-30,99.96,100.58,98.35,99.15,50.0452,48379100,0.0
2008-06-06,98.82,102.15,95.53,99.5,50.2219,70587100,0.0
2008-06-13,99.75,101.3,97.01,99.4,50.1714,61193200,0.0
2008-06-20,99.51,100.9,96.09,96.62,48.7682,60112500,0.0
2008-06-27,96.03,100.22,96.03,97.8,49.3638,68550300,0.0
2008-07-03,98.3,100.0,97.0,98.63,49.7828,52752100,0.0
2008-07-11,98.11,99.35,91.16,92.25,46.5625,84517600,0.0
2008-07-18,92.61,93.31,83.97,86.05,43.4331,83830000,0.0
2008-07-25,86.57,87.51,81.53,82.56,41.6715,84190500,0.0
2008-08-01,82.86,87.42,81.46,84.31,42.5548,70595200,0.0
2008-08-08,84.06,85.31,80.85,84.4,42.6003,84721700,0.0
2008-08-15,84.6,87.48,83.05,84.25,42.8526,69485300,0.65
2008-08-22,84.69,89.1,82.75,88.1,44.8109,52737000,0.0
2008-08-29,88.58,88.58,84.85,86.32,43.9055,45872100,0.0
2008-09-05,84.49,84.61,79.11,80.22,40.8028,56267200,0.0
2008-09-12,81.34,84.48,78.75,84.24,42.8476,84089400,0.0
2008-09-19,81.16,88.11,77.5,87.8,44.6583,108704900,0.0
2008-09-26,88.22,89.75,84.85,86.95,44.226,66135000,0.0
2008-10-03,85.02,85.51,77.5,79.38,40.3756,96394900,0.0
2008-10-10,77.64,78.55,55.5,57.83,29.4145,153720500,0.0
2008-10-17,60.17,74.0,55.62,62.35,31.7135,136742400,0.0
2008-10-24,64.1,70.0,60.12,63.91,32.507,104785800,0.0
2008-10-31,62.58,75.98,60.88,74.6,37.9443,111589200,0.0
2008-11-07,73.44,78.92,69.03,73.46,37.3645,84319400,0.0
2008-11-14,75.22,77.35,65.88,72.68,37.2983,106645700,0.65
2008-11-21,72.1,75.0,64.27,70.49,36.1745,135529400,0.0
2008-11-28,71.66,80.0,70.16,79.01,40.5468,77845500,0.0
2008-12-05,76.5,76.95,68.22,74.42,38.1913,110631900,0.0
2008-12-12,76.03,81.92,75.22,79.0,40.5417,97647200,0.0
2008-12-19,80.19,80.61,70.84,70.85,36.3592,113326200,0.0
2008-12-26,71.6,72.0,68.38,70.35,36.1026,41493300,0.0
2009-01-02,71.25,77.3,70.41,76.52,39.269,42657800,0.0
2009-01-09,76.16,78.45,72.2,72.82,37.3702,71233100,0.0
2009-01-16,72.23,72.94,68.25,71.74,36.8159,78604600,0.0
2009-01-23,70.93,72.2,68.0,70.82,36.3438,59716300,0.0
2009-01-30,71.43,74.02,70.13,70.52,36.1899,75965400,0.0
2009-02-06,69.82,75.0,69.12,74.9,38.4376,65291800,0.0
2009-02-13,74.36,75.56,63.0,69.73,36.1174,78668300,0.65
2009-02-20,67.93,67.93,63.73,65.07,33.7037,61448700,0.0
2009-02-27,65.99,66.86,60.57,60.71,31.4454,100934500,0.0
2009-03-06,59.37,60.44,56.12,58.27,30.1816,102040400,0.0
2009-03-13,57.73,63.98,57.51,62.91,32.5849,84929300,0.0
2009-03-20,61.66,69.2,61.66,64.71,33.5172,86875300,0.0
2009-03-27,65.91,70.92,65.75,68.9,35.6875,81183500,0.0
2009-04-03,67.54,71.29,65.83,70.48,36.5059,76939000,0.0
2009-04-09,69.74,70.05,67.41,69.23,35.8584,43813400,0.0
2009-04-17,67.45,68.16,65.11,66.01,34.1906,61425300,0.0
2009-04-24,65.3,67.34,63.06,66.6,34.4962,61241800,0.0
2009-05-01,65.32,68.0,64.62,66.87,34.636,59341900,0.0
2009-05-08,67.34,70.94,65.3936,70.38,36.4541,68280500,0.0
2009-05-15,69.29,69.56,65.5,65.88,34.4599,59646000,0.65
2009-05-22,66.64,66.88,63.85,64.44,33.7067,66563600,0.0
2009-05-29,63.81,66.94,63.57,66.67,34.8731,39735100,0.0
2009-06-05,67.8,70.59,67.25,69.37,36.2854,61944500,0.0
2009-06-12,69.0,72.75,68.63,72.67,38.0116,62467500,0.0
2009-06-19,71.96,71.96,67.37,68.06,35.6002,67000400,0.0
2009-06-26,67.08,67.3,65.22,65.95,34.4965,64908100,0.0
2009-07-02,66.41,67.87,64.42,64.5,33.7381,44206400,0.0
2009-07-10,63.69,64.28,60.88,61.4,32.1166,57468600,0.0
2009-07-17,61.46,65.34,60.91,65.12,34.0624,64614800,0.0
2009-07-24,65.69,68.6,65.11,68.43,35.7937,49472300,0.0
2009-07-31,68.62,69.69,66.46,69.47,36.3377,57211600,0.0
2009-08-07,70.26,70.54,68.71,69.5,36.3534,49893000,0.0
2009-08-14,69.28,69.791,67.59,67.95,35.5427,43092300,0.0
2009-08-21,66.65,69.95,66.06,69.73,36.8462,55714300,0.68
2009-08-28,70.1,71.5,69.54,70.68,37.3482,44002900,0.0
2009-09-04,69.99,70.38,67.96,68.96,36.4393,41243100,0.0
2009-09-11,69.73,71.96,69.71,70.75,37.3852,37389500,0.0
2009-09-18,69.94,73.37,69.82,72.64,38.3839,53425800,0.0
2009-09-25,71.59,72.97,70.16,70.66,37.3376,43572100,0.0
2009-10-02,70.79,71.97,68.03,68.14,36.006,45946700,0.0
2009-10-09,68.27,72.94,67.87,72.76,38.4473,44107400,0.0
2009-10-16,73.19,76.99,73.14,76.81,40.5874,45273700,0.0
2009-10-23,76.94,78.36,75.72,76.68,40.5187,46046000,0.0
2009-10-30,76.96,78.5,75.3418,76.54,40.4447,66914200,0.0
2009-11-06,76.86,77.75,75.56,77.53,40.9678,47710800,0.0
2009-11-13,78.29,79.14,77.07,77.26,40.8251,48803100,0.0
2009-11-20,78.11,79.045,76.4,76.77,40.9171,42496900,0.68
2009-11-27,78.31,79.82,77.26,78.17,41.6633,30707800,0.0
2009-12-04,77.85,79.415,77.52,78.07,41.61,40421000,0.0
2009-12-11,77.92,78.92,76.19,77.76,41.4448,41316100,0.0
2009-12-18,78.45,78.71,76.56,76.9,40.9864,56595300,0.0
2009-12-24,77.6,78.04,77.02,77.43,41.2689,23420900,0.0
2009-12-31,77.78,77.94,76.96,76.99,41.0344,12353300,0.0
2010-01-08,78.2,80.0,78.16,79.47,42.3562,47033300,0.0
2010-01-15,80.17,81.09,78.28,79.23,42.2283,55137500,0.0
2010-01-22,78.96,79.75,74.43,74.59,39.7552,43824200,0.0
2010-01-29,75.15,75.27,71.75,72.12,38.4388,61155500,0.0
2010-02-05,72.7,74.58,69.55,71.18,37.9378,71871800,0.0
2010-02-12,71.24,72.11,70.0,71.01,38.2096,61349100,0.68
2010-02-19,71.99,74.38,71.93,74.05,39.8454,45920000,0.0
2010-02-26,74.17,74.22,70.78,72.3,38.9037,50251900,0.0
2010-03-05,72.63,74.47,72.39,74.3,39.9799,43049600,0.0
2010-03-12,74.49,74.91,73.25,73.72,39.6678,44313600,0.0
2010-03-19,73.51,75.16,72.85,74.98,40.3458,55454700,0.0
2010-03-26,74.17,74.88,73.69,74.43,40.0498,47244000,0.0
2010-04-01,74.61,77.13,74.49,76.69,41.2659,32930900,0.0
2010-04-09,76.97,79.62,76.63,79.5,42.7779,40714600,0.0
2010-04-16,79.5,81.9,79.27,80.75,43.4505,47833300,0.0
2010-04-23,80.25,82.77,80.05,82.67,44.4837,49561500,0.0
2010-04-30,82.52,83.14,79.85,81.44,43.8218,61135900,0.0
2010-05-07,81.96,83.41,71.5,77.1,41.4865,83878900,0.0
2010-05-14,79.37,80.745,76.98,77.83,41.8793,60380600,0.0
2010-05-21,77.39,78.67,72.0,74.48,40.448,74586900,0.72
2010-05-28,74.22,74.4,70.8,73.87,40.1167,79432400,0.0
2010-06-04,73.56,74.75,70.8,71.28,38.7101,62052600,0.0
2010-06-11,71.66,74.17,69.82,74.06,40.2199,65254500,0.0
2010-06-18,74.23,75.75,74.16,75.52,41.0128,58926300,0.0
2010-06-25,76.81,77.25,69.88,70.06,38.0476,69460900,0.0
2010-07-02,70.56,70.57,66.83,67.31,36.5541,65645300,0.0
2010-07-09,68.28,72.0,66.86,71.84,39.0143,55599800,0.0
2010-07-16,71.53,73.58,71.25,71.5,38.8296,55422100,0.0
2010-07-23,71.84,74.0,70.96,73.52,39.9266,44297300,0.0
2010-07-30,73.82,76.37,73.41,76.21,41.3875,52324300,0.0
2010-08-06,77.62,79.19,77.32,78.73,42.756,50009900,0.0
2010-08-13,79.3,79.48,76.2,77.4,42.0337,42092700,0.0
2010-08-20,77.11,78.08,74.55,75.05,41.1348,41128300,0.72
2010-08-27,75.34,75.99,72.57,74.93,41.0691,47931300,0.0
2010-09-03,74.63,78.0,73.23,78.0,42.7517,40520400,0.0
2010-09-10,77.68,78.82,76.97,78.82,43.2012,27690600,0.0
2010-09-17,79.37,79.98,78.24,78.46,43.0039,43506500,0.0
2010-09-24,78.54,80.4,78.16,80.12,43.9137,38164000,0.0
2010-10-01,80.3,82.36,79.58,81.95,44.9167,44748900,0.0
2010-10-08,81.89,84.5,80.682,83.94,46.0074,42443400,0.0
2010-10-15,83.85,84.54,82.63,83.61,45.8266,41188500,0.0
2010-10-22,83.48,85.0,82.135,84.55,46.3418,41167100,0.0
2010-10-29,85.13,85.79,81.98,82.6,45.273,43266100,0.0
2010-11-05,83.15,85.32,81.09,84.98,46.5775,63155800,0.0
2010-11-12,84.62,86.19,83.1,85.44,46.8296,59060400,0.0
2010-11-19,85.74,85.97,81.93,83.94,46.4091,45180800,0.72
2010-11-26,83.47,83.58,81.15,82.05,45.3641,27131900,0.0
2010-12-03,81.3,85.0,80.41,84.89,46.9343,47589200,0.0
2010-12-10,84.79,87.08,84.49,87.03,48.1175,40146500,0.0
2010-12-17,87.72,89.218,87.51,88.49,48.9247,43480000,0.0
2010-12-23,88.96,90.89,88.57,90.68,50.1355,23350300,0.0
2010-12-31,90.49,92.39,90.04,91.25,50.4506,22806700,0.0
2011-01-07,91.66,92.48,90.27,91.19,50.4175,35542800,0.0
2011-01-14,90.95,92.88,90.12,92.83,51.3242,33812800,0.0
2011-01-21,92.94,93.94,91.58,93.78,51.8494,27744100,0.0
2011-01-28,93.89,94.97,92.93,93.37,51.6228,42284400,0.0
2011-02-04,93.85,97.44,93.37,97.11,53.6905,48753900,0.0
2011-02-11,97.28,98.23,95.7,96.45,53.3256,38820800,0.0
2011-02-18,95.5,98.81,95.5,98.72,54.986,36884400,0.72
2011-02-25,99.23,103.94,99.23,102.1,56.8687,57882400,0.0
2011-03-04,102.28,104.99,102.18,103.75,57.7877,48209900,0.0
2011-03-11,104.12,104.77,97.6,99.93,55.66,43664100,0.0
2011-03-18,99.16,103.97,97.98,102.8,57.2586,56146700,0.0
2011-03-25,103.86,107.01,103.2,106.78,59.4754,39585300,0.0
2011-04-01,106.4,109.65,105.52,108.32,60.3331,35806500,0.0
2011-04-08,108.52,109.94,107.51,109.66,61.0795,31943600,0.0
2011-04-15,109.74,109.9,103.13,106.24,59.1746,42598200,0.0
2011-04-21,104.95,108.34,103.04,108.13,60.2273,23771400,0.0
2011-04-29,107.37,109.6,106.68,109.44,60.957,27974500,0.0
2011-05-06,109.48,109.5799,101.11,102.88,57.3031,44924100,0.0
2011-05-13,103.25,104.95,100.41,102.39,57.0302,43103900,0.0
2011-05-20,102.03,104.53,99.61,102.57,57.5742,39935200,0.78
2011-05-27,101.13,104.22,100.7,103.21,57.9335,34647600,0.0
2011-06-03,104.61,105.21,99.57,101.0,56.693,32205900,0.0
2011-06-10,100.9,101.87,98.98,99.67,55.9464,35602600,0.0
2011-06-17,100.04,101.29,97.71,99.17,55.6658,44834100,0.0
2011-06-24,98.88,102.46,97.0,97.9,54.9529,42610400,0.0
2011-07-01,97.94,104.19,97.94,104.09,58.4274,35159100,0.0
2011-07-08,104.11,106.92,104.11,105.89,59.4378,27801500,0.0
2011-07-15,104.43,106.61,103.75,106.19,59.6062,40444900,0.0
2011-07-22,105.58,109.75,105.11,108.97,61.1667,32716400,0.0
2011-07-29,107.55,109.0,103.07,104.02,58.3882,34914800,0.0
2011-08-05,106.08,106.13,93.82,97.61,54.7901,69870500,0.0
2011-08-12,94.28,97.05,87.3,95.86,53.8078,106243200,0.0
2011-08-19,97.0,99.28,91.75,93.29,52.7834,58831200,0.78
2011-08-26,96.55,98.52,92.95,96.85,54.7976,49043500,0.0
2011-09-02,98.28,100.48,95.07,96.41,54.5487,49267500,0.0
2011-09-09,93.58,100.58,92.75,95.19,53.8584,43799800,0.0
2011-09-16,93.75,100.16,93.16,99.63,56.3705,59498900,0.0
2011-09-23,97.19,99.74,88.56,90.01,50.9276,55364200,0.0
2011-09-30,90.65,95.35,88.76,92.59,52.3873,55340200,0.0
2011-10-07,91.93,95.73,86.68,94.4,53.4114,60544000,0.0
2011-10-14,96.13,100.56,96.09,100.47,56.8458,37845600,0.0
2011-10-21,99.91,105.84,97.97,105.53,59.7088,46988100,0.0
2011-10-28,105.5,110.01,104.33,109.64,62.0342,51058000,0.0
2011-11-04,107.72,108.0,100.79,106.43,60.218,52743400,0.0
2011-11-11,106.65,109.0,103.5,107.05,60.5688,44023000,0.0
2011-11-18,106.2,107.33,97.52,97.88,55.8243,67903200,0.81
2011-11-25,96.92,97.25,92.29,92.29,52.6361,40883100,0.0
2011-12-02,96.03,103.19,95.0,101.69,57.9973,44266700,0.0
2011-12-09,103.58,105.74,101.95,104.25,59.4573,38234300,0.0
2011-12-16,104.02,105.89,99.32,100.86,57.5239,56474600,0.0
2011-12-23,101.16,107.61,99.5,107.5,61.3109,32675800,0.0
2011-12-30,107.26,108.49,105.88,106.4,60.6836,18922000,0.0
2012-01-06,108.74,110.99,107.97,108.31,61.7729,34937600,0.0
2012-01-13,108.24,110.66,103.51,106.09,60.5068,42727200,0.0
2012-01-20,107.27,107.9788,105.2,106.89,60.963,26457400,0.0
2012-01-27,106.99,108.57,103.12,103.96,59.2919,37150700,0.0
2012-02-03,103.4001,105.6,102.08,105.5,60.1703,36476100,0.0
2012-02-10,104.62,107.5,104.37,105.28,60.0448,28750200,0.0
2012-02-17,106.16,107.24,104.59,106.66,61.3011,28624500,0.81
2012-02-24,107.51,109.4,107.2,109.08,62.692,25637100,0.0
2012-03-02,108.29,110.92,108.28,109.61,62.9966,38785900,0.0
2012-03-09,109.14,110.57,108.0,109.57,62.9736,31499800,0.0
2012-03-16,109.65,112.28,109.16,110.28,63.3817,41467000,0.0
2012-03-23,110.52,111.055,104.85,106.36,61.1287,34285600,0.0
2012-03-30,107.23,108.0,104.92,107.21,61.6172,28370100,0.0
2012-04-05,106.85,108.79,104.33,104.75,60.2034,21292000,0.0
2012-04-13,103.3,104.08,100.51,100.78,57.9217,35760000,0.0
2012-04-20,101.62,104.09,101.17,102.52,58.9217,28985300,0.0
2012-04-27,101.19,106.8,100.89,106.2,61.0367,28972300,0.0
2012-05-04,106.16,108.79,103.255,103.72,59.6114,26865500,0.0
2012-05-11,103.08,104.24,101.37,102.69,59.0194,46459800,0.0
2012-05-18,101.74,102.66,98.24,98.46,57.0971,39531400,0.9
2012-05-25,98.81,100.68,96.7,98.86,57.329,32155900,0.0
2012-06-01,99.81,100.85,96.022,96.41,55.9083,31122100,0.0
2012-06-08,96.48,102.0,95.73,100.84,58.4773,33573400,0.0
2012-06-15,101.99,104.5,99.56,104.33,60.5011,35791500,0.0
2012-06-22,103.14,104.65,99.58,100.44,58.2453,40555600,0.0
2012-06-29,99.34,105.51,98.17,105.5,61.1796,38109000,0.0
2012-07-06,105.59,107.415,104.39,105.07,60.9302,19430100,0.0
2012-07-13,104.97,106.19,103.29,106.01,61.4753,32231800,0.0
2012-07-20,105.71,109.25,105.5,109.19,63.3194,33570100,0.0
2012-07-27,107.25,109.5,104.61,109.26,63.36,33231500,0.0
2012-08-03,108.87,111.88,108.47,111.12,64.4386,36796000,0.0
2012-08-10,110.75,113.64,110.7,113.55,65.8478,26052900,0.0
2012-08-17,113.32,113.87,112.0,112.66,65.854,26199300,0.9
2012-08-24,112.69,113.45,110.76,112.01,65.4741,20645400,0.0
2012-08-31,112.18,112.95,110.92,112.16,65.5617,19106200,0.0
2012-09-07,112.03,114.0,110.59,114.0,66.6373,19662400,0.0
2012-09-14,114.2,118.22,113.6,117.25,68.537,31107900,0.0
2012-09-21,117.17,118.53,115.5,117.8,68.8585,36054700,0.0
2012-09-28,117.55,118.5,116.15,116.56,68.1337,31069900,0.0
2012-10-05,116.92,118.25,116.05,117.5,68.6832,28223400,0.0
2012-10-12,117.19,118.38,111.61,112.07,65.5091,38573100,0.0
2012-10-19,112.16,115.36,111.1,113.38,66.2749,29113500,0.0
2012-10-26,113.61,113.7,109.03,111.18,64.9889,27577000,0.0
2012-11-02,111.93,111.94,107.57,108.37,63.3463,20814300,0.0
2012-11-09,107.74,110.69,105.08,105.84,61.8675,29109000,0.0
2012-11-16,106.45,106.52,100.66,102.4,60.3822,35462100,0.9
2012-11-23,103.67,105.47,102.92,105.47,62.1925,18567500,0.0
2012-11-30,104.75,106.69,102.76,105.69,62.3222,30423300,0.0
2012-12-07,106.0,107.0,103.94,106.99,63.0888,31171900,0.0
2012-12-14,107.1,109.18,106.475,107.82,63.5782,28202100,0.0
2012-12-21,107.97,111.11,107.94,109.71,64.6927,42308600,0.0
2012-12-28,109.3,109.39,106.3,106.45,62.7704,17181500,0.0
2013-01-04,105.75,110.92,105.75,110.5,65.1586,23929600,0.0
2013-01-11,110.09,112.076,109.1,111.73,65.8839,26477700,0.0
2013-01-18,111.38,115.86,111.35,115.24,67.9536,33664000,0.0
2013-01-25,115.11,116.38,114.53,116.2,68.5197,20071000,0.0
2013-02-01,116.56,117.5,115.05,116.5,68.6966,28252600,0.0
2013-02-08,115.02,116.3799,114.29,115.64,68.1895,25806300,0.0
2013-02-15,115.68,116.835,114.03,114.96,68.3166,23987500,0.9
2013-02-22,115.19,116.26,114.09,115.96,68.9108,20472600,0.0
2013-03-01,116.5,117.89,113.5,116.9,69.4694,29700400,0.0
2013-03-08,116.78,119.11,116.08,118.57,70.4619,26135600,0.0
2013-03-15,118.63,120.26,118.06,119.68,71.1215,32239000,0.0
2013-03-22,118.78,121.4,118.65,121.18,72.0129,27377400,0.0
2013-03-28,121.5,121.56,118.76,118.82,70.6104,23211400,0.0
2013-04-05,118.99,119.95,116.17,117.52,69.8379,26750700,0.0
2013-04-12,117.45,121.15,116.6535,119.94,71.276,26903100,0.0
2013-04-19,118.81,118.9,114.12,115.9,68.8752,38594200,0.0
2013-04-26,116.39,120.41,115.89,120.04,71.3354,28354900,0.0
2013-05-03,120.44,123.91,120.04,123.49,73.3856,29598400,0.0
2013-05-10,123.32,123.95,122.115,123.23,73.2311,33380300,0.0
2013-05-17,122.9,125.0,122.17,123.42,73.9403,44186300,1.0
2013-05-24,123.43,126.98,123.18,125.45,75.1564,35036900,0.0
2013-05-31,126.39,127.4,122.75,122.75,73.5389,25279300,0.0
2013-06-07,122.35,124.12,118.66,121.7,72.9098,38909300,0.0
2013-06-14,122.94,122.98,119.61,120.28,72.0591,24694800,0.0
2013-06-21,120.45,122.38,117.26,118.93,71.2504,31542200,0.0
2013-06-28,117.71,119.56,116.02,118.34,70.8969,28553300,0.0
2013-07-05,118.35,120.86,118.0,120.51,72.1969,17386000,0.0
2013-07-12,121.29,124.54,120.98,124.06,74.3237,29617000,0.0
2013-07-19,124.11,126.91,123.55,126.91,76.0311,21953500,0.0
2013-07-26,126.71,127.83,125.79,127.56,76.4205,21643500,0.0
2013-08-02,127.37,127.37,123.3,124.95,74.8569,27242500,0.0
2013-08-09,124.72,124.75,121.68,122.5,73.3891,23688500,0.0
2013-08-16,122.0,123.23,119.05,119.88,72.4167,27261000,1.0
2013-08-23,119.69,119.9999,117.22,119.53,72.2053,23152700,0.0
2013-08-30,119.74,122.36,118.07,120.43,72.749,26769300,0.0
2013-09-06,121.34,122.75,119.01,121.21,73.2202,16853000,0.0
2013-09-13,121.21,124.835,121.21,124.14,74.9901,23102300,0.0
2013-09-20,124.98,126.43,123.82,124.92,75.4613,30738400,0.0
2013-09-27,124.62,125.836,122.51,122.64,74.084,25588800,0.0
2013-10-04,121.5999,122.0199,117.52,118.13,71.3596,33766100,0.0
2013-10-11,117.43,118.5,114.44,117.67,71.0817,38952100,0.0
2013-10-18,117.33,119.85,116.32,119.65,72.2778,28304600,0.0
2013-10-25,119.63,121.22,119.31,120.59,72.8456,24228900,0.0
2013-11-01,120.56,122.01,117.0,118.01,71.2871,31835200,0.0
2013-11-08,118.59,121.88,117.07,121.19,73.2081,43129000,0.0
2013-11-15,121.18,121.5,119.13,120.06,73.1321,28032700,1.0
2013-11-22,120.705,124.19,120.07,124.03,75.5503,24023500,0.0
2013-11-29,123.77,124.1,121.64,122.44,74.5818,16150500,0.0
2013-12-06,122.87,123.06,120.71,122.29,74.4904,24071900,0.0
2013-12-13,122.27,123.94,119.38,119.9,73.0346,33108400,0.0
2013-12-20,120.46,123.79,118.25,122.78,74.7889,38330700,0.0
2013-12-27,123.41,125.65,122.63,125.23,76.2813,12520700,0.0
2014-01-03,124.79,125.21,123.71,124.35,75.7452,16210400,0.0
2014-01-10,124.59,125.32,120.367,121.01,73.7108,30869100,0.0
2014-01-17,120.81,120.9,118.19,119.29,72.6631,31478900,0.0
2014-01-24,120.74,120.89,116.26,116.29,70.8357,23880500,0.0
2014-01-31,116.255,117.25,111.11,111.63,67.9971,37067500,0.0
2014-02-07,112.35,112.46,109.27,112.05,68.253,46610500,0.0
2014-02-14,112.47,113.87,111.08,113.48,69.741,34386100,1.0
2014-02-21,113.86,115.33,112.47,112.68,69.2494,31724500,0.0
2014-02-28,113.37,116.74,113.05,115.33,70.878,31295000,0.0
2014-03-07,114.79,116.27,114.01,115.08,70.7243,28596600,0.0
2014-03-14,115.45,116.36,113.68,114.1,70.1221,30975300,0.0
2014-03-21,114.26,118.0,114.13,115.63,71.0623,37967900,0.0
2014-03-28,116.0,118.55,115.654,118.5,72.8261,28031200,0.0
2014-04-04,118.79,119.79,118.485,118.8,73.0105,25127400,0.0
2014-04-11,118.32,119.25,116.5,117.03,71.9227,31121900,0.0
2014-04-17,117.84,123.85,117.34,123.68,76.0096,30381500,0.0
2014-04-25,123.05,124.96,123.05,123.99,76.2001,28758200,0.0
2014-05-02,124.26,127.27,123.58,124.72,76.6488,32263800,0.0
2014-05-09,124.82,126.78,124.34,125.03,76.8393,25096300,0.0
2014-05-16,125.57,126.78,122.89,123.18,76.3566,26665900,1.07
2014-05-23,122.95,124.41,122.24,123.37,76.4743,19916200,0.0
2014-05-30,123.76,123.99,121.65,122.79,76.1148,20415900,0.0
2014-06-06,122.93,124.7,121.72,124.19,76.9826,19055100,0.0
2014-06-13,124.01,127.26,123.88,127.26,78.8857,26487400,0.0
2014-06-20,127.15,132.4,127.14,132.34,82.0346,40251900,0.0
2014-06-27,132.52,133.57,129.3,130.36,80.8073,41088300,0.0
2014-07-03,130.15,131.59,129.37,131.19,81.3218,18350200,0.0
2014-07-11,130.44,131.69,128.03,128.47,79.6357,23195900,0.0
2014-07-18,128.8,131.5,128.38,130.39,80.8259,22765600,0.0
2014-07-25,130.11,135.1,130.01,133.57,82.7971,21735100,0.0
2014-08-01,133.56,133.7999,126.36,127.9,79.2824,28767400,0.0
2014-08-08,127.69,128.36,124.58,127.86,79.2576,29943000,0.0
2014-08-15,128.16,128.67,125.68,126.1,78.8299,22207100,1.07
2014-08-22,126.27,128.18,125.63,127.11,79.4613,17653100,0.0
2014-08-29,127.57,129.53,127.38,129.45,80.9241,14135300,0.0
2014-09-05,129.2,129.38,126.16,127.4,79.6426,18817500,0.0
2014-09-12,126.68,126.75,122.21,122.66,76.6794,33349400,0.0
2014-09-19,122.35,125.7,122.06,124.8,78.0172,31381500,0.0
2014-09-26,124.6,124.92,120.02,121.47,75.9355,31305046,0.0
2014-10-03,120.72,120.74,116.13,117.71,73.585,37681045,0.0
2014-10-10,117.91,119.0501,112.88,113.89,71.1969,42989580,0.0
2014-10-17,113.55,114.59,106.65,111.8,69.8904,57431097,0.0
2014-10-24,111.53,117.32,110.97,115.91,72.4597,37641729,0.0
2014-10-31,114.38,120.17,113.46,119.95,74.9853,36712772,0.0
2014-11-07,119.83,119.97,114.795,118.8,74.2664,40259361,0.0
2014-11-14,119.58,119.67,115.42,116.32,73.3849,30906898,1.07
2014-11-21,115.96,118.91,115.07,118.58,74.8107,28292714,0.0
2014-11-28,118.13,118.58,108.43,108.87,68.6848,31130410,0.0
2014-12-05,109.38,114.82,108.68,110.87,69.9466,45913520,0.0
2014-12-12,109.89,109.94,102.37,102.38,64.5903,62237218,0.0
2014-12-19,103.13,112.96,100.15,112.93,71.2462,68470502,0.0
2014-12-26,112.36,114.45,111.07,113.25,71.4481,26442902,0.0
2015-01-02,113.44,114.38,110.85,112.58,71.0254,24021079,0.0
2015-01-09,110.96,111.2,106.48,108.21,68.2684,51819085,0.0
2015-01-16,107.47,107.66,101.83,105.12,66.319,58615623,0.0
2015-01-23,104.56,109.12,103.81,106.85,67.4104,34128577,0.0
2015-01-30,107.22,109.35,98.88,102.53,64.685,59156824,0.0
2015-02-06,103.98,110.46,102.97,109.61,69.1517,51164978,0.0
2015-02-13,109.84,112.84,108.0852,112.78,71.8383,36207920,1.07
2015-02-20,112.31,112.93,107.24,108.6,69.1758,31344157,0.0
2015-02-27,107.79,108.78,106.57,106.68,67.9528,29536439,0.0
2015-03-06,106.32,106.34,103.165,103.55,65.959,32394731,0.0
2015-03-13,103.6,105.63,100.66,101.62,64.7296,40865760,0.0
2015-03-20,101.44,107.26,101.0,107.03,68.1757,46829729,0.0
2015-03-27,107.51,107.69,103.67,104.28,66.424,35757564,0.0
2015-04-02,104.97,107.21,104.08,105.28,67.061,26897440,0.0
2015-04-10,106.03,109.09,105.22,106.91,68.0993,33927078,0.0
2015-04-17,107.35,110.94,106.44,109.11,69.5006,30724575,0.0
2015-04-24,109.57,111.71,109.03,109.87,69.9847,30401739,0.0
2015-05-01,110.34,112.2,108.3351,109.04,69.456,32874845,0.0
2015-05-08,109.38,109.93,106.69,108.65,69.2076,32812008,0.0
2015-05-15,108.65,109.3,106.94,108.03,69.4942,31930174,1.07
2015-05-22,107.5,107.51,104.76,104.89,67.4743,32105080,0.0
2015-05-29,104.22,104.44,102.38,103.0,66.2585,25636105,0.0
2015-06-05,103.47,103.75,100.98,101.59,65.3515,28605065,0.0
2015-06-12,101.29,102.58,99.63,99.87,64.245,35017676,0.0
2015-06-19,99.45,101.17,98.81,99.47,63.9877,40495779,0.0
2015-06-26,99.83,100.68,97.81,98.6,63.428,35637663,0.0
2015-07-02,97.5,97.96,95.55,95.87,61.6719,32403443,0.0
2015-07-10,95.06,95.56,93.26,94.41,60.7327,41372365,0.0
2015-07-17,94.31,95.79,92.9,93.15,59.9221,31383290,0.0
2015-07-24,93.3,94.33,90.3503,90.6,58.2818,40905198,0.0
2015-07-31,89.86,93.81,88.01,88.48,56.918,57197826,0.0
2015-08-07,87.28,87.33,82.89,83.75,53.8752,51069462,0.0
2015-08-14,84.2,87.11,83.6,85.99,55.3162,46830750,0.0
2015-08-21,84.46,84.51,75.71,75.76,49.3619,65056767,1.07
2015-08-28,70.55,81.2,69.58,80.43,52.4047,107974746,0.0
2015-09-04,80.02,81.08,76.45,76.67,49.9548,72571178,0.0
2015-09-11,77.53,78.2,74.31,75.79,49.3815,43119645,0.0
2015-09-18,75.52,80.47,74.96,77.74,50.652,65466631,0.0
2015-09-25,78.3,78.73,75.1,77.7,50.6259,48420855,0.0
2015-10-02,76.66,81.55,75.275,81.55,53.1344,57296011,0.0
2015-10-09,82.41,90.4,82.35,89.57,58.3599,72091032,0.0
2015-10-16,89.86,91.66,87.29,91.29,59.4806,42443919,0.0
2015-10-23,90.36,91.93,89.14,91.24,59.448,41657585,0.0
2015-10-30,90.87,91.98,86.74,90.88,59.2135,44414652,0.0
2015-11-06,90.61,98.64,90.48,94.03,61.2659,64690085,0.0
2015-11-13,93.48,94.45,88.19,88.68,57.78,37191914,0.0
2015-11-20,87.79,92.75,87.79,89.01,58.6736,39220292,1.07
2015-11-27,88.65,92.3,88.11,90.37,59.5701,23402312,0.0
2015-12-04,90.64,92.69,86.49,89.71,59.135,55141530,0.0
2015-12-11,87.48,90.46,84.25,86.44,56.9795,71168472,0.0
2015-12-18,86.3,94.0,85.41,89.81,59.201,82704341,0.0
2015-12-24,90.4,93.95,88.21,92.05,60.6775,38705185,0.0
2015-12-31,90.31,92.58,89.022,89.96,59.2998,25857227,0.0
2016-01-08,89.53,90.11,81.2201,82.13,54.1385,61036809,0.0
2016-01-15,82.85,86.17,79.69,83.67,55.1536,77694562,0.0
2016-01-22,84.17,85.19,75.33,83.54,55.0679,71132995,0.0
2016-01-29,82.29,86.71,80.8,86.47,56.9993,70194588,0.0
2016-02-05,85.15,86.19,79.85,82.88,54.6328,66154553,0.0
2016-02-12,81.76,86.7,80.64,85.43,56.3137,64987667,0.0
2016-02-19,85.23,89.25,83.305,86.5,57.7384,42635536,1.07
2016-02-26,87.87,89.84,82.9,84.35,56.3033,49546875,0.0
2016-03-04,84.94,88.62,83.07,87.93,58.693,50652795,0.0
2016-03-11,87.94,96.14,87.55,94.58,63.1318,68603760,0.0
2016-03-18,93.57,97.91,92.25,97.69,65.2077,48986216,0.0
2016-03-24,97.02,97.54,92.25,94.85,63.312,34066194,0.0
2016-04-01,94.9,96.69,92.94,94.26,62.9182,31351258,0.0
2016-04-08,94.44,96.87,92.43,96.33,64.2999,33971586,0.0
2016-04-15,96.87,98.27,95.15,97.23,64.9007,34525799,0.0
2016-04-22,95.76,102.8,95.52,102.01,68.0913,42536282,0.0
2016-04-29,101.47,104.26,100.61,102.18,68.2048,37070123,0.0
2016-05-06,101.83,103.85,100.39,101.86,67.9912,33761681,0.0
2016-05-13,101.62,102.42,99.08,100.74,67.2436,35082717,0.0
2016-05-20,101.87,102.599,98.52,99.79,67.3169,30682963,1.07
2016-05-27,99.18,102.37,99.07,102.02,68.8212,23197989,0.0
2016-06-03,102.15,102.275,99.72,100.66,67.9038,24628782,0.0
2016-06-10,101.34,104.08,100.92,101.98,68.7942,34429164,0.0
2016-06-17,101.5,103.102,98.77,101.57,68.5177,35711757,0.0
2016-06-24,102.88,104.45,101.17,101.9,68.7403,33503202,0.0
2016-07-01,101.25,105.0,99.52,104.15,70.2581,38184015,0.0
2016-07-08,103.5,105.0,102.1399,104.77,70.6763,30683950,0.0
2016-07-15,104.81,107.58,104.8,107.03,72.2009,32457703,0.0
2016-07-22,106.67,106.75,104.87,105.66,71.2767,27673461,0.0
2016-07-29,104.86,105.11,99.85,102.48,69.1315,37671416,0.0
2016-08-05,101.33,102.1,97.91,100.51,67.8026,40711692,0.0
2016-08-12,100.99,102.33,99.9374,102.16,68.9157,25520884,0.0
2016-08-19,102.61,103.6,101.02,102.32,69.7461,27582331,1.07
2016-08-26,101.75,102.48,100.86,101.32,69.0645,24868943,0.0
2016-09-02,101.24,102.6292,99.47,100.93,68.7986,24703976,0.0
2016-09-09,101.21,104.345,100.97,101.27,69.0304,24310299,0.0
2016-09-16,101.2,102.55,97.525,97.84,66.6923,45130660,0.0
2016-09-23,98.33,100.75,97.68,99.22,67.633,31128261,0.0
2016-09-30,99.49,103.6,97.79,102.92,70.1551,40009397,0.0
2016-10-07,102.55,103.47,100.76,102.27,69.712,26960159,0.0
2016-10-14,103.21,104.42,99.61,101.08,68.9009,29252890,0.0
2016-10-21,100.94,103.695,100.62,101.3,69.0508,25610679,0.0
2016-10-28,101.56,105.03,99.87,103.82,70.7686,44492089,0.0
2016-11-04,103.82,106.74,103.78,104.78,71.423,46280010,0.0
2016-11-11,106.0,108.5,105.69,106.64,72.6908,41223723,0.0
2016-11-18,106.15,110.1,105.59,109.2,75.1778,40989630,1.08
2016-11-25,110.36,111.47,109.31,111.0,76.417,22645941,0.0
2016-12-02,110.95,114.91,108.4,113.0,77.7939,49129408,0.0
2016-12-09,113.39,115.99,112.21,115.81,79.7284,30657036,0.0
2016-12-16,117.77,118.99,115.36,118.08,81.2912,47660719,0.0
2016-12-23,118.37,119.0,117.42,118.42,81.5252,22792291,0.0
2016-12-30,118.5,118.9,117.31,117.7,81.0295,15306222,0.0
2017-01-06,118.38,119.0,116.38,116.84,80.4375,24775223,0.0
2017-01-13,116.29,116.99,114.86,116.38,80.1208,29127046,0.0
2017-01-20,116.4,116.77,115.29,115.6,79.5838,19661495,0.0
2017-01-27,115.12,117.82,112.85,113.79,78.3377,34028073,0.0
2017-02-03,113.15,114.28,110.71,113.57,78.1863,35011953,0.0
2017-02-10,113.28,113.5,110.32,113.05,77.8283,27664802,0.0
2017-02-17,113.36,113.99,109.27,110.33,76.6848,35306629,1.08
2017-02-24,110.73,112.31,109.47,110.12,76.5388,27199286,0.0
2017-03-03,110.65,114.3932,110.37,113.55,78.9228,32459226,0.0
2017-03-10,113.25,113.88,108.51,110.61,76.8794,34270659,0.0
2017-03-17,110.51,110.81,107.12,107.68,74.8429,49025228,0.0
2017-03-24,107.27,108.86,107.02,107.99,75.0584,32604841,0.0
2017-03-31,107.0,108.68,105.82,107.37,74.6274,30687194,0.0
2017-04-07,107.22,110.67,106.38,108.86,75.6631,25710659,0.0
2017-04-13,109.12,110.2,105.93,106.1,73.7447,20716519,0.0
2017-04-21,106.17,106.68,103.83,104.89,72.9037,26619960,0.0
2017-04-28,105.79,107.6,104.67,106.7,74.1617,27597619,0.0
2017-05-05,106.26,107.26,104.14,105.79,73.5293,28652993,0.0
2017-05-12,105.93,107.08,104.815,105.96,73.6474,24435166,0.0
2017-05-19,107.15,107.71,103.84,106.52,74.8003,31604885,1.08
2017-05-26,107.09,107.09,104.6,104.72,73.5363,20317165,0.0
2017-06-02,104.35,104.7105,102.77,103.11,72.4058,22524170,0.0
2017-06-09,102.8,106.49,102.55,106.4,74.7161,29246296,0.0
2017-06-16,107.42,108.49,105.74,108.35,76.0854,37866607,0.0
2017-06-23,108.31,108.38,103.92,105.0,73.733,26138356,0.0
2017-06-30,105.03,105.19,103.89,104.33,73.2625,21503164,0.0
2017-07-07,104.24,106.96,102.81,103.49,72.6726,20153183,0.0
2017-07-14,103.44,104.75,102.55,104.44,73.3397,20736257,0.0
2017-07-21,104.32,105.37,103.15,103.25,72.5041,25382161,0.0
2017-07-28,103.18,109.13,102.92,108.12,75.9239,30291767,0.0
2017-08-04,108.39,111.195,108.15,110.11,77.3213,31872580,0.0
2017-08-11,109.81,111.44,109.13,109.23,76.7034,20911632,0.0
2017-08-18,109.26,109.82,105.5,106.48,75.5281,24543850,1.08
2017-08-25,106.48,108.71,105.3,108.23,76.7694,22460646,0.0
2017-09-01,108.54,109.16,107.04,108.76,77.1453,19055702,0.0
2017-09-08,109.36,112.87,108.7,110.78,78.5782,23458119,0.0
2017-09-15,111.83,115.3379,111.52,114.63,81.309,30720960,0.0
2017-09-22,114.42,117.83,114.32,117.29,83.1958,25472611,0.0
2017-09-29,117.23,118.33,116.73,117.5,83.3448,23889923,0.0
2017-10-06,116.42,118.69,115.533,117.03,83.0114,20461578,0.0
2017-10-13,117.34,120.0,117.01,119.16,84.5222,21007748,0.0
2017-10-20,119.84,120.89,117.95,118.64,84.1534,24608988,0.0
2017-10-27,118.72,119.92,112.57,113.54,80.5359,30259653,0.0
2017-11-03,113.17,116.97,112.841,114.99,81.5644,27963496,0.0
2017-11-10,115.37,118.0,114.99,117.18,83.1178,25521382,0.0
2017-11-17,117.22,117.765,113.9,114.71,82.1328,26705680,1.08
2017-11-24,114.77,116.85,114.44,116.51,83.4216,14918037,0.0
2017-12-01,115.85,120.46,115.24,119.51,85.5696,26603185,0.0
2017-12-08,119.81,122.3,118.96,119.92,85.8632,25473958,0.0
2017-12-15,120.29,121.11,118.68,119.73,85.7271,28072930,0.0
2017-12-22,120.12,125.65,119.51,124.98,89.4861,29108213,0.0
2017-12-29,125.23,126.2,125.05,125.19,89.6365,12594265,0.0
2018-01-05,125.71,128.94,125.54,127.9,91.5769,20148059,0.0
2018-01-12,127.86,133.85,127.63,133.6,95.6581,32610028,0.0
2018-01-19,133.67,133.88,130.21,131.3,94.0113,23390426,0.0
2018-01-26,131.3,132.67,130.34,131.19,93.9325,28013627,0.0
2018-02-02,130.06,131.58,117.64,118.58,84.9037,44310777,0.0
2018-02-09,116.99,119.27,108.02,113.5,81.2664,65574459,0.0
2018-02-16,114.8,115.85,110.84,112.14,81.0918,33690990,1.12
2018-02-23,112.28,112.76,108.9,112.59,81.4172,26632783,0.0
2018-03-02,113.18,116.05,109.83,111.64,80.7302,34721546,0.0
2018-03-09,111.4,117.39,111.02,117.22,84.7653,37052471,0.0
2018-03-16,117.5,118.35,114.56,115.4,83.4492,36214760,0.0
2018-03-23,115.07,118.11,112.7,112.98,81.6992,27337812,0.0
2018-03-29,114.24,116.86,112.06,114.04,82.4657,24737492,0.0
2018-04-06,113.89,117.89,110.54,114.76,82.9864,32972428,0.0
2018-04-13,115.3,120.79,114.88,119.92,86.7177,33039777,0.0
2018-04-20,120.6,125.0,119.77,122.31,88.446,34939458,0.0
2018-04-27,122.0,127.05,121.12,126.62,91.5627,34459529,0.0
2018-05-04,127.02,127.9,123.08,125.53,90.7745,32765284,0.0
2018-05-11,126.59,130.76,123.63,129.84,93.8912,40917679,0.0
2018-05-18,130.25,131.08,127.8,127.86,93.2593,28446617,1.12
2018-05-25,128.79,130.39,121.22,122.19,89.1237,31385439,0.0
2018-06-01,121.1,125.67,120.06,123.85,90.3344,27721567,0.0
2018-06-08,124.53,127.98,121.55,126.44,92.2236,31362476,0.0
2018-06-15,126.77,128.38,123.84,124.04,90.473,35226609,0.0
2018-06-22,124.35,126.98,122.16,125.1,91.2462,37836838,0.0
2018-06-29,124.43,127.73,121.93,126.43,92.2163,26216556,0.0
2018-07-06,125.28,126.69,123.19,124.14,90.546,18939903,0.0
2018-07-13,125.0,128.51,122.97,124.04,90.473,23424115,0.0
2018-07-20,123.01,123.88,119.67,122.27,89.182,24385261,0.0
2018-07-27,122.35,127.04,121.16,125.97,91.8807,27175350,0.0
2018-08-03,126.76,128.55,123.3,124.05,90.4803,26223931,0.0
2018-08-10,124.42,125.7,121.5,123.34,89.9625,26305267,0.0
2018-08-17,123.31,123.68,117.09,117.8,86.7395,29027657,1.12
2018-08-24,118.0,119.54,117.33,119.01,87.6305,22294422,0.0
2018-08-31,119.36,121.34,118.09,118.46,87.2255,21329407,0.0
2018-09-07,118.93,119.63,113.39,114.6,84.3833,24039204,0.0
2018-09-14,115.43,117.61,113.76,117.38,86.4303,27788070,0.0
2018-09-21,117.61,121.32,117.28,121.13,89.1915,34932270,0.0
2018-09-28,121.91,124.24,121.57,122.28,90.0383,25898429,0.0
2018-10-05,123.11,125.9,123.11,125.33,92.2841,24418946,0.0
2018-10-12,124.05,127.6,116.18,117.77,86.7175,35610731,0.0
2018-10-19,117.7,119.26,116.02,118.14,86.9899,33208120,0.0
2018-10-26,118.1,118.49,109.66,111.53,82.1228,35544982,0.0
2018-11-02,112.04,117.11,107.54,114.73,84.479,44014794,0.0
2018-11-09,116.62,121.87,116.6,119.51,87.9987,34978756,0.0
2018-11-16,120.9,121.37,112.72,119.06,88.5069,38106083,1.12
2018-11-23,118.14,119.5,112.11,113.6,84.448,24513891,0.0
2018-11-30,114.6,119.73,114.02,118.94,88.4177,33503372,0.0
2018-12-07,120.77,122.43,113.03,115.49,85.853,36355688,0.0
2018-12-14,115.3,117.72,111.67,113.83,84.619,34721376,0.0
2018-12-21,113.44,114.97,102.91,104.21,77.4677,58789010,0.0
2018-12-28,103.3,110.36,100.22,108.65,80.7683,33499444,0.0
2019-01-04,109.15,111.68,107.1,110.82,82.3814,27143267,0.0
2019-01-11,111.06,114.0,109.92,112.54,83.66,29054647,0.0
2019-01-18,111.34,114.65,110.17,114.37,85.0204,29796647,0.0
2019-01-25,113.12,114.78,110.42,113.22,84.1655,28058633,0.0
2019-02-01,111.91,119.25,111.07,118.37,87.994,42348188,0.0
2019-02-08,117.5,119.86,115.92,117.58,87.4067,32818654,0.0
2019-02-15,116.93,120.39,116.39,119.35,89.616,27812695,1.19
2019-02-22,118.9,120.72,118.39,119.39,89.646,19875533,0.0
2019-03-01,119.41,122.04,118.49,122.03,91.6283,30082093,0.0
2019-03-08,122.67,124.7,119.2,121.62,91.3205,36659998,0.0
2019-03-15,122.87,125.46,122.75,125.31,94.0912,32576428,0.0
2019-03-22,125.21,126.92,122.7,123.09,92.4242,28229788,0.0
2019-03-29,122.93,124.91,122.02,123.18,92.4918,21021527,0.0
2019-04-05,123.87,126.64,123.45,126.42,94.9246,22731379,0.0
2019-04-12,126.77,127.34,119.0,119.76,89.9239,59538467,0.0
2019-04-18,120.02,122.54,119.1,119.86,89.9989,46756580,0.0
2019-04-26,120.78,122.28,115.65,117.1,87.9266,61403505,0.0
2019-05-03,117.01,121.92,116.28,117.27,88.0542,57793776,0.0
2019-05-10,117.5,122.32,116.5,121.99,91.5983,51713604,0.0
2019-05-17,121.91,122.49,119.88,120.52,91.386,36919875,1.19
2019-05-24,120.71,121.94,116.86,118.71,90.0135,31084310,0.0
2019-05-31,118.88,119.32,113.72,113.85,86.3284,28304184,0.0
2019-06-07,114.7,122.12,114.47,121.48,92.1139,29155844,0.0
2019-06-14,122.2,123.5,119.56,120.81,91.6059,22694641,0.0
2019-06-21,120.72,126.2,120.38,124.93,94.7299,35010670,0.0
2019-06-28,124.54,125.38,122.89,124.44,94.3584,25911074,0.0
2019-07-05,125.36,125.84,122.33,123.54,93.6759,17462473,0.0
2019-07-12,123.66,126.25,123.07,125.98,95.5261,19727219,0.0
2019-07-19,126.06,126.4,123.36,125.04,94.8133,22962917,0.0
2019-07-26,125.37,127.0,123.3,123.72,93.8124,23926786,0.0
2019-08-02,123.48,124.75,117.83,120.73,91.5452,32403288,0.0
2019-08-09,119.19,123.89,116.95,122.42,92.8267,36181771,0.0
2019-08-16,123.01,123.14,115.36,115.81,88.7169,29592917,1.19
2019-08-23,117.13,118.74,114.35,115.18,88.2343,28192303,0.0
2019-08-30,115.92,118.98,115.04,117.72,90.1801,21707235,0.0
2019-09-06,115.77,119.07,114.55,118.26,90.5937,20240651,0.0
2019-09-13,118.74,123.29,118.58,121.5,93.0757,29948416,0.0
2019-09-20,124.86,125.27,122.56,124.32,95.236,37479532,0.0
2019-09-27,123.55,125.0,118.45,118.6,90.8542,30089576,0.0
2019-10-04,118.54,119.46,110.42,113.85,87.2154,33887646,0.0
2019-10-11,113.96,117.03,111.61,116.15,88.9773,24640132,0.0
2019-10-18,115.58,117.62,114.74,114.74,87.8972,19484895,0.0
2019-10-25,115.55,118.85,115.55,118.67,90.9078,19698474,0.0
2019-11-01,119.08,119.51,114.02,116.21,89.0233,29172103,0.0
2019-11-08,117.23,122.45,117.02,120.93,92.6391,33110516,0.0
2019-11-15,120.2,122.94,120.01,120.64,93.3285,24144260,1.19
2019-11-22,119.82,120.0,116.08,118.63,91.7736,30105215,0.0
2019-11-29,118.43,119.22,116.88,117.13,90.6132,24820239,0.0
2019-12-06,117.98,119.29,115.7,118.01,91.2939,30452674,0.0
2019-12-13,116.52,119.54,116.13,117.96,91.2553,27763514,0.0
2019-12-20,118.86,119.94,117.86,119.68,92.5859,38261615,0.0
2019-12-27,119.31,121.42,119.15,120.3,93.0655,15301897,0.0
2020-01-03,120.44,122.72,119.25,121.01,93.6148,20361758,0.0
2020-01-10,121.24,121.67,116.18,116.44,90.0794,38837839,0.0
2020-01-17,116.47,117.29,115.52,115.58,89.4141,34752336,0.0
2020-01-24,115.1,115.15,111.34,111.85,86.5285,28984847,0.0
2020-01-31,110.25,111.84,106.4,107.14,82.8848,40228955,0.0
2020-02-07,106.95,110.67,105.4,108.94,84.2773,36703674,0.0
2020-02-14,108.54,112.6,108.32,110.08,86.1572,28935946,1.29
2020-02-21,109.0,111.1,107.65,109.01,85.3197,21768175,0.0
2020-02-28,105.71,106.96,90.11,93.34,73.0551,71013513,0.0
2020-03-06,94.02,99.02,92.21,95.32,74.6048,75989711,0.0
2020-03-13,82.23,88.01,72.86,83.42,65.291,120868558,0.0
2020-03-20,72.57,78.49,51.6,59.39,46.4832,121938216,0.0
2020-03-27,58.26,77.1,52.97,68.78,53.8326,120005536,0.0
2020-04-03,68.01,78.99,67.02,75.11,58.7869,89430082,0.0
2020-04-09,77.0,89.91,75.51,84.31,65.9876,63006453,0.0
2020-04-17,87.18,87.5,78.81,87.17,68.226,71001270,0.0
2020-04-24,82.66,88.79,79.25,87.01,68.1008,69065321,0.0
2020-05-01,86.75,95.74,85.87,89.44,70.0027,60467362,0.0
2020-05-08,88.76,95.56,87.69,95.47,74.7222,54265366,0.0
2020-05-15,94.21,94.6,86.02,89.16,69.7835,48836026,0.0
2020-05-22,92.4,93.47,89.47,90.28,71.645,46595055,1.29
2020-05-29,92.49,94.69,89.26,91.7,72.7719,43884639,0.0
2020-06-05,90.94,102.05,90.11,100.81,80.0015,42773249,0.0
2020-06-12,102.63,103.59,89.12,92.39,73.3195,56759480,0.0
2020-06-19,89.09,95.58,88.21,90.63,71.9228,48931874,0.0
2020-06-26,90.32,93.09,86.18,86.46,68.6135,42374576,0.0
2020-07-02,86.91,90.77,86.36,88.31,70.0817,27495653,0.0
2020-07-10,89.5,90.25,82.5,85.23,67.6374,34436454,0.0
2020-07-17,86.04,90.19,84.81,87.19,69.1928,31198952,0.0
2020-07-24,86.83,92.74,84.8,90.13,71.526,53641452,0.0
2020-07-31,89.76,91.17,81.51,83.94,66.6137,50007607,0.0
2020-08-07,83.98,88.43,83.8,86.8,68.8833,41873371,0.0
2020-08-14,87.94,93.01,87.6,90.35,71.7006,39940167,0.0
2020-08-21,90.35,91.58,83.51,85.08,68.5123,44406793,1.29
2020-08-28,85.6,88.04,83.97,85.63,68.9552,37807084,0.0
2020-09-04,85.83,85.9,80.9,81.93,65.9757,55953593,0.0
2020-09-11,80.5,81.07,77.065,77.69,62.5614,49790644,0.0
2020-09-18,77.48,79.48,75.96,78.21,62.9801,57969509,0.0
2020-09-25,76.24,77.53,70.5,71.83,57.8425,68277255,0.0
2020-10-02,73.64,74.76,68.82,71.19,57.3271,58677095,0.0
2020-10-09,71.52,76.09,70.71,74.0,59.5899,66606327,0.0
2020-10-16,73.63,74.95,71.39,72.89,58.6961,45914082,0.0
2020-10-23,73.11,74.365,70.57,72.57,58.4384,44450777,0.0
2020-10-30,71.73,71.8899,65.16,69.5,55.9662,69415030,0.0
2020-11-06,70.7,73.59,69.4,71.15,57.2949,50003766,0.0
2020-11-13,80.0,84.49,78.26,83.03,66.8615,70523688,0.0
2020-11-20,86.24,89.18,83.06,85.79,70.1079,61010110,1.29
2020-11-27,87.45,95.82,86.76,91.31,74.6189,45562121,0.0
2020-12-04,90.01,93.45,86.9,93.28,76.2288,53711798,0.0
2020-12-11,91.82,94.56,89.37,92.45,75.5505,49731671,0.0
2020-12-18,93.4,93.7,86.26,87.19,71.252,73050370,0.0
2020-12-24,84.35,86.835,83.53,85.33,69.732,30579202,0.0
2020-12-31,85.61,86.63,83.9601,84.45,69.0129,31886355,0.0
2021-01-08,85.15,92.43,83.89,91.08,74.4309,57005229,0.0
2021-01-15,89.12,96.315,88.57,92.09,75.2563,55446605,0.0
2021-01-22,93.5,95.56,89.83,91.73,74.9621,36516640,0.0
2021-01-29,90.62,92.91,84.92,85.2,69.6258,48551042,0.0
2021-02-05,85.99,90.47,84.57,89.26,72.9436,42120021,0.0
2021-02-12,90.29,92.73,89.81,92.55,75.6322,42623072,0.0
2021-02-19,93.05,96.72,92.61,95.8,79.3726,46267979,1.29
2021-02-26,96.99,104.96,96.46,100.0,82.8524,71348819,0.0
2021-03-05,102.46,109.13,101.4,109.0,90.3091,82675559,0.0
2021-03-12,109.86,112.7,107.88,111.56,92.4301,76353988,0.0
2021-03-19,111.53,111.905,102.74,103.38,85.6528,63095173,0.0
2021-03-26,103.06,107.54,100.69,107.48,89.0497,59275322,0.0
2021-04-01,106.4,107.53,104.21,105.75,87.6164,31297048,0.0
2021-04-09,105.73,105.83,102.07,102.92,85.2717,39963797,0.0
2021-04-16,103.67,105.33,101.29,102.96,85.3048,40190810,0.0
2021-04-23,103.27,103.83,100.14,101.55,84.1366,41779320,0.0
2021-04-30,101.27,107.65,101.26,103.07,85.3959,44727368,0.0
2021-05-07,103.98,110.6686,103.22,110.02,91.1542,49442773,0.0
2021-05-14,111.44,113.11,105.44,109.47,90.6985,56840227,0.0
2021-05-21,109.09,110.88,101.97,104.12,87.3546,60274547,1.34
2021-05-28,104.95,105.835,102.57,103.79,87.0777,42883820,0.0
2021-06-04,105.3,108.67,105.3,108.45,90.9873,34911072,0.0
2021-06-11,108.37,110.25,106.3,107.91,90.5343,48712835,0.0
2021-06-18,108.18,110.51,102.91,103.03,86.4401,65356065,0.0
2021-06-25,104.1,108.13,103.93,107.3,90.0225,48441191,0.0
2021-07-02,106.95,107.1,103.61,106.07,88.9906,44483407,0.0
2021-07-09,105.97,105.97,101.22,104.07,87.3126,35671295,0.0
2021-07-16,103.56,105.32,98.33,98.62,82.7402,47717959,0.0
2021-07-23,95.82,100.4698,94.52,98.86,82.9415,56243248,0.0
2021-07-30,99.46,104.05,98.94,101.81,85.4165,48042840,0.0
2021-08-06,102.08,103.98,100.1,101.95,85.534,42200604,0.0
2021-08-13,100.91,103.25,99.93,101.96,85.5424,40021709,0.0
2021-08-20,100.83,101.68,92.86,94.3,80.2121,60441526,1.34
2021-08-27,96.09,99.46,96.06,98.64,83.9037,46950940,0.0
2021-09-03,99.09,99.308,95.47,97.49,82.9255,55801980,0.0
2021-09-10,97.02,98.47,95.35,96.07,81.7177,41240369,0.0
2021-09-17,97.21,98.74,95.98,96.76,82.3046,65044354,0.0
2021-09-24,94.64,100.97,93.31,100.6,85.5709,58367529,0.0
2021-10-01,102.59,104.89,101.45,104.33,88.7437,64705417,0.0
2021-10-08,105.0,108.43,103.58,108.05,91.9079,56370381,0.0
2021-10-15,109.56,110.025,106.17,109.61,93.2349,45719885,0.0
2021-10-22,110.22,113.17,108.955,112.8,95.9483,49897977,0.0
2021-10-29,113.53,115.29,111.58,114.49,97.3858,48971269,0.0
2021-11-05,115.03,115.09,111.97,114.74,97.5985,48344679,0.0
2021-11-12,115.09,116.21,113.57,114.23,97.1647,44566920,0.0
2021-11-19,114.95,118.08,111.1,111.91,96.2964,54634163,1.34
2021-11-26,112.02,118.0,111.85,114.51,98.5337,40685492,0.0
2021-12-03,116.34,117.17,111.93,114.41,98.4476,70600598,0.0
2021-12-10,115.96,119.26,115.05,118.34,101.8293,47506804,0.0
2021-12-17,117.46,118.1899,113.53,113.6,97.7506,65961318,0.0
2021-12-23,111.86,117.92,110.73,116.41,100.1686,40594496,0.0
2021-12-31,116.07,119.3401,115.4101,117.35,100.9774,32920575,0.0
2022-01-07,117.42,125.54,117.29,125.03,107.5859,70104906,0.0
2022-01-14,125.15,129.2,123.86,128.96,110.9676,62413571,0.0
2022-01-21,129.69,130.86,126.229,126.91,109.2036,48874264,0.0
2022-01-28,124.45,137.0,122.84,130.61,112.3874,102255187,0.0
2022-02-04,130.19,137.0,129.3301,135.88,116.9222,65960643,0.0
2022-02-11,135.34,139.44,134.83,138.81,119.4434,63418853,0.0
2022-02-18,137.94,138.05,132.05,133.42,116.0196,59811555,1.42
2022-02-25,137.0,140.5,130.52,140.38,122.0719,85600163,0.0
2022-03-04,139.27,159.95,138.65,158.65,137.9592,138430044,0.0
2022-03-11,159.9,174.76,155.72,170.9,148.6115,198822859,0.0
2022-03-18,166.21,168.35,155.26,161.73,140.6375,114364195,0.0
2022-03-25,163.02,169.69,162.5804,169.31,147.2289,54042159,0.0
2022-04-01,165.9,166.63,160.5,164.22,142.8027,54191756,0.0
2022-04-08,165.0,171.095,163.0,169.93,147.768,46326765,0.0
2022-04-14,168.57,172.94,164.9101,171.59,149.2116,36486186,0.0
2022-04-22,173.0,174.54,160.86,160.95,139.9592,48790947,0.0
2022-04-29,155.73,163.0,151.36,156.67,136.2374,59673402,0.0
2022-05-06,156.31,170.97,155.15,170.69,148.4289,49749284,0.0
2022-05-13,167.75,168.79,157.87,167.87,145.9767,53018518,0.0
2022-05-20,169.0,175.65,162.83,167.82,147.1663,59805014,1.42
2022-05-27,169.43,178.35,169.11,178.28,156.339,51899789,0.0
2022-06-03,179.96,180.96,173.47,177.6,155.7426,45248868,0.0
2022-06-10,177.9,182.4,173.65,175.4,153.8134,44416939,0.0
2022-06-17,171.61,172.29,145.79,148.38,130.1188,90150500,0.0
2022-06-24,152.05,156.02,140.15,144.77,126.9531,54340165,0.0
2022-07-01,145.86,152.185,142.47,146.51,128.4789,45883094,0.0
2022-07-08,143.65,145.45,136.8,142.77,125.1992,44596826,0.0
2022-07-15,141.91,142.8455,132.54,137.65,120.7093,42328750,0.0
2022-07-22,140.56,147.26,139.08,144.19,126.4444,37566332,0.0
2022-07-29,145.7,164.66,144.18,163.78,143.6235,42264664,0.0
2022-08-05,161.18,161.86,149.02,153.64,134.7314,40507645,0.0
2022-08-12,153.59,161.16,152.93,159.85,140.1771,33092986,0.0
2022-08-19,155.18,159.74,153.44,157.69,139.5178,36246369,1.42
2022-08-26,156.69,166.13,154.42,163.41,144.5786,44786349,0.0
2022-09-02,163.89,166.83,153.2275,157.85,139.6594,46605457,0.0
2022-09-09,159.89,160.65,152.62,159.97,141.5351,35394924,0.0
2022-09-16,162.81,164.53,155.61,156.45,138.4207,83796354,0.0
2022-09-23,152.93,158.78,143.66,144.77,128.0867,42910124,0.0
2022-09-30,143.57,146.44,140.46,143.67,127.1135,45445071,0.0
2022-10-07,148.97,163.93,148.3,160.03,141.5881,49221499,0.0
2022-10-14,161.0,165.99,154.11,160.14,141.6855,35938443,0.0
2022-10-21,163.29,173.84,158.96,173.19,153.2316,38131158,0.0
2022-10-28,172.08,182.86,171.61,179.98,159.2391,41107090,0.0
2022-11-04,178.06,185.4,177.41,183.42,162.2827,44661364,0.0
2022-11-11,182.5,187.1,177.22,186.46,164.9724,37317815,0.0
2022-11-18,186.31,189.68,179.65,182.99,163.1511,39625450,1.42
2022-11-25,179.73,186.56,175.82,183.7,163.7841,26078488,0.0
2022-12-02,180.28,184.55,177.96,181.03,161.4036,39358908,0.0
2022-12-09,182.67,182.95,167.93,168.0,149.7862,42694414,0.0
2022-12-16,168.93,174.92,167.1,168.72,150.4282,55398510,0.0
2022-12-23,170.11,177.58,168.25,177.4,158.1671,30646030,0.0
2022-12-30,178.36,180.23,175.93,179.49,160.0305,18809496,0.0
2023-01-06,178.04,179.39,170.85,176.56,157.4182,28529361,0.0
2023-01-13,178.26,178.37,173.72,177.56,158.3098,36272947,0.0
2023-01-20,178.44,182.38,176.16,180.9,161.2877,35982001,0.0
2023-01-27,181.21,187.81,176.35,179.45,159.9949,55060332,0.0
2023-02-03,178.0,178.34,166.82,169.45,151.079,56351939,0.0
2023-02-10,169.56,174.39,167.37,171.97,153.3258,49426470,0.0
2023-02-17,171.32,173.51,161.85,162.85,146.4918,42748781,1.51
2023-02-24,162.18,163.7497,158.91,162.41,146.096,25241376,0.0
2023-03-03,163.01,165.58,160.28,164.96,148.3898,36301020,0.0
2023-03-10,164.34,166.8,158.67,159.67,143.6312,34132934,0.0
2023-03-17,156.44,164.02,149.91,152.34,137.0375,80218414,0.0
2023-03-24,151.74,160.06,151.29,156.06,140.3838,38991308,0.0
2023-03-31,157.4,163.72,155.69,163.16,146.7707,33545666,0.0
2023-04-06,169.8,171.14,167.13,167.65,150.8096,32670904,0.0
2023-04-14,168.49,172.88,167.31,172.44,155.1185,29338259,0.0
2023-04-21,172.39,172.54,168.02,169.12,152.132,33577262,0.0
2023-04-28,169.1,172.38,164.05,168.58,151.6462,35312289,0.0
2023-05-05,167.71,168.73,155.42,160.21,144.117,37641877,0.0
2023-05-12,161.57,162.3,153.89,156.62,140.8876,27774274,0.0
2023-05-19,157.23,158.1629,151.53,155.23,141.0063,33854026,1.51
2023-05-26,153.79,158.57,152.09,154.08,139.9617,43935030,0.0
2023-06-02,151.67,156.75,149.74,156.26,141.9419,39442474,0.0
2023-06-09,158.45,160.49,153.2,158.86,144.3037,36332996,0.0
2023-06-16,157.06,160.77,156.145,157.26,142.8503,53124576,0.0
2023-06-23,156.15,156.57,150.13,151.35,137.4818,40033632,0.0
2023-06-30,151.62,157.92,151.54,157.35,142.932,31707563,0.0
2023-07-07,157.18,158.1,151.63,154.22,140.0888,25401185,0.0
2023-07-14,153.93,160.6,153.3,153.58,139.5075,31902909,0.0
2023-07-21,153.35,158.83,152.37,158.69,144.1493,31431818,0.0
2023-07-28,160.47,164.04,156.51,158.87,144.3128,35562588,0.0
2023-08-04,161.13,163.9771,158.06,159.31,144.7125,44536294,0.0
2023-08-11,161.01,164.17,156.22,164.15,149.109,46239807,0.0
2023-08-18,163.77,164.25,158.16,160.9,147.5383,36126660,1.51
2023-08-25,161.2,162.07,156.7,159.12,145.9061,29141021,0.0
2023-09-01,159.53,164.69,159.1,164.3,150.6559,28962423,0.0
2023-09-08,165.28,168.489,165.2,167.21,153.3243,32313195,0.0
2023-09-15,168.08,168.59,162.87,166.5,152.6732,46698221,0.0
2023-09-22,167.8699,168.96,165.05,166.28,152.4715,32702624,0.0
2023-09-29,166.33,171.7,165.99,168.62,154.6172,34841407,0.0
2023-10-06,168.34,168.57,158.99,162.23,148.7578,40936387,0.0
2023-10-13,166.38,168.19,160.48,164.06,150.4359,42708728,0.0
2023-10-20,165.34,170.17,163.85,166.83,152.9758,33916165,0.0
2023-10-27,163.3,164.43,143.96,144.35,132.3626,79779443,0.0
2023-11-03,145.66,148.9999,143.82,147.61,135.3519,63197043,0.0
2023-11-10,148.73,149.3299,141.73,142.95,131.0789,60692799,0.0
2023-11-17,143.15,146.64,140.74,144.46,133.8744,55133350,1.51
2023-11-24,144.63,145.94,140.72,144.9,134.2821,25925418,0.0
2023-12-01,144.65,146.52,142.03,144.81,134.1987,64197013,0.0
2023-12-08,144.0,145.7,140.99,144.31,133.7354,64610599,0.0
2023-12-15,144.84,149.93,141.65,149.35,138.4061,76166104,0.0
2023-12-22,150.83,153.06,149.22,151.05,139.9815,43159652,0.0
2023-12-29,152.07,153.01,148.67,149.16,138.23,26286876,0.0
2024-01-05,149.985,154.35,148.68,150.4,139.3791,34755405,0.0
2024-01-12,148.42,149.95,144.11,147.27,136.4785,48312688,0.0
2024-01-19,146.515,146.58,139.62,142.24,131.8171,39927656,0.0
2024-01-26,141.91,149.26,140.92,149.14,138.2114,42949691,0.0
2024-02-02,149.09,153.38,146.52,152.24,141.0843,51803403,0.0
2024-02-09,151.62,155.32,150.7904,151.04,139.9722,39160084,0.0
2024-02-16,151.62,155.77,149.605,154.63,144.8114,36215649,1.63
2024-02-23,155.47,156.625,153.25,154.66,144.8395,29044581,0.0
2024-03-01,154.54,155.55,149.9,152.81,143.1069,45503905,0.0
2024-03-08,152.5,152.59,147.67,149.88,140.363,50448531,0.0
2024-03-15,150.5,157.04,149.59,155.55,145.673,51356581,0.0
2024-03-22,156.03,156.84,154.16,154.66,144.8395,37302408,0.0
2024-03-28,155.48,158.19,154.65,157.74,147.7239,28485180,0.0
2024-04-05,158.27,162.17,156.94,161.6,151.3388,39097079,0.0
2024-04-12,161.65,163.87,158.045,158.96,148.8664,39877387,0.0
2024-04-19,159.94,160.75,155.42,160.0,149.8404,32226478,0.0
2024-04-26,159.95,166.98,158.4403,165.89,155.3564,39426104,0.0
2024-05-03,165.91,167.11,157.04,160.25,150.0745,42800684,0.0
2024-05-10,160.73,166.42,160.73,165.82,155.2908,34180843,0.0
2024-05-17,166.48,166.91,160.17,162.67,153.8823,31282671,1.63
2024-05-24,162.72,163.0,156.33,157.75,149.2281,27153714,0.0
2024-05-31,158.12,162.58,156.44,162.3,153.5323,29543400,0.0
2024-06-07,161.49,161.68,153.39,156.08,147.6483,33531774,0.0
2024-06-14,156.41,158.2,151.97,152.57,144.3279,34547526,0.0
2024-06-21,152.5,157.665,151.93,155.28,146.8915,42892389,0.0
2024-06-28,156.27,159.54,155.635,156.42,147.97,39518210,0.0
2024-07-05,157.16,158.7,153.68,154.31,145.9739,22248169,0.0
2024-07-12,153.32,156.68,152.3,155.59,147.1848,30479890,0.0
2024-07-19,156.95,164.28,156.15,159.15,150.5525,32887376,0.0
2024-07-26,158.22,159.04,153.42,157.84,149.3133,28452398,0.0
2024-08-02,158.25,161.69,147.02,148.55,140.5251,46990612,0.0
2024-08-09,145.52,146.11,142.28,144.99,137.1574,46781876,0.0
2024-08-16,145.84,147.62,139.69,147.27,139.3143,35289854,0.0
2024-08-23,146.01,148.0937,144.55,147.62,141.1956,28301081,1.63
2024-08-30,148.97,150.09,145.44,147.95,141.5112,27376112,0.0
2024-09-06,145.55,145.77,137.87,138.56,132.5299,34962197,0.0
2024-09-13,138.635,142.02,135.3672,140.61,134.4907,40123020,0.0
2024-09-20,141.69,146.78,141.065,145.68,139.34,50793589,0.0
2024-09-27,146.25,149.1,140.63,145.49,139.1583,36958617,0.0
2024-10-04,145.37,152.5,144.28,150.74,144.1798,39537716,0.0
2024-10-11,151.5,152.75,147.36,151.42,144.8302,26234249,0.0
2024-10-18,150.52,151.9,147.56,150.75,144.1894,27024406,0.0
2024-10-25,152.0,152.48,149.2909,150.81,144.2468,27053413,0.0
2024-11-01,148.25,155.9303,147.66,153.07,146.4084,40819558,0.0
2024-11-08,154.42,158.61,152.55,156.93,150.1004,38412468,0.0
2024-11-15,157.14,162.38,154.53,161.42,154.395,41411560,0.0
2024-11-22,160.56,162.65,158.751,162.36,156.8687,32092626,1.63
2024-11-29,162.15,164.68,159.83,161.93,156.4532,30823766,0.0
2024-12-06,162.29,163.197,155.17,155.24,149.9895,36052442,0.0
2024-12-13,157.0,160.08,153.07,153.87,148.6658,45733075,0.0
2024-12-20,153.89,153.89,140.55,142.85,138.0186,82798570,0.0
2024-12-27,142.48,145.71,141.54,144.0,139.1297,21503846,0.0
